player,team,salary_current,salary_y2,salary_y3,salary_y4,salary_y5,contract_note
Stephen Curry,GSW,59606817,62587158,,,,
Nikola Jokic,DEN,55224526,59033114,62841702,,,Player Option 2027-28
Giannis Antetokounmpo,MIA,54126450,58456566,62786682,,,Player Option 2027-28
Anthony Davis,WAS,54126450,58456566,62786682,,,Player Option 2027-28
Jayson Tatum,BOS,54126450,58456566,62786682,67116798,71446914,Player Option 2029-30
Joel Embiid,PHI,55224526,57736350,62355258,66974166,,
Jaylen Brown,PHI,53142264,57078728,61015192,64951656,,
Karl-Anthony Towns,NYK,53142264,57078728,61015192,,,Player Option 2027-28
Devin Booker,PHO,53142264,57078728,61015192,69877500,75467700,
Jimmy Butler,GSW,54126450,56832773,,,,
Paul George,BOS,51666090,54126380,56586670,,,Player Option 2027-28
Luka Doncic,LAL,45999660,51033600,55116288,59198976,,Player Option 2028-29
Kawhi Leonard,TOR,50000000,50300000,,,,
Donovan Mitchell,CLE,46394100,50105628,60900000,65772000,70644000,
Cade Cunningham,DET,46394100,50105628,53817156,57528684,61240212,
Evan Mobley,CLE,46394100,50105628,53817156,57528684,61240212,
Jamal Murray,DEN,46394100,50105628,53817156,57528684,,
Trae Young,WAS,46394100,49488300,50478066,54437130,58396194,Player Option 2029-30
De'Aaron Fox,SAS,37096620,49488300,53447364,57406428,61365492,
Bam Adebayo,MIA,37096620,49488300,53447364,57406428,,Player Option 2028-29
Jaren Jackson Jr,UTA,35000000,49000000,50500000,52000000,53500000,Player Option 2029-30
Zach LaVine,SAC,47499660,48967380,,,,
Pascal Siakam,IND,45550512,48924624,52298736,,,
Tyrese Haliburton,IND,45550512,48924624,52298736,55672848,,
Anthony Edwards,MIN,45550512,48924624,52298736,55672848,,
Lauri Markkanen,UTA,46394100,46113154,49824681,53536209,,
Domantas Sabonis,SAC,42336000,45472000,48608000,,,
Kevin Durant,HOU,54708608,43902439,46097561,,,Player Option 2027-28
OG Anunoby,NYK,39568966,42500000,45431034,48362068,,Player Option 2028-29
Ja Morant,POR,39446090,42166510,44886930,,,
Darius Garland,LAC,39446090,42166510,44886930,,,
Zion Williamson,NOP,39446090,42166510,44886930,,,
Scottie Barnes,TOR,38661700,41754636,44847572,47940508,51033444,
Franz Wagner,ORL,38661700,41754636,44847572,47940508,51033444,
Austin Reaves,LAL,13937574,41250000,44550000,47850000,51150000,Player Option 2029-30
Chet Holmgren,OKC,13731368,41250000,44550000,47850000,51150000,
Paolo Banchero,ORL,15334769,41250000,44550000,47850000,51150000,
Jalen Williams,OKC,6580997,41250000,44550000,47850000,51150000,
Michael Porter,BKN,38333050,40806150,,,,
Shai Gilgeous-Alexander,OKC,38333050,40806150,63706720,68803258,73899795,
LaMelo Ball,MIN,37958760,40770520,43582280,46394040,,
Tyrese Maxey,PHI,37958760,40770520,43582280,46394040,,
Brandon Ingram,LAC,38095238,40000000,41904762,,,Player Option 2027-28
Kyrie Irving,DAL,36566002,39491282,42416562,,,Player Option 2027-28
Desmond Bane,ORL,36725670,39446090,42166510,44886930,,
Jalen Brunson,NYK,34944001,37739521,40535041,43330561,,Player Option 2028-29
Rudy Gobert,MIN,35000000,36500000,38000000,,,Player Option 2027-28
Jalen Green,PHO,33333333,36000000,36000000,,,Player Option 2027-28
Alperen Sengun,HOU,33944954,35642202,37339450,39036697,39036697,Player Option 2029-30
Jrue Holiday,POR,32400000,34800000,37200000,,,Player Option 2027-28
Jerami Grant,MEM,32000001,34206898,36413790,,,Player Option 2027-28
Jordan Poole,NOP,31848215,34044642,,,,
Mikal Bridges,NYK,24900000,33482145,36160714,38839285,41517856,Player Option 2029-30
Julius Randle,BKN,30864198,33333334,35802468,,,Player Option 2027-28
Tyler Herro,MIL,31000000,33000000,,,,
Dejounte Murray,NOP,30801103,32785071,30751504,,,Player Option 2027-28
Immanuel Quickley,TOR,32500000,32500000,32500000,32500000,,
Jalen Suggs,ORL,35000000,32400000,29600000,26800000,26700000,
Aaron Gordon,DEN,22841455,31978037,34536280,37094523,,Player Option 2028-29
Derrick White,BOS,28100000,30348000,32596000,34844000,,Player Option 2028-29
Andrew Wiggins,MIA,28223215,30169644,16510000,17320356,,Player Option 2028-29
Jalen Johnson,ATL,30000000,30000000,30000000,30000000,30000000,
RJ Barrett,TOR,27705357,29616071,,,,
Walker Kessler,LAL,4878938,29017857,31339286,33660714,35982143,Player Option 2029-30
Jarrett Allen,CLE,20000000,28000000,30240000,32480000,,
Devin Vassell,SAS,27500000,27500000,25108696,27500000,,
Trey Murphy,NOP,25000000,27000000,29000000,31000000,,
Coby White,CHA,12888889,26811593,24666667,22521740,,
Myles Turner,MIL,25318251,26584164,27850077,29115990,,Player Option 2028-29
Jaden McDaniels,MIN,24393104,25750001,28006898,29813790,,
Fred VanVleet,HOU,25000000,25000000,,,,
Dyson Daniels,ATL,7707709,25000000,25000000,25000000,25000000,
Josh Giddey,CHI,25000000,25000000,25000000,25000000,,
De'Andre Hunter,SAC,23303571,24910714,,,,
Keegan Murray,SAC,11144093,24137936,26068965,27999999,29931033,
Jabari Smith,HOU,12350392,23643411,21751940,23643411,25534883,
Nic Claxton,CHI,25541760,23320738,21099720,,,
Naz Reid,CHA,21551724,23275862,25000000,26724138,28448276,Player Option 2029-30
Isaiah Hartenstein,OKC,28500000,23148148,25000000,26851852,,Team Option 2028-29
Cameron Johnson,DEN,21057065,23062500,,,,
Miles Bridges,PHO,25000000,22826087,,,,
Damian Lillard,MIL,14104000,22516603,22516603,22516603,22516603,
Norman Powell,CHI,20482758,22500000,22500000,,,Team Option 2027-28
Kentavious Caldwell-Pope,MEM,21621500,21621500,,,,
Christian Braun,DEN,4921797,21551726,23275863,25000000,26724137,
CJ McCollum,ATL,30666666,21000000,,,,
Dillon Brooks,PHO,22124110,20992727,,,,
Josh Hart,NYK,19472240,20923760,22375280,,,Team Option 2027-28
Kyle Kuzma,MIL,22560605,20490152,,,,
Malik Monk,SAC,18797619,20190035,21582451,,,Player Option 2027-28
Shaedon Sharpe,POR,8399983,20089287,21696429,23303571,24910713,
Kristaps Porzingis,GSW,30731707,20000000,20000000,,,Player Option 2027-28
PJ Washington,DAL,14152174,19813044,21398088,22983132,24568176,
Ivica Zubac,IND,18102000,19550160,20998320,,,
Alex Caruso,OKC,18102100,19550160,20998320,22446480,,
Andrew Nembhard,IND,18102000,19550160,20998320,,,
Jakob Poeltl,TOR,19500000,19500000,27300000,29484000,27300000,
Bradley Beal,PHO,5354000,19383010,19383010,19383010,19383010,
Ayo Dosunmu,MIN,7518518,18672640,20608000,22400000,24192000,
Grayson Allen,CHA,16875000,18125000,19375000,,,Player Option 2027-28
Wendell Carter,ORL,10850000,18102000,19550160,20998320,,Team Option 2028-29
Toumani Camara,POR,2221677,18080358,19526786,20973214,22419642,
Patrick Williams,CHI,18000000,18000000,18000000,18000000,,Player Option 2028-29
Keldon Johnson,SAS,18000000,18000000,,,,
Klay Thompson,DAL,16666667,17460317,,,,
Daniel Gafford,DAL,14386320,17263584,18126763,18989942,,
Luguentz Dort,OKC,17222222,17222222,,,,
Santi Aldama,DAL,18485916,17007043,17007043,,,Team Option 2027-28
John Collins,DET,26580000,17000000,17000000,17000000,,
Victor Wembanyama,SAS,13376695,16868013,23615218,,,Qualifying Offer 2027-28
Max Strus,CLE,15936452,16660836,,,,
Nikola Jovic,MIA,4445417,16200000,14904000,15096000,16200000,
Onyeka Okongwu,ATL,15000000,16120000,16880000,,,
Duncan Robinson,DET,16834692,15992957,15151222,,,
Terance Mann,BKN,15500000,15500000,16000000,,,
Brandon Miller,CHA,11968400,15104121,21221290,,,Qualifying Offer 2027-28
Tobias Harris,SAS,26634146,15044000,15796200,,,
Mitchell Robinson,BOS,12954546,15044000,15796200,16548400,,Player Option 2028-29
Isaiah Stewart,MEM,15000000,15000000,15000000,,,Team Option 2027-28
Obi Toppin,IND,14000000,15000000,16025000,,,
Herbert Jones,NOP,13937574,14898786,20858300,22526964,24195628,Player Option 2029-30
Dennis Schroder,CLE,14104000,14809200,15514400,,,
Caris LeVert,DET,14104000,14809200,,,,
AJ Dybantsa,WAS,,14748000,15485760,16223040,20457253,Team Option 2028-29; Team Option 2029-30
Josh Green,MIN,13666667,14679012,,,,
Bobby Portis,MIA,13445754,14521414,15597074,,,Player Option 2027-28
Cooper Flagg,DAL,13825920,14517480,15208680,19178146,26849405,Team Option 2027-28; Team Option 2028-29; Qualifying Offer 2029-30
Nickeil Alexander-Walker,ATL,15161800,14403710,15161800,15919890,,Player Option 2028-29
Grant Williams,CHA,13645500,14265750,,,,
Rui Hachimura,LAC,18259259,14000000,14000000,,,Team Option 2027-28
Robert Williams,POR,13285713,14000000,14500000,15000000,,
Jock Landale,ATL,2461463,14000000,,,,
Corey Kispert,ATL,13975000,13975000,13050000,13050000,,Team Option 2028-29
Quentin Grimes,LAL,8741209,13953489,14651163,15348837,16046511,Player Option 2029-30
Zaccharie Risacher,ATL,13197720,13826040,17434636,24408490,,Team Option 2027-28; Qualifying Offer 2028-29
Tari Eason,HOU,5675766,13587680,14996000,16300000,17604000,
Scoot Henderson,POR,10747994,13585465,19182676,,,Qualifying Offer 2027-28
Dorian Finney-Smith,CHA,12700000,13335000,13335000,13335000,,Player Option 2028-29
Darryn Peterson,UTA,,13195320,13855320,14515320,18318334,Team Option 2028-29; Team Option 2029-30
Deni Avdija,POR,14375000,13125000,11875000,,,
Sandro Mamukelashvili,LAL,2461463,13000000,12350000,13000000,13650000,Player Option 2029-30
Steven Adams,HOU,14130434,13000000,11869566,,,
Dylan Harper,SAS,12370200,12989040,13607760,17172994,24128057,Team Option 2027-28; Team Option 2028-29; Qualifying Offer 2029-30
Donte DiVincenzo,MIN,11990000,12535000,,,,
Moses Moody,GSW,11574075,12500000,13425925,,,
Brandon Clarke,MEM,12500000,12500000,,,,
Jarred Vanderbilt,LAL,11571429,12428571,13285714,,,Player Option 2027-28
Davion Mitchell,MIA,11600000,12400000,,,,
Alex Sarr,WAS,11808240,12370680,15611798,21934576,,Team Option 2027-28; Qualifying Offer 2028-29
Amen Thompson,HOU,9690212,12258119,17394270,,,Qualifying Offer 2027-28
Cameron Boozer,MEM,,11849760,12441840,13034880,16476088,Team Option 2028-29; Team Option 2029-30
Isaac Okoro,CHI,11000000,11814814,,,,
Mark Williams,PHO,6276531,11728395,12666667,13604938,,
VJ Edgecombe,PHI,11108880,11663880,12219720,15445727,21809367,Team Option 2027-28; Team Option 2028-29; Qualifying Offer 2029-30
Jonathan Isaac,ORL,15000000,11524115,,,,
Isaiah Joe,DET,12362338,11323006,11323006,,,Team Option 2027-28
Ausar Thompson,DET,8775162,11118130,15854453,,,Team Option 2026-27; Qualifying Offer 2027-28
Reed Sheppard,HOU,10603560,11108880,14041624,19826773,,Team Option 2027-28; Qualifying Offer 2028-29
Jusuf Nurkic,UTA,19375000,11000000,11000000,,,
Aaron Nesmith,IND,11000000,11000000,19418000,20971440,,
TJ McConnell,IND,10200000,11000000,11800000,11800000,,Team Option 2028-29
Royce O'Neale,CHA,10125000,10875000,11625000,,,
Sam Hauser,BOS,10044644,10848215,11651785,12455356,,
Collin Gillespie,PHO,2378870,10714286,11571429,12428571,13285714,
Caleb Wilson,CHI,,10683720,11217960,11752320,14866685,Team Option 2028-29; Team Option 2029-30
Kon Knueppel,CHA,10015680,10516560,11017560,13937214,19776907,Team Option 2027-28; Team Option 2028-29; Qualifying Offer 2029-30
Derrick Jones,LAC,10000000,10476190,,,,
Luke Kornet,SAS,11000000,10450000,9900000,9350000,,Team Option 2028-29
Anthony Black,ORL,7970028,10105996,14491998,,,Qualifying Offer 2027-28
AJ Green,MIL,2301587,10044644,10848215,11651786,12455355,
Stephon Castle,SAS,9560520,10015920,12670139,17978927,,Team Option 2027-28; Qualifying Offer 2028-29
Caleb Martin,DAL,9594044,10001494,9731351,,,Player Option 2027-28
Day'Ron Sharpe,BKN,6250000,10000000,10000000,,,Team Option 2027-28
Jonas Valanciunas,DEN,10395000,10000000,,,,
DeMar DeRozan,SAC,24570000,10000000,,,,
Keaton Wagler,LAC,,9674760,10158240,10641960,13483363,Team Option 2028-29; Team Option 2029-30
Buddy Hield,ATL,9219512,9658536,10097560,,,Team Option 2027-28
Ace Bailey,UTA,9069840,9522960,9976560,12640302,18025071,Team Option 2027-28; Team Option 2028-29; Qualifying Offer 2029-30
Quinten Post,MEM,1955377,9500000,10000000,10500000,,
Collin Sexton,LAL,19175000,9500000,9500000,,,Player Option 2027-28
Moritz Wagner,BKN,5000000,9500000,9500000,,,Team Option 2027-28
Jalen Smith,CHI,9000000,9428571,,,,
Naji Marshall,DAL,9000000,9428571,,,,
Bilal Coulibaly,WAS,7275682,9240116,13315007,,,Qualifying Offer 2027-28
Ty Jerome,MEM,8781000,9220050,9659100,,,Player Option 2027-28
Brook Lopez,LAC,8750000,9187500,,,,
Sam Merrill,CLE,8482144,9160715,9839285,10517856,,
Ronald Holland II,DET,8657280,9069600,11491183,16386426,,Team Option 2026-27; Team Option 2027-28; Qualifying Offer 2028-29
Aaron Wiggins,ATL,9887850,9028038,8168226,8168226,,Team Option 2028-29
Dean Wade,PHI,6623456,9000000,9450000,9900000,10350000,
Keon Ellis,BKN,2301587,9000000,9000000,,,Team Option 2027-28
Mikel Brown Jr.,BKN,,8787000,9226440,9666000,12256488,Team Option 2028-29; Team Option 2029-30
Tre Johnson,WAS,8237640,8649600,9061680,11490211,16476963,Team Option 2027-28; Team Option 2028-29; Qualifying Offer 2029-30
Zach Collins,CHI,18080496,8500000,8500000,,,Team Option 2027-28
Jarace Walker,IND,6665406,8478396,12276717,,,Qualifying Offer 2027-28
Max Christie,DAL,7714286,8285714,8857143,,,Player Option 2027-28
Kevin Huerter,DET,17991071,8280000,9000000,9720000,,Team Option 2028-29
Tidjane Salaun,CHA,7863240,8237880,10445632,14979036,,Team Option 2027-28; Qualifying Offer 2028-29
Deandre Ayton,WAS,8104000,8104000,,,,
Kelly Oubre,IND,8382150,8050000,8450000,,,
Darius Acuff Jr.,SAC,,8021640,8422920,8823600,11205972,Team Option 2028-29; Team Option 2029-30
Harrison Barnes,SAS,19000000,8000000,,,,
Tre Mann,CHA,8000000,8000000,8000000,,,Team Option 2027-28
Tre Jones,CHI,8000000,8000000,8000000,,,Team Option 2027-28
Jeremiah Fears,NOP,7520040,7896240,8271960,10505389,15138266,Team Option 2027-28; Team Option 2028-29; Qualifying Offer 2029-30
Taylor Hendricks,MEM,6127080,7805900,11357175,,,Qualifying Offer 2027-28
Jaylin Williams,OKC,8450704,7774648,7774648,,,Team Option 2027-28
Payton Pritchard,BOS,7232143,7767857,8303571,,,
Goga Bitadze,ORL,8333333,7608696,,,,
Donovan Clingan,POR,7178400,7519920,9550298,13761979,,Team Option 2027-28; Qualifying Offer 2028-29
Zeke Nnaji,DEN,8177778,7466667,7466667,,,Player Option 2027-28
Cason Wallace,OKC,5820487,7421121,10849678,,,Qualifying Offer 2027-28
K. Flemings,ATL,,7348680,7716120,8083680,10282441,Team Option 2028-29; Team Option 2029-30
Dereck Lively,DAL,5253191,7238897,10684611,,,Qualifying Offer 2027-28
Egor Demin,BKN,6889200,7233720,7578240,9639522,13958028,Team Option 2027-28; Team Option 2028-29; Qualifying Offer 2029-30
Gradey Dick,LAC,4990379,7131251,10575645,,,Qualifying Offer 2027-28
Clint Capela,HOU,6700000,7035000,7370000,,,
Jordan Hawkins,NOP,4741216,7021740,10469414,,,Qualifying Offer 2027-28
Isaiah Jackson,LAC,7600000,7000000,6400000,,,
Rob Dillingham,CHI,6576120,6889320,8763215,12689135,,Team Option 2027-28; Qualifying Offer 2028-29
Al Horford,GSW,5685000,6822000,7163100,,,Player Option 2027-28
M. Johnson,DAL,,6754800,7093080,7430640,9466635,Team Option 2028-29; Team Option 2029-30
Collin Murray-Boyles,TOR,6332520,6649560,6966000,8874684,12912666,Team Option 2027-28; Team Option 2028-29; Qualifying Offer 2029-30
Keyonte George,UTA,4278754,6563608,9878230,,,Qualifying Offer 2027-28
Saddiq Bey,NOP,6229755,6557080,,,,
Brayden Burries,MIL,,6417360,6738000,7058520,8999613,Team Option 2028-29; Team Option 2029-30
Zach Edey,MEM,6045000,6332760,8067936,11738846,,Team Option 2027-28; Qualifying Offer 2028-29
Khaman Maluach,PHO,6016080,6316680,6617160,8436880,12334719,Team Option 2027-28; Team Option 2028-29; Qualifying Offer 2029-30
John Konchar,UTA,6165000,6165000,,,,
Yaxel Lendeborg,GSW,,6096240,6401280,6706200,8899127,Team Option 2028-29; Team Option 2029-30
Tim Hardaway Jr,MIA,3634153,6065000,,,,
Luke Kennard,PHO,11000000,6064156,6367364,,,
Marcus Smart,HOU,5134000,6064000,6367200,,,Player Option 2027-28
Cody Williams,UTA,5742480,6015600,7669890,11213379,,Team Option 2027-28; Qualifying Offer 2028-29
Cedric Coward,MEM,5715120,6001080,6286920,8342743,12255490,Team Option 2027-28; Team Option 2028-29; Qualifying Offer 2029-30
Josh Okogie,UTA,3080921,6000000,6000000,,,Team Option 2027-28
Jaden Hardy,LAL,6000000,6000000,6000000,,,Team Option 2027-28
Anfernee Simons,PHI,27678571,6000000,6300000,,,Player Option 2027-28
Jaxson Hayes,UTA,3449323,6000000,6000000,,,Team Option 2027-28
Jake LaRavia,LAL,6000000,6000000,,,,
D'Angelo Russell,WAS,5685000,5969250,,,,
Jaime Jaquez,MIL,3861600,5939141,9021541,,,Qualifying Offer 2027-28
Jordan Goodwin,PHO,2349578,5864198,6333333,6802469,,Player Option 2028-29
Aday Mara,OKC,,5791680,6081480,6371160,8779458,Team Option 2028-29; Team Option 2029-30
Matas Buzelis,CHI,5455560,5715360,7584283,11141311,,Team Option 2027-28; Qualifying Offer 2028-29
Noa Essengue,CHI,5429520,5701200,5972760,8230464,12148165,Team Option 2027-28; Team Option 2028-29; Qualifying Offer 2029-30
Kris Dunn,LAC,5426400,5684800,,,,Team Option 2026-27
Brandin Podziemski,GSW,3687960,5679458,8666111,,,Qualifying Offer 2027-28
Paul Reed,DET,5335894,5602689,,,,
Khris Middleton,WAS,35086419,5591122,5870678,6150234,,
Nate Ament,MIL,,5502000,5777280,6052200,8648594,Team Option 2028-29; Team Option 2029-30
Landry Shamet,NYK,3080921,5490967,5737500,6162500,6587500,Player Option 2029-30
De'Anthony Melton,GSW,3080921,5477000,5750850,,,Player Option 2027-28
Precious Achiuwa,SAC,2453285,5477000,5750850,,,
Cam Whitmore,WAS,3539976,5458643,8368099,,,Team Option 2026-27; Qualifying Offer 2027-28
Nikola Topic,OKC,5182920,5429760,7482209,11043740,,Team Option 2027-28; Qualifying Offer 2028-29
Derik Queen,NOP,5157960,5416080,5673840,8107918,12024043,Team Option 2027-28; Team Option 2028-29; Qualifying Offer 2029-30
Noah Clowney,BKN,3398406,5413661,8342451,,,Qualifying Offer 2027-28
Kevin Porter,MIL,5134000,5390700,,,,
Ousmane Dieng,MIL,6670882,5366667,5833333,6300000,,Team Option 2028-29
Kris Murray,MEM,3132000,5315004,8265502,,,Qualifying Offer 2027-28
Hannes Steinbach,CHA,,5227200,5488560,5750160,8515987,Team Option 2028-29; Team Option 2029-30
Marcus Sasser,DET,2886431,5198462,8156386,,,Team Option 2026-27; Qualifying Offer 2027-28
Devin Carter,ATL,4923720,5158080,7370896,10931038,,Team Option 2027-28; Qualifying Offer 2028-29
Carter Bryant,SAS,4900320,5145360,5390640,7983539,11903457,Team Option 2027-28; Team Option 2028-29; Qualifying Offer 2029-30
Ben Sheppard,IND,2790720,5031668,7930389,,,Qualifying Offer 2027-28
Kenrich Williams,OKC,7163000,5000000,,,,
Dailyn Swain,CHI,,4965480,5213760,5461920,8373123,Team Option 2028-29; Team Option 2029-30
Bub Carrington,WAS,4677600,4900560,7257729,10821273,,Team Option 2027-28; Qualifying Offer 2028-29
Thomas Sorber,OKC,4655040,4887720,5120400,7849573,11758661,Team Option 2027-28; Team Option 2028-29; Qualifying Offer 2029-30
Brice Sensabaugh,UTA,2693460,4861695,7730095,,,Qualifying Offer 2027-28
Julian Strawther,DEN,2674148,4826838,7722940,,,Qualifying Offer 2027-28
Bennett Stirtz,OKC,,4717320,4953240,5189400,7960540,Team Option 2028-29; Team Option 2029-30
Jordan Miller,LAC,1101910,4692000,5100000,5508000,,
Kel'el Ware,MIL,4443360,4654920,7135992,10689716,,Team Option 2027-28; Qualifying Offer 2028-29
Hansen Yang,POR,,4643520,4864920,7462788,11231496,Team Option 2027-28; Team Option 2028-29; Qualifying Offer 2029-30
Gui Santos,GSW,2221677,4629630,5000000,5370370,,Player Option 2028-29
Josh Minott,BKN,2378870,4500000,4500000,,,Team Option 2027-28
Ebuka Okorie,DET,,4481280,4705440,4929360,7571497,Team Option 2028-29; Team Option 2029-30
Jose Alvarado,NYK,4500000,4439656,4794828,5150000,,
Jared McCain,OKC,4221360,4422600,6784268,10210323,,Team Option 2027-28; Qualifying Offer 2028-29
Joan Beringer,MIN,4201080,4411200,4621200,7098163,10732423,Team Option 2027-28; Team Option 2028-29; Qualifying Offer 2029-30
C. Anderson,CHA,,4257480,4470000,4683120,7202639,Team Option 2028-29; Team Option 2029-30
Dalton Knecht,LAL,4010160,4201080,6452859,9756722,,Team Option 2027-28; Qualifying Offer 2028-29
Walter Clayton,MEM,3991320,4190520,4390320,6752312,10256762,Team Option 2027-28; Team Option 2028-29; Qualifying Offer 2029-30
Allen Graves,TOR,,4065720,4268880,4472640,6887866,Team Option 2028-29; Team Option 2029-30
Nolan Traore,BKN,3811560,4002000,4193040,6457282,9853813,Team Option 2027-28; Team Option 2028-29; Qualifying Offer 2029-30
Daniss Jenkins,DET,4169843,4000000,,,,
Ryan Rollins,MIL,4000000,4000000,4000000,,,Player Option 2027-28
Tristan da Silva,ORL,3809520,3991200,6138466,9324329,,Team Option 2027-28; Qualifying Offer 2028-29
Miles McBride,NYK,4333333,3956523,,,,
Javonte Green,DET,2874436,3943679,,,,
J. Quaintance,SAS,,3902760,4097880,4292880,6619621,Team Option 2028-29; Team Option 2029-30
Taurean Prince,MIL,3697105,3881960,,,,
Larry Nance Jr,IND,3634153,3876529,,,,
Kevon Looney,LAL,8000000,3876529,,,,
Trey Lyles,MIN,,3876529,,,,
Andre Drummond,NYK,5000000,3876529,,,,
Kyle Anderson,TOR,8300531,3876529,,,,
Tyus Jones,DEN,7000000,3876529,,,,
Bogdan Bogdanovic,HOU,16020000,3876529,,,,
DeAndre Jordan,NOP,3571495,3876529,,,,
Mike Conley,BOS,10774038,3876529,,,,
Nikola Vucevic,ORL,21481481,3876529,,,,
Svi Mykhailiuk,UTA,3675000,3850000,4025000,,,Team Option 2027-28
Kasparas Jakucionis,MIL,3658800,3841680,4024440,6205687,9513319,Team Option 2027-28; Team Option 2028-29; Qualifying Offer 2029-30
Gary Harris,MIL,3634153,3815861,,,,
Pat Connaughton,CHA,10739683,3815861,,,,
Ja'Kobe Walter,TOR,3638160,3811800,5870172,8957882,,Team Option 2027-28; Qualifying Offer 2028-29
Taj Gibson,MEM,960753,3800000,,,,Team Option 2026-27
Karim Lopez,MEM,,3746760,3934320,4121760,6565964,Team Option 2028-29; Team Option 2029-30
Cole Anthony,MEM,3700000,3700000,3700000,,,
Will Riley,WAS,3512520,3688320,3864000,6155352,9485398,Team Option 2027-28; Team Option 2028-29; Qualifying Offer 2029-30
Jaylon Tyson,CLE,3492480,3658560,5641500,8648419,,Team Option 2027-28; Qualifying Offer 2028-29
L. Philon,PHI,,3597120,3776760,3956760,6508870,Team Option 2028-29; Team Option 2029-30
Drake Powell,BKN,3372240,3540600,3709320,6101832,9445636,Team Option 2027-28; Team Option 2028-29; Qualifying Offer 2029-30
Thomas Bryant,CLE,3287409,3524115,,,,
Yves Missi,NOP,3353040,3512760,5595827,8623169,,Team Option 2027-28; Qualifying Offer 2028-29
Marvin Bagley,DEN,3080921,3506659,,,,
Jevon Carter,ORL,6809524,3506659,,,,
Zuby Ejiofor,ATL,,3453360,3626160,3798360,6445817,Team Option 2028-29; Team Option 2029-30
Dominick Barlow,PHI,3765668,3415000,,,,
Ariel Hukporti,PHI,1955377,3400000,,,,
Asa Newell,ATL,3237480,3399480,3560880,6042814,9396576,Team Option 2027-28; Team Option 2028-29; Qualifying Offer 2029-30
DaRon Holmes,DEN,3218760,3372120,5547137,8586968,,Team Option 2027-28; Qualifying Offer 2028-29
Cameron Carr,LAL,,3315360,3481080,3646800,6378253,Team Option 2028-29; Team Option 2029-30
Ron Harper Jr,BOS,657090,3308290,3465828,3779359,,Team Option 2028-29
Nique Clifford,SAC,3108120,3263400,3418800,5979481,9339950,Team Option 2027-28; Team Option 2028-29; Qualifying Offer 2029-30
AJ Johnson,MEM,3090480,3237120,5493393,8542226,,Team Option 2027-28; Qualifying Offer 2028-29
Sergio De Larrea,DAL,,3182280,3341280,3500880,6305085,Team Option 2028-29; Team Option 2029-30
Jase Richardson,ORL,2983320,3132360,3282000,5910882,9274174,Team Option 2027-28; Team Option 2028-29; Qualifying Offer 2029-30
Kyshawn George,WAS,2966760,3108000,5435892,8490863,,Team Option 2027-28; Qualifying Offer 2028-29
Nassir Little,PHO,3107143,3107143,3107143,3107143,3107143,
Tarris Reed Jr.,SAS,,3076920,3230520,3384480,6102217,Team Option 2028-29; Team Option 2029-30
Jaylen Clark,MIN,2191897,3066667,3333333,3600000,,
Ben Saraf,BKN,2884560,3028560,3172920,5720776,9015943,Team Option 2027-28; Team Option 2028-29; Qualifying Offer 2029-30
Haywood Highsmith,PHO,827984,3018158,,,,Team Option 2026-27
Tristan Vukcevic,WAS,3256068,3000000,3000000,,,Team Option 2027-28
Kyle Filipowski,UTA,3000000,3000000,3000000,,,Team Option 2027-28
Chris Cenac Jr.,BOS,,2988120,3137640,3287400,5930470,Team Option 2028-29; Team Option 2029-30
Pacome Dadiet,NYK,2847600,2983680,5373608,5620793,,Team Option 2026-27; Team Option 2027-28; Qualifying Offer 2028-29
Joshua Jefferson,BKN,,2969520,3118560,3266880,5896718,Team Option 2028-29; Team Option 2029-30
Alex Karaban,SAC,,2948280,3095640,3243120,5853832,Team Option 2028-29; Team Option 2029-30
Danny Wolf,BKN,2801280,2941440,3081840,5559640,8800911,Team Option 2027-28; Team Option 2028-29; Qualifying Offer 2029-30
Koa Peat,PHO,,2926800,3073080,3219840,5811811,Team Option 2028-29; Team Option 2029-30
Hugo Gonzalez,BOS,2783880,2923560,3062640,5528065,7739291,Team Option 2027-28; Team Option 2028-29; Qualifying Offer 2029-30
Liam McNeeley,CHA,2763960,2902080,3040320,5487778,8780445,Team Option 2027-28; Team Option 2028-29; Qualifying Offer 2029-30
Yanic Konan Niederhauser,LAC,2743800,2880960,3018480,5448356,8717370,Team Option 2027-28; Team Option 2028-29; Qualifying Offer 2029-30
Ajay Mitchell,OKC,3000000,2850000,2850000,,,Team Option 2027-28
Bones Hyland,MIN,2461463,2846555,,,,
Terrence Shannon Jr.,MIN,2674080,2801640,5054159,8000733,,Team Option 2027-28; Qualifying Offer 2028-29
Dalano Banton,BOS,169756,2801346,,,,
Micah Potter,IND,1527805,2801346,,,,
Jericho Sims,MIL,2461463,2801346,,,,
Luka Garza,BOS,2461463,2801346,,,,
Ryan Dunn,PHO,2657760,2784240,5025553,7990629,,Team Option 2027-28; Qualifying Offer 2028-29
Isaiah Collier,UTA,2638200,2763960,4988948,7982316,,Team Option 2027-28; Qualifying Offer 2028-29
Baylor Scheierman,BOS,2619000,2744040,4952992,7924787,,Team Option 2027-28; Qualifying Offer 2028-29
Vit Krejci,POR,2349578,2667944,3005085,,,Team Option 2027-28
Jay Huff,IND,2349578,2667944,3005085,,,Team Option 2027-28
Neemias Queta,BOS,2349578,2667944,12500000,13500000,14500000,
Justin Champagnie,WAS,2349578,2667944,3005085,,,Team Option 2026-27; Team Option 2027-28
Julian Champagnie,SAS,,15350000,15000000,14650000,,
Simone Fontecchio,MIA,8307692,2625627,,,,
Kobe Sanders,LAC,829383,2622139,2753246,2884353,3019000,Team Option 2029-30
Mohamed Diawara,NYK,1272870,2622139,2753246,2884353,3019474,Team Option 2029-30
Dalen Terry,PHI,298486,2584539,,,,
Jamaree Bouyea,PHO,878375,2584539,,,,
Dru Smith,MIA,2378870,2584539,2934742,,,
Bryce McGowens,NOP,1106635,2584539,2934742,,,Team Option 2027-28
Jamal Cain,ORL,813908,2584539,,,,
JD Davison,HOU,625726,2584539,,,,
Quenton Jackson,IND,1022998,2584539,2934742,,,Team Option 2027-28
Jabari Walker,PHI,1117089,2584539,,,,Team Option 2026-27
Olivier-Maxence Prosper,MEM,1002360,2497812,,,,
Sidy Cissoko,POR,1081951,2497812,,,,
Moussa Diabate,CHA,2270735,2461462,,,,
Scotty Pippen Jr,MEM,2270735,2461462,2789215,,,Team Option 2027-28
Daeqwon Plowden,SAC,636435,2449422,2664401,,,
Branden Carlson,POR,636435,2449421,,,,
Mouhamadou Gueye,MIN,47092,2411090,,,,
Sion James,CHA,2296274,2411090,2525901,2735698,,Team Option 2028-29
Ryan Kalkbrenner,CHA,2296274,2411090,2525901,2735698,,Team Option 2028-29
Justin Edwards,PHI,2048494,2411090,2616754,,,Team Option 2027-28
Cam Spencer,MEM,2537989,2411090,2616754,2830685,,Team Option 2028-29
Nae'qwan Tomlin,CLE,1084904,2411090,,,,Team Option 2026-27
Tolu Smith,DET,336782,2411090,,,,
Trayce Jackson-Davis,TOR,2221677,2406205,,,,
Leonard Miller,CHI,2221677,2406205,,,,
GG Jackson,MEM,2221677,2406205,,,,
Jordan Walsh,BOS,2221677,2406205,,,,
Craig Porter,CLE,2221677,2406205,,,,
Mouhamed Gueye,ATL,2221677,2406205,,,,
Jamison Battle,TOR,1955377,2296271,,,,
Karlo Matkovic,NOP,1955377,2296271,,,,
Adem Bona,PHI,1955377,2296271,2486995,,,Team Option 2027-28
Johnny Furphy,IND,1955377,2296271,2486995,,,Team Option 2027-28
Cam Christie,LAC,1955377,2296271,2486995,,,Team Option 2026-27; Team Option 2027-28
Jaylen Wells,MEM,1955377,2296271,2486995,,,Team Option 2027-28
Tyler Kolek,NYK,2191897,2296271,2486995,,,Team Option 2027-28
Oso Ighodaro,PHO,1955377,2296271,,,,
Jamal Shead,TOR,1955377,2296271,,,,
Bronny James,LAL,1955377,2296271,2486995,,,Team Option 2027-28
Pelle Larsson,MIA,1955377,2296271,,,,
JaVale McGee,DAL,2208856,2208856,2208856,,,
Alijah Martin,TOR,636435,2185116,2571895,,,
Will Richard,GSW,1272870,2150917,2525901,2735698,,Team Option 2028-29
Myron Gardner,MIA,784302,2150917,2525901,,,Team Option 2027-28
Adou Thiero,LAL,1272870,2150917,2525901,,,Team Option 2027-28
Rasheer Fleming,PHO,1272870,2150917,2525901,2735698,,Team Option 2028-29
Chaz Lanier,DET,1372870,2150917,2525901,2735698,,Team Option 2028-29
Micah Peavy,NOP,1272870,2150917,2525901,2735698,,Team Option 2028-29
Noah Penda,ORL,1272870,2150917,2525901,2735698,,Team Option 2028-29
Ryan Nembhard,DAL,743320,2150917,,,,
Maxime Raynaud,SAC,1272870,2150917,2525901,,,Team Option 2027-28
Dylan Cardwell,SAC,1218461,2150917,2525901,2735698,,Team Option 2028-29
Johni Broome,PHI,1272870,2150917,2525901,2735698,,Team Option 2028-29
Tyrese Proctor,CLE,1272870,2150917,2525901,2735698,,Team Option 2028-29
Bruce Thornton,HOU,,1357763,2294370,2694363,2918152,Team Option 2029-30
Duke Miles,PHI,,1357763,,,,
Meleek Thomas,CLE,,1357763,2294370,2694363,2918152,Team Option 2029-30
Henri Veesaar,ATL,,1357763,2294370,2694363,2918152,Team Option 2029-30
Ryan Conwell,MIA,,1357763,2294370,2694363,2918152,Team Option 2029-30
Emanuel Sharp,SAC,,1357763,2294370,2694363,2918152,Team Option 2029-30
EJ Liddell,PHO,706898,706898,,,,
Jahmai Mashack,MEM,476136,679042,,,,
Quadir Copeland,HOU,,678882,,,,Two-Way Contract 2026-27
Tamar Bates,UTA,636435,678882,716081,,,Two-Way Contract 2026-27; Two-Way Contract 2027-28
Hunter Dickinson,NOP,636435,678882,,,,Two-Way Contract 2026-27
Koby Brea,PHO,636435,678882,,,,Two-Way Contract 2026-27
Nick Martinelli,LAC,,678882,716081,,,Two-Way Contract 2026-27; Two-Way Contract 2027-28
Michael Ajayi,CHA,,678882,716081,,,Two-Way Contract 2026-27; Two-Way Contract 2027-28
Kylan Boswell,CHA,,678882,716081,,,Two-Way Contract 2026-27; Two-Way Contract 2027-28
Felix Okpara,WAS,,678882,,,,Two-Way Contract 2026-27
Trey Alexander,UTA,636435,678882,,,,Two-Way Contract 2026-27
Kam Jones,MIL,1272870,678882,,,,Two-Way Contract 2026-27
Jaylin Sellers,CHI,,678882,,,,Two-Way Contract 2026-27
Peter Suder,LAL,,678882,,,,Two-Way Contract 2026-27
AK Okereke,LAL,,678882,,,,Two-Way Contract 2026-27
Rayan Rupert,PHI,2221677,678882,,,,Two-Way Contract 2026-27
Caleb Love,PHI,636435,678882,,,,Two-Way Contract 2026-27
Otega Oweh,OKC,,678882,,,,Two-Way Contract 2026-27
Josh Dix,OKC,,678882,,,,Two-Way Contract 2026-27
J. Gillespie,SAS,,678882,,,,Two-Way Contract 2026-27
Maliq Brown,SAS,,678882,,,,Two-Way Contract 2026-27
Tobe Awaka,CHI,,678882,,,,Two-Way Contract 2026-27
Tobi Lawal,DAL,,678882,,,,Two-Way Contract 2026-27
Pat Spencer,PHO,1211689,678882,,,,Two-Way Contract 2026-27
Ugonna Onyenso,DET,,678882,716081,,,Two-Way Contract 2026-27; Two-Way Contract 2027-28
Tyler Bilodeau,BKN,,678882,,,,Two-Way Contract 2026-27
Adam Flagler,SAC,,678882,716081,,,Two-Way Contract 2026-27; Two-Way Contract 2027-28
Jonathan Mogbo,SAC,1955377,678882,716081,,,Two-Way Contract 2026-27; Two-Way Contract 2027-28
Jamir Watkins,WAS,1546981,678882,,,,Two-Way Contract 2026-27
Amari Williams,BOS,837589,678882,,,,Two-Way Contract 2026-27
Chaney Johnson,BKN,347451,678882,,,,Two-Way Contract 2026-27
Ernest Udeh Jr,CLE,,678882,,,,Two-Way Contract 2026-27
Izaiyah Nelson,ORL,,678882,716081,,,Two-Way Contract 2026-27; Two-Way Contract 2027-28
Chris Youngblood,POR,131903,678882,,,,Two-Way Contract 2026-27
Jayson Kent,POR,131903,678882,,,,Two-Way Contract 2026-27
Zyon Pullin,MIN,138337,678882,,,,Two-Way Contract 2026-27
Tyler Smith,DAL,141554,678882,,,,Two-Way Contract 2026-27
John Poulakidas,DAL,141554,678882,,,,Two-Way Contract 2026-27
Julian Reese,WAS,141554,678882,,,,Two-Way Contract 2026-27
Cormac Ryan,MIL,147988,678882,,,,Two-Way Contract 2026-27
Emanuel Miller,SAS,157640,678882,,,,Two-Way Contract 2026-27
Alex Morales,ORL,176943,678882,,,,Two-Way Contract 2026-27
KJ Simpson,DEN,170508,678882,,,,Two-Way Contract 2026-27
Sean Pedulla,LAC,170508,678882,,,,Two-Way Contract 2026-27
Riley Minix,CLE,189811,678882,,,,Two-Way Contract 2026-27
Blake Hinson,UTA,202680,678882,,,,Two-Way Contract 2026-27
Tristan Enaruna,CLE,241285,678882,,,,Two-Way Contract 2026-27
Tristen Newton,HOU,321714,678882,,,,Two-Way Contract 2026-27
RayJ Dennis,ATL,331365,678882,,,,Two-Way Contract 2026-27
PJ Hall,CHA,353885,678882,,,,Two-Way Contract 2026-27
Malevy Leons,GSW,405359,678882,,,,Two-Way Contract 2026-27
LJ Cryer,GSW,424662,678882,,,,Two-Way Contract 2026-27
Ethan Thompson,IND,431096,678882,,,,Two-Way Contract 2026-27
Isaac Jones,DET,2158057,678882,,,,Two-Way Contract 2026-27
Colin Castleton,ORL,636435,678882,,,,Two-Way Contract 2026-27
Enrique Freeman,MIN,636435,678882,,,,Two-Way Contract 2026-27
Taelon Peter,IND,636434,678882,,,,Two-Way Contract 2026-27
Rocco Zikarsky,MIN,636434,678882,,,,Two-Way Contract 2026-27
Isaiah Stevens,SAC,636435,678882,,,,Two-Way Contract 2026-27
Brooks Barnhizer,OKC,636435,678882,,,,Two-Way Contract 2026-27
Chucky Hepburn,TOR,636435,678882,,,,Two-Way Contract 2026-27
Vasilije Micic,MIL,666667,666667,666667,,,
Mamadi Diakite,MEM,464050,464050,,,,
Ricky Rubio,CLE,424672,424672,,,,
Didi Louzada,POR,268032,268032,268032,,,
Payton Sandfort,OKC,135120,90700,,,,
LeBron James,LAL,52627153,,,,,
James Harden,CLE,39182693,42317307,,,,Player Option 2026-27
Terry Rozier,MIA,26643031,,,,,
Draymond Green,GSW,25892857,27678571,,,,Player Option 2026-27
Jonathan Kuminga,ATL,22500000,24300000,,,,Team Option 2026-27
Kelly Olynyk,SAS,13445122,,,,,
Matisse Thybulle,POR,11550000,,,,,
Gabe Vincent,ATL,11500000,,,,,
Maxi Kleber,LAL,11000000,,,,,
Jordan Clarkson,UTA,10651561,,,,,
Jaden Ivey,CHI,10107163,,,,,
Lonzo Ball,UTA,10000000,,,,,
Bennedict Mathurin,LAC,9187573,12256222,,,,Qualifying Offer 2026-27
Georges Niang,MEM,8200000,,,,,
Jeremy Sochan,SAS,7096231,,,,,
Jalen Duren,DET,6483144,8966189,,,,Qualifying Offer 2026-27
Ochai Agbaji,BKN,6383525,8879483,,,,Qualifying Offer 2026-27
Ziaire Williams,BKN,6250000,6250000,,,,Team Option 2026-27
Cam Thomas,BKN,5993172,,,,,
Nicolas Batum,LAC,5601600,5881680,,,,Team Option 2026-27
Jett Howard,ORL,5529506,,,,,
Guerschon Yabusele,CHI,5500000,,,,,
Dario Saric,DET,5426400,,,,,
Nick Richards,CHI,5000000,,,,,
Malaki Branham,CHA,4962033,,,,,
Kobe Bufkin,BKN,4503668,,,,,
Yang Hansen,POR,4422360,4643520,4864920,7462788,,Team Option 2027-28; Team Option 2028-29
Peyton Watson,DEN,4356476,6534714,,,,Qualifying Offer 2026-27
Kevin Love,UTA,4150000,,,,,
Dwight Powell,DAL,4000000,,,,,
Gary Trent Jr,MIL,3697105,3881960,,,,Player Option 2026-27
Eric Gordon,MEM,3634153,,,,,
Mason Plumlee,OKC,3634153,,,,,
Chris Paul,TOR,3634153,,,,,
Russell Westbrook,SAC,3634153,,,,,
Bismack Biyombo,SAS,3634153,,,,,
Doug McDermott,SAC,3634153,,,,,
Kyle Lowry,PHI,3634153,,,,,
Spencer Dinwiddie,CHA,3634153,,,,,
Garrett Temple,TOR,3634153,,,,,
Joe Ingles,MIN,3634153,,,,,
Jeff Green,HOU,3634153,,,,,
Blake Wesley,WAS,3347458,,,,,
Dante Exum,WAS,3303774,,,,,
Gary Payton II,GSW,3303774,,,,,
Chris Boucher,UTA,3287409,,,,,
Dariq Whitehead,BKN,3262560,,,,,
Drew Eubanks,SAC,3080921,,,,,
Bruce Brown,DEN,3080921,,,,,
Aaron Holiday,HOU,3080921,,,,,
Amir Coffey,PHO,2874436,,,,,
Thanasis Antetokounmpo,MIL,2874436,,,,,
Jordan McLaughlin,SAS,2874436,,,,,
Seth Curry,GSW,2777830,,,,,
Dillon Jones,WAS,2753280,,,,,
Nick Smith,LAL,649632,2497812,,,,Team Option 2026-27
Anthony Gill,WAS,2667947,,,,,
Jae'Sean Tate,HOU,2667947,,,,,
Kobe Brown,IND,2654692,,,,,
Xavier Tillman,CHA,2546675,,,,,
Lindy Waters III,SAS,2461463,,,,,
Trendon Watford,PHI,2461463,2801346,,,,Team Option 2026-27
Vince Williams Jr.,UTA,2301587,,,,,
Chris Livingston,MIL,2296274,,,,,
Brandon Williams,DAL,2270735,,,,,
Hunter Tyson,BKN,2221677,,,,,
Julian Phillips,MIN,2221677,2406205,,,,Team Option 2026-27
Duop Reath,ATL,2221677,,,,,
Jalen Pickett,DEN,2221677,2406205,,,,Team Option 2026-27
Andre Jackson Jr,MIL,2221677,2406205,,,,Team Option 2026-27
Jalen Wilson,BKN,2221677,,,,,
Tyrese Martin,BKN,2191897,,,,,
Nigel Hayes,MIL,2048494,,,,,
N'Faly Dante,ATL,2048494,,,,,
Keaton Wallace,ATL,2048494,,,,,
Bobi Klintman,DET,1955377,,,,,
Keshad Johnson,MIA,1955377,,,,,
Tony Bradley,IND,1689353,,,,,
Nikola Djurisic,ATL,1272870,,,,,
Cameron Payne,PHI,1127841,,,,,
Caleb Houstan,ATL,1117089,,,,,
Pete Nance,MIL,1095439,2497812,2707612,,,Team Option 2027-28
Spencer Jones,DEN,1016457,,,,,
James Wiseman,IND,1000000,,,,,
John Tonje,BOS,847925,,,,,
Killian Hayes,SAC,751318,3018158,,,,Team Option 2026-27
Max Shulga,BOS,681847,2150917,,,,Team Option 2026-27
AJ Lawson,TOR,660121,,,,,
Jahmir Young,MIA,656323,2411090,,,,Team Option 2026-27
Javonte Cooke,POR,636435,,,,,
Alex Antetokounmpo,MIL,636435,,,,,
Sharife Cooper,WAS,636435,,,,,
Trey Jemison,NYK,636435,,,,,
Kevin McCullar,NYK,636435,,,,,
Johnny Juzang,MIN,636435,,,,,
Harrison Ingram,SAS,636435,,,,,
Isaiah Crawford,HOU,636435,,,,,
Antonio Reeves,CHA,636435,,,,,
Chris Manon,LAL,636435,,,,,
David Jones Garcia,SAS,636435,,,,,
Orlando Robinson,ORL,636435,,,,,
Curtis Jones,DEN,636435,,,,,
Javon Small,MEM,636435,,,,,
Isaiah Livers,PHO,636435,,,,,
Moussa Cisse,DAL,636435,,,,,
Tyson Etienne,BKN,636435,,,,,
Miles Kelly,DAL,636435,,,,,
Luke Travers,CLE,636435,,,,,
Vladislav Goldin,MIA,636435,,,,,
Lachlan Olbrich,CHI,636435,,,,,
Oscar Tshiebwe,UTA,636434,,,,,
Elijah Harkless,UTA,636434,,,,,
Jeremiah Robinson-Earl,IND,608292,,,,,
Wendell Moore,DET,495439,,,,,
Garrison Mathews,IND,462553,,,,,
Drew Timme,LAL,447182,,,,,
Stanley Umude,SAS,363537,,,,,
Mo Bamba,UTA,354128,,,,,
MarJon Beauchamp,PHI,347451,,,,,
TyTy Washington,LAC,344234,,,,,
Monte Morris,IND,321184,,,,,
Eli Ndiaye,ATL,318218,,,,,
Yuki Kawamura,CHI,312062,,,,,
Omer Yurtseven,GSW,282926,,,,,
Charles Bassey,BOS,282926,,,,,
Christian Koloko,ATL,279891,,,,,
DeJon Jarreau,MEM,263940,,,,,
Tosan Evbuomwan,CHA,212331,679042,,,,
Mark Sears,MIL,254154,,,,,
Trentyn Flowers,CHI,250937,,,,,
Richaun Holmes,WAS,250000,,,,,
Kennedy Chandler,UTA,235460,,,,,
CJ Huntley,PHO,225200,,,,,
Patrick Baldwin,LAC,222017,,,,,
Bez Mbeng,UTA,219459,2150917,,,,Team Option 2026-27
Mac McClung,CHI,215548,,,,,
Buddy Boeheim,OKC,212331,,,,,
Malachi Smith,BKN,212144,2150917,,,,Team Option 2026-27
Drew Peterson,CHA,209114,,,,,
Hunter Sallis,PHI,209114,,,,,
Markelle Fultz,TOR,188932,,,,,
Jacob Toppin,ATL,180160,,,,,
Nate Williams,GSW,176943,,,,,
Trevor Keels,MIA,173725,,,,,
Darius Brown,CLE,167291,,,,,
Norchad Omier,LAC,167291,,,,,
DaQuan Jeffries,SAC,165197,,,,,
Cody Martin,IND,165197,,,,,
Leaky Black,WAS,164074,679042,,,,
Alex Toohey,GSW,157640,,,,,
Skal Labissiere,WAS,153330,,,,,
Jules Bernard,MIN,151205,,,,,
Tyler Burton,MEM,146306,,,,,
Jahmyl Telfort,LAC,144771,,,,,
Jalen Slawson,IND,141554,,,,,
Kevon Harris,HOU,138337,,,,,
Alondes Williams,WAS,136717,,,,,
Jackson Rowe,GSW,135120,,,,,
Olivier Sarr,CLE,131903,,,,,
Trevon Scott,BKN,129503,,,,,
David Roddy,DEN,128686,,,,,
Josh Oduro,NOP,128686,,,,,
Keshon Gilbert,ATL,128686,,,,,
Adama Bal,MEM,117045,,,,,
Maxwell Lewis,BKN,100000,,,,,
Lucas Williamson,MEM,95099,,,,,
Steven Crowl,UTA,85300,,,,,
Yuri Collins,BKN,85300,,,,,
David Muoka,BKN,85300,,,,,
RJ Luis Jr,BOS,85300,,,,,
Colby Jones,DET,85300,,,,,
Lester Quinones,NOP,85300,,,,,
Seth Lundy,LAC,85300,,,,,
Jaylen Martin,WAS,85300,,,,,
Toby Okani,MEM,73153,,,,,
Andersson Garcia,UTA,73153,,,,,
Grant Nelson,BKN,73153,,,,,
Kadary Richmond,WAS,73153,,,,,
Lawson Lovering,MEM,73153,,,,,
Gabe McGlothan,IND,73153,,,,,
Jaden Springer,NOP,70732,,,,,
Tyreke Key,TOR,51207,,,,,
Malik Williams,ATL,43870,,,,,
Kyle Mangas,SAS,26322,,,,,
Hayden Gray,UTA,14631,2150917,,,,Team Option 2026-27
