athlete_id,display_name,dob
9,Ray Allen,1975-07-20
10,Malik Allen,1978-06-27
25,Metta World Peace,1979-11-13
45,Tony Battie,1976-02-11
49,Raja Bell,1976-09-19
61,Mike Bibby,1978-05-13
63,Chauncey Billups,1976-09-25
87,Earl Boykins,1976-06-02
91,Elton Brand,1979-03-11
110,Kobe Bryant,1978-08-23
125,Marcus Camby,1974-03-22
130,Brian Cardinal,1977-05-02
136,Vince Carter,1977-01-26
137,Anthony Carter,1975-06-16
165,Jamal Crawford,1980-03-20
181,Erick Dampier,1975-07-14
183,Antonio Daniels,1975-03-19
194,Baron Davis,1979-04-13
209,Keyon Dooling,1980-05-08
215,Tim Duncan,1976-04-25
234,Francisco Elson,1976-02-28
246,Derek Fisher,1974-08-09
250,Jeff Foster,1977-01-16
261,Kevin Garnett,1976-05-19
272,Manu Ginobili,1977-07-28
294,Richard Hamilton,1978-02-14
308,Al Harrington,1980-02-17
336,Grant Hill,1972-10-05
348,Eddie House,1978-05-14
351,Juwan Howard,1973-02-07
356,Larry Hughes,1979-01-23
362,Zydrunas Ilgauskas,1975-06-05
378,Stephen Jackson,1978-04-05
385,Antawn Jamison,1976-06-12
429,Jason Kidd,1973-03-23
434,Andrei Kirilenko,1981-02-18
469,Rashard Lewis,1979-08-08
497,Corey Maggette,1979-11-12
498,Jamaal Magloire,1978-05-21
510,Shawn Marion,1978-05-07
511,Sean Marks,1975-08-23
515,Kenyon Martin,1977-12-30
530,Antonio McDyess,1974-09-07
532,Tracy McGrady,1979-05-24
556,Brad Miller,1976-04-12
557,Andre Miller,1976-03-19
558,Mike Miller,1980-02-19
568,Nazr Mohammed,1977-09-05
575,Mikki Moore,1975-11-04
591,Eduardo Najera,1976-07-11
592,Steve Nash,1974-02-07
609,Dirk Nowitzki,1978-06-19
614,Shaquille O'Neal,1972-03-06
615,Jermaine O'Neal,1978-10-13
617,Lamar Odom,1979-11-06
635,Anthony Parker,1975-06-19
656,Morris Peterson,1977-08-26
662,Paul Pierce,1977-10-13
671,James Posey,1977-01-13
682,Joel Przybilla,1979-10-10
687,Theo Ratliff,1973-04-17
692,Michael Redd,1979-08-24
703,Quentin Richardson,1980-04-13
779,Brian Skinner,1976-05-19
788,Joe Smith,1975-07-26
802,Jerry Stackhouse,1974-11-05
808,DeShawn Stevenson,1981-04-03
813,Peja Stojakovic,1977-06-09
841,Jason Terry,1977-09-15
846,Kurt Thomas,1972-10-04
851,Etan Thomas,1978-04-01
862,Hedo Turkoglu,1979-03-19
866,Ime Udoka,1977-08-09
883,Rasheed Wallace,1974-09-17
885,Ben Wallace,1974-09-10
933,Jason Williams,1975-11-18
974,Gilbert Arenas,1982-01-06
976,Shane Battier,1978-09-09
981,Kwame Brown,1982-03-10
984,Tyson Chandler,1982-10-02
987,Jason Collins,1978-12-02
988,Jarron Collins,1978-12-02
990,Eddy Curry,1982-12-05
991,Samuel Dalembert,1981-05-10
992,DeSagana Diop,1982-01-30
996,Pau Gasol,1980-07-06
1000,Brendan Haywood,1979-11-27
1006,Richard Jefferson,1980-06-21
1007,Joe Johnson,1981-06-29
1013,Troy Murphy,1980-05-02
1014,Mehmet Okur,1979-05-26
1015,Tony Parker,1982-05-17
1016,Vladimir Radmanovic,1980-11-19
1017,Zach Randolph,1981-07-16
1018,Jason Richardson,1981-01-20
1021,Brian Scalabrine,1978-03-18
1022,Bobby Simmons,1980-06-02
1024,Jamaal Tinsley,1978-02-28
1026,Gerald Wallace,1982-07-23
1027,Earl Watson,1979-06-12
1031,Maurice Evans,1978-11-08
1034,Charlie Bell,1979-03-12
1051,Mike James,1975-06-23
1055,Carlos Arroyo,1979-07-30
1135,Chris Andersen,1978-07-07
1703,Carlos Boozer,1981-11-20
1705,Caron Butler,1980-03-13
1708,Mike Dunleavy,1980-09-15
1709,Melvin Ely,1978-05-02
1710,Dan Gadzuric,1978-02-02
1711,Drew Gooden,1981-09-24
1713,Nene ,1982-09-13
1717,Jared Jeffries,1981-11-25
1719,Nenad Krstic,1983-07-25
1721,Roger Mason Jr.,1980-09-10
1722,Yao Ming,1980-09-12
1724,Tayshaun Prince,1980-02-28
1726,John Salmons,1979-12-12
1727,Amar'e Stoudemire,1982-11-16
1731,Chris Wilcox,1982-09-03
1765,Matt Barnes,1980-03-09
1767,Rasual Butler,1979-05-23
1781,Luis Scola,1980-04-30
1784,Darius Songaila,1978-02-14
1821,Jannero Pargo,1979-10-22
1828,Reggie Evans,1980-05-18
1966,LeBron James,1984-12-30
1975,Carmelo Anthony,1984-05-29
1977,Chris Bosh,1984-03-24
1978,Nick Collison,1980-10-26
1979,T.J. Ford,1983-03-24
1981,Kirk Hinrich,1981-01-02
1982,Chris Kaman,1982-04-28
1985,Luke Ridnour,1981-02-13
1987,Dwyane Wade,1982-01-17
1994,Steve Blake,1980-02-26
1995,Keith Bogans,1980-05-12
1996,Matt Bonner,1980-04-05
1998,Brian Cook,1980-12-04
1999,Carlos Delfino,1982-08-29
2004,Willie Green,1981-07-28
2006,Josh Howard,1980-04-28
2008,Dahntay Jones,1980-12-27
2009,James Jones,1980-10-04
2010,Jason Kapono,1981-02-04
2011,Kyle Korver,1981-03-17
2015,Travis Outlaw,1984-09-18
2016,Zaza Pachulia,1984-02-10
2018,Kendrick Perkins,1984-11-10
2027,Luke Walton,1980-03-28
2165,Marcus Banks,1981-11-19
2166,Leandro Barbosa,1982-11-28
2167,Boris Diaw,1982-04-16
2171,Darko Milicic,1985-06-20
2172,Sasha Pavlovic,1983-11-15
2173,Mickael Pietrus,1982-02-07
2177,David West,1980-08-29
2178,Mo Williams,1982-12-19
2184,Udonis Haslem,1980-06-09
2188,Quinton Ross,1981-04-30
2197,Josh Powell,1983-01-25
2200,Marquis Daniels,1981-01-07
2211,Matt Carroll,1980-08-28
2212,Josh Davis,1980-08-10
2214,Ronald Dupree,1981-01-26
2367,Tony Allen,1982-01-11
2373,Josh Childress,1983-06-20
2377,Chris Duhon,1982-08-31
2381,Ben Gordon,1983-04-04
2382,Devin Harris,1983-02-27
2384,Dwight Howard,1985-12-08
2386,Andre Iguodala,1984-01-28
2387,Royal Ivey,1981-12-20
2389,Al Jefferson,1985-01-04
2393,Shaun Livingston,1985-09-11
2394,Kevin Martin,1983-02-01
2399,Emeka Okafor,1982-09-28
2411,Josh Smith,1985-12-05
2417,Sebastian Telfair,1985-06-09
2419,Anderson Varejao,1982-09-28
2421,Sasha Vujacic,1984-03-08
2422,Delonte West,1983-07-26
2423,Dorell Wright,1985-12-02
2426,Trevor Ariza,1985-06-30
2427,Andris Biedrins,1986-04-02
2429,Luol Deng,1985-04-16
2431,Andre Emmett,1982-08-27
2433,Kris Humphries,1985-02-06
2439,Jameer Nelson,1982-02-09
2444,JR Smith,1985-09-09
2448,Beno Udrih,1982-07-05
2450,Didier Ilunga-Mbenga,1980-12-30
2456,Andres Nocioni,1979-09-30
2477,Earl Barron,1981-08-14
2506,Damien Wilkins,1980-01-11
2745,Brandon Bass,1985-04-30
2746,Andray Blatche,1986-08-22
2747,Andrew Bogut,1984-11-28
2748,Andrew Bynum,1987-10-27
2750,Ike Diogu,1983-09-11
2751,Monta Ellis,1985-10-26
2753,Raymond Felton,1984-06-26
2754,Channing Frye,1983-05-17
2755,Francisco Garcia,1980-12-31
2756,Mickael Gelabale,1983-05-22
2757,Ryan Gomes,1982-09-01
2758,Marcin Gortat,1984-02-17
2759,Joey Graham,1982-06-11
2760,Danny Granger,1983-04-20
2761,Gerald Green,1986-01-26
2762,Orien Greene,1982-02-04
2763,Luther Head,1982-11-26
2767,Ersan Ilyasova,1987-05-15
2768,Jarrett Jack,1983-10-28
2769,Amir Johnson,1987-05-01
2770,Linas Kleiza,1985-01-03
2772,David Lee,1983-04-29
2774,Ian Mahinmi,1986-11-05
2775,Jason Maxiell,1983-02-18
2778,CJ Miles,1987-03-18
2779,Chris Paul,1985-05-06
2780,Johan Petro,1986-01-27
2782,Nate Robinson,1984-05-31
2789,Ronny Turiaf,1983-01-13
2792,Charlie Villanueva,1984-08-24
2793,Von Wafer,1985-07-21
2794,Hakim Warrick,1982-07-08
2795,Martell Webster,1986-12-04
2797,Marvin Williams,1986-06-19
2798,Deron Williams,1984-06-26
2799,Lou Williams,1986-10-27
2801,Antoine Wright,1984-02-06
2805,Fabricio Oberto,1975-03-21
2806,Jose Calderon,1981-09-28
2807,Ronnie Price,1983-06-21
2810,Shavlik Randolph,1983-11-24
2816,Will Bynum,1983-01-04
2821,Kelenna Azubuike,1983-12-16
2827,Will Conroy,1982-12-08
2832,Stephen Graham,1982-06-11
2834,Chuck Hayes,1983-06-11
2850,Jawad Williams,1983-02-19
2866,John Lucas III,1982-11-21
2873,James Singleton,1981-07-20
2982,Maurice Ager,1984-02-09
2983,LaMarcus Aldridge,1985-07-19
2984,Hilton Armstrong,1984-11-23
2986,Renaldo Balkman,1984-07-14
2987,Andrea Bargnani,1985-10-26
2991,Ronnie Brewer,1985-03-20
2992,Shannon Brown,1985-11-29
2995,Rodney Carney,1984-04-05
3002,Jordan Farmar,1986-11-30
3003,Randy Foye,1983-09-24
3004,Joel Freeland,1987-02-07
3005,Rudy Gay,1986-08-17
3006,Daniel Gibson,1986-02-27
3008,Ryan Hollins,1984-10-10
3010,Solomon Jones,1984-07-16
3012,Kyle Lowry,1986-03-25
3015,Paul Millsap,1985-02-10
3018,Steve Novak,1983-06-13
3023,Leon Powe,1984-01-22
3024,JJ Redick,1984-06-24
3025,Sergio Rodriguez,1986-06-12
3026,Rajon Rondo,1986-02-22
3027,Brandon Roy,1984-07-23
3028,Thabo Sefolosha,1984-05-02
3031,Craig Smith,1983-11-10
3032,Tyrus Thomas,1986-08-17
3033,P.J. Tucker,1985-05-05
3037,James White,1982-10-21
3038,Shawne Williams,1986-02-16
3040,Shelden Williams,1983-10-21
3041,Lou Amundson,1982-12-07
3046,Chris Quinn,1983-09-27
3053,Pops Mensah-Bonsu,1983-09-07
3055,J.J. Barea,1984-06-26
3081,Mike  Harris,1983-06-15
3105,Eugene Jeter,1983-12-02
3187,Arron Afflalo,1985-10-15
3188,Morris Almond,1985-02-02
3190,Marco Belinelli,1986-03-25
3191,Corey Brewer,1986-03-05
3192,Aaron Brooks,1985-01-14
3193,Derrick Byars,1984-04-25
3194,Wilson Chandler,1987-05-10
3195,Mike Conley,1987-10-11
3196,Daequan Cook,1987-04-28
3200,Glen Davis,1986-01-01
3201,Jared Dudley,1985-07-10
3202,Kevin Durant,1988-09-29
3204,Rudy Fernandez,1985-04-04
3205,Kyrylo Fesenko,1986-12-24
3206,Marc Gasol,1985-01-29
3207,Aaron Gray,1984-12-07
3209,Jeff Green,1986-08-28
3211,Spencer Hawes,1988-04-28
3213,Al Horford,1986-06-03
3214,Yi Jianlian,1987-10-27
3217,Carl Landry,1983-09-19
3219,Acie Law,1985-01-25
3220,Josh McRoberts,1987-02-28
3224,Joakim Noah,1985-02-25
3225,Greg Oden,1988-01-22
3231,Ramon Sessions,1986-04-11
3232,Jason Smith,1986-03-02
3233,Tiago Splitter,1985-01-01
3235,Rodney Stuckey,1986-04-21
3237,Al Thornton,1983-12-07
3239,Sean Williams,1986-09-13
3241,Julian Wright,1987-05-20
3242,Brandan Wright,1987-10-05
3243,Nick Young,1985-06-01
3244,Thaddeus Young,1988-06-21
3246,Dominic McGuire,1985-10-20
3247,Joel Anthony,1982-08-09
3249,Jamario Moon,1980-06-13
3252,Mustafa Shakur,1984-08-18
3256,Trey Johnson,1984-08-30
3276,Anthony Tolliver,1985-06-01
3277,C.J. Watson,1984-04-17
3278,Mario West,1984-06-19
3290,Darryl Watkins,1984-11-08
3402,Blake Ahearn,1984-05-27
3410,Alexis Ajinca,1988-05-06
3412,Ryan Anderson,1988-05-06
3413,Darrell Arthur,1988-03-25
3414,Omer Asik,1986-07-04
3415,D.J. Augustin,1987-11-10
3416,Nicolas Batum,1988-12-14
3417,Jerryd Bayless,1988-08-20
3418,Michael Beasley,1989-01-09
3419,Mario Chalmers,1986-05-19
3421,Joey Dorsey,1983-12-16
3422,Chris Douglas-Roberts,1987-01-08
3423,Goran Dragic,1986-05-06
3425,Semih Erden,1986-07-28
3426,Patrick Ewing Jr.,1984-05-20
3428,Danilo Gallinari,1988-08-08
3431,Eric Gordon,1988-12-25
3432,Donte Greene,1988-02-21
3436,Roy Hibbert,1986-12-11
3437,JJ Hickson,1988-09-04
3438,George Hill,1986-05-04
3439,Serge Ibaka,1989-09-18
3440,Darnell Jackson,1985-11-07
3442,DeAndre Jordan,1988-07-21
3443,Sasha Kaun,1985-05-08
3444,Kosta Koufos,1989-02-24
3445,Courtney Lee,1985-10-03
3447,Robin Lopez,1988-04-01
3448,Brook Lopez,1988-04-01
3449,Kevin Love,1988-09-07
3450,O.J. Mayo,1987-11-05
3451,Luc Mbah a Moute,1986-09-09
3452,JaVale McGee,1988-01-19
3453,Nikola Pekovic,1986-01-03
3455,Anthony Randolph,1989-07-15
3456,Derrick Rose,1988-10-04
3457,Brandon Rush,1985-07-07
3460,Marreese Speights,1987-08-04
3462,Jason Thompson,1986-07-21
3464,Henry Walker,1987-10-09
3466,Kyle Weaver,1986-02-18
3467,Sonny Weems,1986-07-08
3468,Russell Westbrook,1988-11-12
3469,D.J. White,1986-08-31
3472,Bobby Brown,1984-09-24
3474,Anthony Morrow,1985-09-27
3478,Hamed Haddadi,1985-05-19
3554,Omri Casspi,1988-06-22
3593,Bojan Bogdanovic,1989-04-18
3882,Alexey Shved,1988-12-16
3930,Cartier Martin,1984-11-20
3963,Rodrigue Beaubois,1988-02-24
3964,Patrick Beverley,1988-07-12
3965,DeJuan Blair,1989-04-22
3966,Jon Brockman,1987-03-20
3967,Derrick Brown,1987-09-08
3968,Chase Budinger,1988-05-22
3969,Nick Calathes,1989-02-07
3970,DeMarre Carroll,1986-07-27
3971,Earl Clark,1988-01-17
3972,Victor Claver,1988-08-30
3973,Darren Collison,1987-08-23
3974,Dante Cunningham,1987-04-22
3975,Stephen Curry,1988-03-14
3976,Austin Daye,1988-06-05
3977,Nando De Colo,1987-06-23
3978,DeMar DeRozan,1989-08-07
3979,Toney Douglas,1986-03-16
3981,Wayne Ellington,1987-11-29
3983,Tyreke Evans,1989-09-19
3984,Christian Eyenga,1989-06-22
3985,Jonny Flynn,1989-02-06
3986,Taj Gibson,1985-06-24
3988,Danny Green,1987-06-22
3989,Blake Griffin,1989-03-16
3991,Tyler Hansbrough,1985-11-03
3992,James Harden,1989-08-26
3993,Gerald Henderson,1987-12-09
3994,Jordan Hill,1987-07-27
3995,Jrue Holiday,1990-06-12
3996,Lester Hudson,1984-08-07
3997,Brandon Jennings,1989-09-23
3998,Jonas Jerebko,1987-03-02
3999,James Johnson,1987-02-20
4000,Ty Lawson,1987-11-03
4001,Eric Maynor,1987-06-11
4003,Jodie Meeks,1987-08-21
4004,Patty Mills,1988-08-11
4005,Byron Mullens,1989-02-14
4008,Jeff Ayres,1987-04-29
4010,A.J. Price,1986-10-07
4011,Ricky Rubio,1990-10-21
4012,DaJuan Summers,1988-01-24
4014,Jermaine Taylor,1986-12-08
4015,Jeff Teague,1988-06-10
4016,Hasheem Thabeet,1987-02-16
4017,Marcus Thornton,1987-06-05
4019,Terrence Williams,1987-06-28
4020,Sam Young,1985-06-01
4023,Garrett Temple,1986-05-08
4025,Dionte Christmas,1986-09-15
4032,Wesley Matthews,1986-10-14
4035,Garret Siler,1986-10-25
4158,Jerel McNeal,1987-06-01
4165,Jan Vesely,1990-04-24
4179,Larry Owens,1983-01-08
4182,Pablo Prigioni,1977-05-17
4192,Milos Teodosic,1987-03-19
4195,Kostas Papanikolaou,1990-07-31
4205,David Andersen,1980-06-23
4218,Gal Mekel,1988-03-04
4224,Sundiata Gaines,1986-04-18
4229,Reggie Williams,1986-09-14
4231,Othyus Jeffers,1985-08-15
4232,Alonzo Gee,1987-05-29
4235,Greg Stiemsma,1985-09-26
4237,John Wall,1990-09-06
4238,Eric Bledsoe,1989-12-09
4239,Evan Turner,1988-10-27
4240,Avery Bradley,1990-11-26
4241,Xavier Henry,1991-03-15
4242,James Anderson,1989-03-25
4243,Jordan Crawford,1988-10-23
4244,Lance Stephenson,1990-09-05
4246,Dominique Jones,1988-10-15
4247,Wesley Johnson,1987-07-11
4248,Al-Farouq Aminu,1990-09-21
4249,Gordon Hayward,1990-03-23
4250,Luke Babbitt,1989-06-20
4251,Paul George,1990-05-02
4252,Damion James,1987-10-07
4253,Quincy Pondexter,1988-03-10
4254,Craig Brackins,1987-10-09
4256,Devin Ebanks,1989-10-28
4257,Derrick Favors,1991-07-15
4258,DeMarcus Cousins,1990-08-13
4259,Ed Davis,1989-06-05
4260,Greg Monroe,1990-06-04
4261,Ekpe Udoh,1987-05-20
4262,Hassan Whiteside,1989-06-13
4263,Daniel Orton,1990-08-06
4264,Patrick Patterson,1989-03-14
4265,Larry Sanders,1988-11-21
4266,Jarvis Varnado,1988-03-01
4267,Cole Aldrich,1988-10-31
4268,Solomon Alabi,1988-03-21
4269,Nemanja Bjelica,1988-05-09
4270,Trevor Booker,1987-11-25
4272,Derrick Caracter,1988-05-04
4274,Landry Fields,1988-06-27
4276,Luke Harangody,1988-01-02
4277,Lazar Hayward,1986-11-26
4278,Darington Hobson,1987-09-29
4279,Armon Johnson,1989-02-23
4280,Jerome Adolphus Jordan,1986-09-29
4281,Gani Lawal,1988-11-07
4282,Hamady Ndiaye,1987-01-12
4283,Dexter Pittman,1988-03-02
4284,Tibor Pleiss,1989-11-02
4285,Andy Rautins,1986-11-02
4286,Ryan Reid,1986-10-30
4289,Kevin Seraphin,1989-12-07
4290,Pape Sy,1988-04-04
4291,Greivis Vasquez,1987-01-16
4292,Willie Warren,1989-10-22
4294,Elliot Williams,1989-06-20
4295,Jeremy Evans,1987-10-24
4296,Ben Uzoh,1988-03-18
4298,Timofey Mozgov,1986-07-16
4299,Jeremy Lin,1988-08-23
4300,Gary Neal,1984-10-03
4302,Sherron Collins,1987-03-18
4303,Donald Sloan,1988-01-15
4304,Samardo Samuels,1989-01-09
4305,Ish Smith,1988-07-05
4311,Shane Edwards,1987-05-31
4312,Gary Forbes,1985-02-25
4320,Jerome Dyson,1987-05-01
4321,Elijah Millsap,1987-08-12
4325,Marcus Cousin,1986-12-18
4327,Zabian Dowdell,1984-09-10
4329,Mickell Gladness,1986-07-26
4335,Jeff Adrien,1986-02-10
4341,Nicolo Melli,1991-01-26
4360,Manny Harris,1989-09-21
4376,Boban Marjanovic,1988-08-15
4385,Mirza Teletovic,1985-09-17
4400,Chris Johnson,1985-07-17
6156,Jeffery Taylor,1989-05-23
6424,Lavoy Allen,1989-02-04
6425,Keith Benson,1988-08-13
6426,Davis Bertans,1992-11-12
6427,Bismack Biyombo,1992-08-28
6428,MarShon Brooks,1989-01-26
6429,Alec Burks,1991-07-20
6430,Jimmy Butler,1989-09-14
6431,Norris Cole,1988-10-13
6433,Kenneth Faried,1989-11-19
6434,Jimmer Fredette,1989-02-25
6435,Andrew Goudelock,1988-12-07
6436,Jordan Hamilton,1990-10-06
6438,Justin Harper,1989-08-30
6439,Josh Harrellson,1989-02-12
6440,Tobias Harris,1992-07-15
6441,Tyler Honeycutt,1990-07-15
6442,Kyrie Irving,1992-03-23
6443,Reggie Jackson,1990-04-16
6444,Charles Jenkins,1989-02-28
6445,JaJuan Johnson,1989-02-08
6446,Cory Joseph,1991-08-20
6447,Enes Freedom,1992-05-20
6448,Brandon Knight,1991-12-02
6449,Malcolm Lee,1990-05-22
6450,Kawhi Leonard,1991-06-29
6451,Travis Leslie,1990-03-29
6452,Jon Leuer,1989-05-14
6453,DeAndre Liggins,1988-03-31
6454,Shelvin Mack,1990-04-22
6455,Vernon Macklin,1986-09-26
6459,Nikola Mirotic,1991-02-11
6460,E'Twaun Moore,1989-02-25
6461,Markieff Morris,1989-09-02
6462,Marcus Morris Sr.,1989-09-02
6463,Darius Morris,1991-01-03
6464,Donatas Motiejunas,1990-09-20
6466,Chandler Parsons,1988-10-25
6467,Josh Selby,1991-03-27
6468,Iman Shumpert,1990-06-26
6469,Kyle Singler,1988-05-04
6470,Chris Singleton,1989-11-21
6471,Nolan Smith,1988-07-25
6472,Isaiah Thomas,1989-02-07
6473,Trey Thompkins,1990-05-29
6474,Tristan Thompson,1991-03-13
6475,Klay Thompson,1990-02-08
6476,Jeremy Tyler,1991-06-21
6477,Jonas Valanciunas,1992-05-06
6478,Nikola Vucevic,1990-10-24
6479,Kemba Walker,1990-05-08
6480,Derrick Williams,1991-05-25
6481,Jordan Williams,1990-10-11
6483,Justin Dentmon,1985-09-05
6484,Carldell Johnson,1983-01-28
6485,Lance Thomas,1988-04-24
6490,Terrel Harris,1987-08-10
6497,Jeremy Pargo,1986-03-17
6499,Xavier Silas,1988-01-22
6501,Chris Wright,1988-09-30
6502,Luke Zeller,1987-04-07
6503,Dwight Buycks,1989-03-06
6507,Brad Wanamaker,1989-07-25
6511,Malcolm Thomas,1988-11-08
6518,Edwin Ubiles,1986-11-26
6523,Mychel Thompson,1988-06-01
6526,Walker Russell Jr.,1982-10-06
6527,Dennis Horner,1988-02-05
6528,Jerry Smith,1987-09-26
6530,Greg Smith,1991-01-08
6534,Ivan Johnson,1984-04-10
6541,Courtney Fortson,1988-05-23
6543,Julyan Stone,1988-12-07
6544,Cory Higgins,1989-06-14
6546,Gustavo Alfonso Ayon,1985-04-01
6555,Eric Dawson,1984-07-07
6558,Jeff Foote,1987-07-14
6569,Alan Anderson,1982-10-16
6574,D.J. Kennedy,1989-11-05
6576,Quincy Acy,1990-10-06
6577,Furkan Aldemir,1991-08-09
6578,Harrison Barnes,1992-05-30
6579,Will Barton,1991-01-06
6580,Bradley Beal,1993-06-28
6581,Jae Crowder,1990-07-06
6582,Jared Cunningham,1991-05-22
6583,Anthony Davis,1993-03-11
6585,Andre Drummond,1993-08-10
6586,Kim English,1988-09-24
6587,Festus Ezeli,1989-10-21
6588,Evan Fournier,1992-10-29
6589,Draymond Green,1990-03-04
6590,Justin Hamilton,1990-04-01
6591,Maurice Harkless,1993-05-11
6592,John Henson,1990-12-28
6593,Bernard James,1985-02-07
6594,John Jenkins,1991-03-06
6595,Orlando Johnson,1989-03-11
6596,Darius Johnson-Odom,1989-09-28
6597,Terrence Jones,1992-01-09
6598,Perry Jones,1991-09-24
6599,Kris Joseph,1988-12-17
6601,Michael Kidd-Gilchrist,1993-09-26
6602,Ognjen Kuzmic,1990-05-16
6603,Jeremy Lamb,1992-05-30
6604,Doron Lamb,1991-11-06
6605,Meyers Leonard,1992-02-27
6606,Damian Lillard,1990-07-15
6607,Kendall Marshall,1991-08-19
6608,Fab Melo,1990-06-20
6609,Khris Middleton,1991-08-12
6610,Darius Miller,1990-03-21
6611,Quincy Miller,1992-11-18
6612,Arnett Moultrie,1990-11-18
6613,Kevin Murphy,1990-03-06
6614,Andrew Nicholson,1989-12-08
6615,Kyle O'Quinn,1990-03-26
6616,Miles Plumlee,1988-09-01
6617,Austin Rivers,1992-08-01
6618,Thomas Robinson,1991-03-17
6619,Terrence Ross,1991-02-05
6620,Robert Sacre,1989-06-06
6621,Tomas Satoransky,1991-10-30
6622,Mike Scott,1988-07-16
6623,Tornike Shengelia,1991-10-05
6624,Jared Sullinger,1992-03-04
6625,Tyshawn Taylor,1990-04-12
6626,Marquis Teague,1993-02-28
6628,Dion Waiters,1991-12-10
6629,Royce White,1991-04-10
6630,Tony Wroten,1993-04-13
6631,Tyler Zeller,1990-01-17
6633,Robbie John Hummel,1989-03-08
6634,Hollis Thompson,1991-04-03
6635,Chris Copeland,1984-03-17
6636,Slava Kravtsov,1987-08-25
6637,Kent Bazemore,1989-07-01
6638,Maalik Wayns,1991-05-02
6639,Chris  Smith,1987-10-13
6641,Brian Roberts,1985-12-03
6644,Scott Machado,1990-06-08
6647,Henry Sims,1990-03-27
6656,Josh Emmanuel Akognon,1986-02-10
6657,Ben Hansbrough,1987-12-23
6663,Diante Garrett,1988-11-03
6666,Chris Wright,1989-11-04
2141179,Andre Ingram,1985-11-19
2198243,Aaron Jackson,1986-05-06
2202117,Arinze Onuaku,1987-07-13
2232456,Patrick Christopher,1988-06-03
2232862,Alex Stepheson,1987-08-07
2234666,Jonathan Gibson,1987-11-08
2282117,John Holland,1988-11-06
2282205,Malcolm Delaney,1989-03-11
2282622,Jacob Pullen,1989-11-10
2282734,Kalin Lucas,1989-05-24
2284046,Omari Johnson,1989-11-26
2284101,Justin Holiday,1989-04-05
2308999,Tim Ohlbrecht,1988-08-30
2309097,Damjan Rudez,1986-06-17
2325490,DeQuan Jones,1990-06-20
2325495,Larry Drew II,1990-03-05
2325499,C.J. Williams,1990-02-06
2325975,Chris Johnson,1990-04-29
2326015,Willie Reed,1990-05-16
2326257,Kevin Jones,1989-08-25
2326307,Seth Curry,1990-08-23
2326389,Chris Babb,1990-02-14
2326411,James Nunnally,1990-07-14
2326434,Casper Ware,1990-01-07
2327107,Toure' Murry,1989-11-08
2327449,Jorge Gutierrez,1988-12-27
2327465,Drew Gordon,1990-07-12
2327577,JaMychal Green,1990-06-21
2327832,Trey McKinney-Jones,1990-08-27
2328418,Scotty Hopson,1989-08-08
2333797,Jeff Withey,1990-03-07
2451037,Daniel Theis,1992-04-04
2488650,Andre Dawkins,1991-09-19
2488651,Ryan Kelly,1991-04-09
2488653,Mason Plumlee,1990-03-05
2488660,Glen Rice Jr.,1991-01-01
2488673,David Wear,1990-09-21
2488674,Travis Wear,1990-09-21
2488684,Erick Green,1991-05-09
2488689,Sean Kilpatrick,1990-01-06
2488701,Jerrelle Benimon,1991-08-01
2488706,Peyton Siva,1990-10-24
2488713,Jack Cooley,1991-04-12
2488721,Lamar Patterson,1991-08-12
2488749,James Southerland,1990-04-28
2488826,Rodney McGruder,1991-07-29
2488845,Cory Jefferson,1990-12-26
2488911,Brandon Paul,1991-04-30
2488938,Reggie Hearn,1991-08-14
2488945,Tim Frazier,1990-11-01
2488958,Solomon Hill,1991-03-18
2488977,Jamil Wilson,1990-11-21
2488999,CJ Wilcox,1990-12-30
2489010,Tony Mitchell,1989-08-07
2489021,Erik Jay Murphy,1990-10-26
2489530,Troy Daniels,1991-07-15
2489563,DJ Stephens,1990-12-19
2489660,Elias Harris,1989-07-06
2489663,Kelly Olynyk,1991-04-19
2489664,David Stockton,1991-07-24
2489693,Ryan Broekhoff,1990-08-23
2489716,Matthew Dellavedova,1990-09-08
2489785,Ian Clark,1991-03-07
2489897,Will Cherry,1991-02-08
2490089,Mike Muscala,1991-07-01
2490144,Brandon Davies,1991-07-25
2490149,CJ McCollum,1991-09-19
2490589,Isaiah Canaan,1991-05-21
2490620,Robert Covington,1990-12-14
2491063,Shayne Whittington,1991-03-27
2491079,Nate Wolters,1991-05-15
2527963,Victor Oladipo,1992-05-04
2527968,Devyn Marble,1992-09-21
2528096,Mike James,1990-08-18
2528210,Tim Hardaway Jr.,1992-03-16
2528244,Duje Dukan,1991-12-04
2528327,Kyle Collinsworth,1991-10-03
2528353,Tony Snell,1991-11-10
2528354,Cameron Bairstow,1990-12-07
2528355,Alex Kirk,1991-11-14
2528356,Jamaal Franklin,1992-07-21
2528374,J.J. O'Brien,1992-04-08
2528386,Joe Young,1992-06-27
2528393,Tarik Black,1991-11-22
2528426,Jordan Clarkson,1992-06-07
2528447,Ray McCallum,1991-06-12
2528473,Okaro White,1992-08-13
2528586,Walt Lemon Jr.,1992-07-26
2528588,Doug McDermott,1992-01-03
2528693,Torrey Craig,1990-12-19
2528779,Reggie Bullock,1991-03-16
2528787,Lorenzo Brown,1990-08-26
2528794,Joe Harris,1991-09-06
2528803,Jarell Eddie,1991-10-30
2530276,Tyler Johnson,1992-05-07
2530530,T.J. McConnell,1992-03-25
2530572,Langston Galloway,1991-12-09
2530596,Andre Roberson,1991-12-04
2530722,Phil Pressey,1991-02-17
2530750,Markel Brown,1992-01-29
2530780,Shabazz Napier,1991-07-14
2530923,Alfonzo McKinnie,1992-09-17
2531038,Russ Smith,1991-04-19
2531039,Vander Blue,1992-07-17
2531047,Jerian Grant,1992-10-09
2531054,Bryce Cotton,1992-08-10
2531097,Keith Appling,1992-02-13
2531100,Adreian Payne,1991-02-19
2531185,Carrick Felix,1990-08-17
2531210,Allen Crabbe,1992-04-09
2531352,Eric Moreland,1991-12-24
2531362,Anthony Brown,1992-10-10
2531364,Josh Huestis,1991-12-19
2531367,Dwight Powell,1991-07-20
2531797,Jordan McRae,1991-03-28
2534781,Gorgui Dieng,1990-01-18
2560823,Zoran Dragic,1989-06-22
2566741,KJ McDaniels,1993-02-09
2566745,Quinn Cook,1993-03-23
2566747,Michael Gbinije,1992-06-05
2566748,Marshall Plumlee,1992-07-14
2566769,Malcolm Brogdon,1992-12-11
2578185,Dorian Finney-Smith,1993-05-04
2578204,Pierre Deshawn Jackson,1991-08-29
2578213,Ben McLemore,1993-02-11
2578239,Pat Connaughton,1993-01-06
2578240,Khem Birch,1992-09-28
2578259,Darrun Hilliard,1993-04-13
2579251,Myke Henry,1992-12-23
2579258,Cody Zeller,1992-10-05
2579260,Trey Burke,1992-11-12
2579279,Jordan Sibert,1992-08-01
2579293,Jarrod Uthoff,1993-05-19
2579294,Frank Kaminsky,1993-04-04
2579321,James Ennis III,1990-07-01
2579326,Alan Williams,1993-01-28
2579466,Jonathon Simmons,1989-09-14
2579476,Jalen Jones,1993-05-27
2579492,Julian Washburn,1991-12-18
2580349,Ron Baker,1993-03-30
2580365,Larry Nance Jr.,1993-01-01
2580589,Nick Johnson,1992-12-22
2580782,Spencer Dinwiddie,1993-04-06
2580784,Jabari Brown,1992-12-18
2580898,Chasson Randle,1993-02-05
2580913,Dewayne Dedmon,1989-08-12
2580980,Malcolm Miller,1993-03-06
2581018,Kentavious Caldwell-Pope,1993-02-18
2581029,Kyle Wiltjer,1992-10-20
2581084,Johnny O'Bryant III,1993-06-01
2581177,Rodney Hood,1992-10-20
2581180,Shawn Long,1993-01-29
2581184,Anthony Gill,1992-10-17
2581190,Josh Richardson,1993-09-15
2583632,Royce O'Neale,1993-06-05
2583639,Elfrid Payton,1994-02-22
2583664,Tony Mitchell,1992-04-07
2583962,Kevin Pangos,1993-01-26
2585616,Pero Antic,1982-07-29
2585629,Luigi Datome,1987-11-27
2585637,Dairis Bertans,1989-09-09
2594816,P.J. Hairston,1992-12-24
2594818,James Michael McAdoo,1993-01-04
2594885,Sheldon Mac,1992-12-21
2594920,Greg Whittington,1993-02-07
2594922,Otto Porter Jr.,1993-06-03
2595209,Damion Lee,1992-10-21
2595211,Branden Dawson,1993-02-01
2595229,Briante Weber,1992-12-29
2595231,Treveon Graham,1993-10-28
2595274,Adonis Thomas,1993-03-25
2595435,Abdel Nader,1993-09-25
2595516,Norman Powell,1993-05-25
2595592,Jordan Loyd,1993-07-27
2596107,Alex Len,1993-06-16
2596108,Michael Carter-Williams,1991-10-10
2596110,Rakeem Christmas,1991-12-01
2596112,Javonte Green,1993-07-23
2596158,Shane Larkin,1992-10-02
2596247,Keifer Sykes,1993-12-30
2596402,Sim Bhullar,1992-12-02
2608891,JaKarr Sampson,1993-03-20
2608892,Norvel Pelle,1993-02-03
2614962,Jarnell Stokes,1994-01-07
2959736,Nemanja Nedovic,1991-06-16
2959745,Sergey Karasev,1993-10-26
2959753,Joffrey Lauvergne,1991-09-30
2960236,Maxi Kleber,1992-01-29
2968334,Facundo Campazzo,1991-03-23
2968338,Nicolas Laprovittola,1990-01-31
2968361,Raul Neto,1992-05-19
2968363,Marcelinho Huertas,1983-05-25
2968436,Joe Ingles,1987-10-02
2968439,Aron Baynes,1986-12-09
2968458,Salah Mejri,1986-06-15
2982185,Jameel Warney,1994-01-31
2982240,Jaron Blossomgame,1993-09-16
2982249,Amile Jefferson,1993-05-07
2982261,Marcus Georges-Hunt,1994-03-28
2982268,Jake Layman,1994-03-07
2982329,Marcus Paige,1993-09-11
2982330,Brice Johnson,1994-06-27
2982332,Rodney Purvis,1994-02-14
2982334,T.J. Warren,1993-09-05
2982337,Mike Tobey,1994-10-10
2982340,Justin Anderson,1993-11-19
2982349,Tyler Cavanaugh,1994-02-09
2982506,Patricio Garino,1993-05-17
2983512,Xavier Munford,1992-06-01
2983526,Semaj Christon,1992-11-01
2983551,Joel Bolomboy,1994-01-28
2983727,RJ Hunter,1993-10-24
2988387,Charles Cooke,1994-07-01
2990962,Taurean Prince,1994-03-22
2990968,Naz Mitrou-Long,1993-08-03
2990969,Georges Niang,1993-06-17
2990972,Andrew White III,1993-06-16
2990984,Buddy Hield,1992-12-17
2990992,Marcus Smart,1994-03-06
2991009,Grant Jerrett,1993-07-08
2991011,Gabe York,1993-08-02
2991018,Yogi Ferrell,1993-05-09
2991039,Glenn Robinson III,1994-01-08
2991041,Mitch McGary,1992-06-06
2991042,Nik Stauskas,1993-10-07
2991043,Caris LeVert,1994-08-25
2991047,Ryan Arcidiacono,1994-03-26
2991050,Daniel Ochefu,1993-12-15
2991054,Mangok Mathiang,1992-10-08
2991055,Montrezl Harrell,1994-01-26
2991070,Jerami Grant,1994-03-12
2991134,Coty Clarke,1992-07-04
2991139,Kris Dunn,1994-03-18
2991143,Ricky Ledo,1992-09-10
2991149,Damyean Dotson,1994-05-06
2991155,Danuel House Jr.,1993-06-07
2991178,AJ Hammons,1992-08-27
2991184,Sam Dekker,1994-05-08
2991227,Cleanthony Early,1991-04-17
2991230,Fred VanVleet,1994-02-25
2991235,Steven Adams,1993-07-20
2991255,Michael Frazier II,1994-03-08
2991274,Shaquille Harrison,1993-10-06
2991280,Nerlens Noel,1994-04-10
2991281,Archie Goodwin,1994-08-17
2991282,Willie Cauley-Stein,1993-08-18
2991283,Alex Poythress,1993-09-06
2991295,Matt Williams Jr.,1993-10-14
2991312,Craig Sword,1994-01-16
2991350,Alex Caruso,1994-02-28
2991473,Anthony Bennett,1993-03-14
2991475,Bryce Dejean-Jones,1992-08-21
2992257,Tahjere McCall,1994-08-17
2992564,Milton Doyle,1993-10-31
2993370,Richaun Holmes,1993-10-15
2993873,Jordan Adams,1994-07-08
2993874,Kyle Anderson,1993-09-20
2993875,Shabazz Muhammad,1992-11-13
2994165,Erik McCree,1993-12-20
2994526,Bryn Forbes,1993-07-23
2995079,Jacob Wiley,1994-09-04
2995105,Stanton Kidd,1992-03-18
2995702,Alex Abrines,1993-08-01
2995706,Mario Hezonja,1995-02-25
2999409,Willy Hernangomez,1994-05-27
2999546,Matt Costello,1993-08-05
2999547,Gary Harris,1994-09-14
2999549,Denzel Valentine,1993-11-16
3001308,Josh Gray,1993-09-09
3001309,Dusty Hannahs,1993-09-02
3002137,Tyrone Wallace,1994-06-10
3032976,Rudy Gobert,1992-06-26
3032977,Giannis Antetokounmpo,1994-12-06
3032978,Dario Saric,1994-04-08
3032979,Dennis Schroder,1993-09-15
3032980,Lucas Nogueira,1992-07-26
3033031,Edy Tavares,1992-03-22
3037789,Bogdan Bogdanovic,1992-08-18
3037805,Axel Toupane,1992-07-23
3046453,Vitor Faverani,1988-05-05
3047256,Miroslav Raduljica,1988-01-05
3056245,Malcolm Hill,1995-10-26
3056247,Kendrick Nunn,1995-08-03
3056273,Derrick Walton Jr.,1995-04-03
3056600,Jabari Parker,1995-03-15
3056602,Semi Ojeleye,1994-12-05
3057187,Sterling Brown,1995-02-10
3057189,Ben Moore,1995-05-13
3057198,Brandon Goodwin,1995-10-02
3057240,Cameron Reynolds,1995-02-07
3057304,Vince Shamar Hunter,1994-08-05
3058030,Paul Watson,1994-12-30
3058254,Christian Wood,1995-09-27
3058269,Joe Chealey,1995-11-01
3059247,Xavier Rathan-Mayes,1994-04-29
3059262,Davon Reed,1995-06-11
3059266,Cat Barber,1994-07-25
3059273,Demetrius Jackson,1994-09-07
3059276,Jamel Artis,1993-01-12
3059280,BJ Johnson,1995-12-21
3059281,Tyler Ennis,1994-08-24
3059285,Devon Hall,1995-07-07
3059286,London Perrantes,1994-10-03
3059306,Johnathan Motley,1995-05-04
3059307,Ish Wainright,1994-09-12
3059310,Monte Morris,1995-06-27
3059311,Matt Thomas,1994-08-04
3059315,Frank Mason III,1994-04-03
3059316,Wayne Selden,1994-09-30
3059318,Joel Embiid,1994-03-16
3059319,Andrew Wiggins,1995-02-23
3059336,Isaiah Taylor,1994-07-11
3059356,Billy Garrett Jr.,1994-10-16
3059358,Deonte Burton,1994-01-31
3059409,Nigel Hayes,1994-12-06
3059430,Zach Lofton,1992-11-18
3062667,DeAndre' Bembry,1994-07-04
3062679,Josh Hart,1995-03-06
3062744,David Nwaba,1993-01-14
3062842,Paris Bass,1995-08-29
3062892,Kay Felder,1995-03-29
3062897,Alec Peters,1995-04-13
3063982,Maurice Ndour,1992-06-18
3064230,Cameron Payne,1994-08-08
3064237,Antonius Cleveland,1994-02-02
3064290,Aaron Gordon,1995-09-16
3064291,Rondae Hollis-Jefferson,1995-01-03
3064308,Jabari Bird,1994-07-03
3064320,George King,1994-01-15
3064427,Jordan Bell,1995-01-07
3064440,Zach LaVine,1995-03-10
3064447,Delon Wright,1992-04-26
3064457,Nigel Williams-Goss,1994-09-16
3064482,Bobby Portis,1995-02-10
3064509,James Young,1995-08-16
3064510,Aaron Harrison,1994-10-28
3064511,Andrew Harrison,1994-10-28
3064514,Julius Randle,1994-11-29
3064516,Dakari Johnson,1995-09-22
3064517,Jarell Martin,1994-05-24
3064520,Jordan Mickey,1994-07-09
3064528,Johnathan Williams,1995-05-22
3064539,Sindarius Thornwell,1994-11-24
3064559,Damian Jones,1995-06-30
3064560,Luke Kornet,1995-07-15
3065284,Eric Mika,1995-01-05
3074213,Omer Yurtseven,1998-06-19
3074743,Troy Caupain,1995-11-29
3074748,Amida Brimah,1994-02-11
3074752,Terry Rozier,1994-03-17
3074765,Isaiah Hicks,1994-07-27
3074797,Wes Iwundu,1994-12-20
3078284,Noah Vonleh,1995-08-24
3078286,Troy Williams,1994-12-30
3078576,Derrick White,1994-07-02
3079021,James Webb III,1993-08-19
3102528,Dante Exum,1995-07-13
3102529,Clint Capela,1994-05-18
3102530,Jusuf Nurkic,1994-08-23
3102531,Kristaps Porzingis,1995-08-02
3102532,Vasilije Micic,1994-01-13
3102533,Thanasis Antetokounmpo,1992-07-18
3102534,Damien Inglis,1995-05-20
3112335,Nikola Jokic,1995-02-19
3113297,Bruno Caboclo,1995-09-21
3113587,Cristiano Felicio,1992-07-07
3129674,Donte Grantham,1995-03-19
3129932,Xavier Cooks,1995-08-19
3132042,Gary Clark,1994-11-16
3133596,Kelan Martin,1995-08-03
3133600,Cliff Alexander,1995-11-16
3133601,Devonte' Graham,1995-02-22
3133602,Svi Mykhailiuk,1997-06-10
3133603,Kelly Oubre Jr.,1995-12-09
3133626,Kenrich Williams,1994-12-02
3133628,Myles Turner,1996-03-24
3133635,Jevon Carter,1995-09-14
3133637,Jaysean Paige,1994-07-30
3133817,Eric Paschall,1996-11-04
3133838,Yuta Watanabe,1994-10-13
3133843,Jared Terrell,1995-02-10
3133874,Jaylen Adams,1996-05-04
3134880,Kadeem Allen,1993-01-15
3134881,Stanley Johnson,1996-05-29
3134903,Gary Payton II,1992-12-01
3134907,Kyle Kuzma,1995-07-24
3134908,Jakob Poeltl,1995-10-15
3134916,Jordan McLaughlin,1996-04-09
3134932,John Konchar,1996-03-22
3135045,Grayson Allen,1995-10-08
3135046,Tyus Jones,1996-05-10
3135047,Justise Winslow,1996-03-26
3135048,Jahlil Okafor,1995-12-15
3136183,Yante Maten,1996-08-14
3136193,Devin Booker,1996-10-30
3136194,Tyler Ulis,1996-01-05
3136195,Karl-Anthony Towns,1995-11-15
3136196,Trey Lyles,1995-11-05
3136469,Ben Bentil,1995-03-29
3136477,Isaiah Whitehead,1995-03-08
3136479,Angel Delgado,1994-11-20
3136483,J.P. Macura,1995-06-05
3136485,Edmond Sumner,1995-12-31
3136491,D.J. Wilson,1996-02-19
3136696,Wade Baldwin IV,1996-03-29
3136746,Vic Law,1995-12-19
3136776,D'Angelo Russell,1996-02-23
3136777,Jae'Sean Tate,1995-10-28
3136779,Keita Bates-Diop,1996-01-23
3136989,Vincent Edwards,1996-04-05
3136991,Dakota Mathias,1995-07-11
3137259,Gabe Vincent,1996-06-14
3137694,Gian Clavell,1993-11-26
3137713,Zylan Cheatham,1995-11-17
3137730,Patrick McCaw,1995-10-25
3137733,Rashad Vaughn,1996-08-16
3137795,Chris Chiozza,1995-11-21
3137798,Devin Robinson,1995-03-07
3138120,Mindaugas Kuzminskas,1989-10-19
3138154,Theo Pinson,1995-11-05
3138156,Justin Jackson,1995-03-28
3138160,Caleb Martin,1995-09-28
3138161,Cody Martin,1995-09-28
3138192,Bonzie Colson,1996-01-12
3138196,Cameron Johnson,1996-03-03
3138201,Marial Shayok,1995-07-26
3138256,DeVaughn Akoon-Purcell,1993-06-05
3143565,Kevin Hervey,1996-07-09
3146557,Jock Landale,1995-10-25
3147351,Daniel Hamilton,1995-08-08
3147366,Chinanu Onuaku,1996-11-01
3147657,Mikal Bridges,1996-08-30
3149010,Chandler Hutchison,1996-04-26
3149036,Matt Mooney,1995-02-07
3149059,Tariq Owens,1995-01-30
3149673,Pascal Siakam,1994-04-02
3150844,Moritz Wagner,1997-04-26
3151568,Trayvon Palmer,1994-11-13
3152335,Keljin Blevins,1995-11-24
3153165,Chris McCullough,1995-02-05
3155526,Dillon Brooks,1996-01-22
3155533,Jonah Bolden,1996-01-02
3155535,Kevon Looney,1996-02-06
3155536,Thomas Welsh,1996-02-03
3155942,Domantas Sabonis,1996-05-03
3157465,Duncan Robinson,1994-04-22
3892818,Emmanuel Mudiay,1996-03-05
3892894,Zhou Qi,1996-01-16
3893014,Sasha Vezenkov,1995-08-06
3893016,Cedi Osman,1995-04-08
3893019,Timothe Luwawu-Cabarrot,1995-05-09
3893023,Paul Zipser,1994-02-18
3893059,Anzejs Pasecniks,1995-12-20
3899009,Petr Cornelie,1995-07-26
3899664,Simone Fontecchio,1995-12-09
3904625,Tacko Fall,1995-12-10
3906522,Henry Ellenson,1997-01-13
3906603,Chris Clemons,1997-07-23
3906665,Brandon Clarke,1996-09-19
3906671,Caleb Swanigan,1997-04-18
3906786,Dylan Windler,1996-09-22
3906977,Devin Cannady,1996-05-21
3907358,Quinndary Weatherspoon,1996-09-10
3907359,Malik Newman,1997-02-21
3907385,Brandon Sampson,1997-05-01
3907386,Antonio Blakeney,1996-10-04
3907387,Ben Simmons,1996-07-20
3907408,Donta Hall,1997-08-07
3907487,Marquese Chriss,1997-07-02
3907497,Dejounte Murray,1996-09-19
3907498,Matisse Thybulle,1997-03-04
3907525,Allonzo Trier,1996-01-17
3907526,Chance Comanche,1996-04-14
3907788,Jeremiah Martin,1996-06-19
3907821,Dwayne Bacon,1995-08-30
3907822,Malik Beasley,1996-11-26
3907823,Terance Mann,1996-10-18
3908336,Matt Ryan,1997-04-17
3908806,Ray Spalding,1997-03-11
3908807,Deng Adel,1997-02-01
3908809,Donovan Mitchell,1996-09-07
3908819,Rayjon Tucker,1997-09-24
3908845,John Collins,1997-09-23
3908903,Sean McDermott,1996-11-03
3911566,Justin Wright-Foreman,1997-10-27
3911666,Luis Montero,1993-04-06
3911893,Jack McVeigh,1996-06-27
3912278,Josh Reaves,1997-06-04
3912292,Jarrell Brantley,1996-06-07
3912295,Grant Riller,1997-02-09
3912332,Justin Patton,1997-06-14
3912334,Khyri Thomas,1996-05-08
3912339,Kaiser Gates,1996-11-08
3912848,Dean Wade,1996-11-20
3912854,Jawun Evans,1996-07-26
3913174,Luke Kennard,1996-06-24
3913176,Brandon Ingram,1997-09-02
3913180,Garrison Mathews,1996-10-24
3913220,DaQuan Jeffries,1997-08-30
3913546,Melvin Frazier Jr.,1996-08-30
3914044,Landry Shamet,1997-03-13
3914058,Justin James,1997-01-24
3914075,Xavier Moon,1995-01-02
3914283,Chimezie Metu,1997-03-22
3914285,Drew Eubanks,1997-02-01
3914639,Rob Edwards,1997-01-20
3915195,Shake Milton,1996-09-26
3915560,Tyler Dorsey,1996-02-14
3917376,Jaylen Brown,1996-10-24
3917378,Ivan Rabb,1997-02-04
3918423,Admiral Schofield,1997-03-30
3918424,Kyle Alexander,1996-10-21
3919335,Cheick Diallo,1996-09-13
3919347,Chima Moneke,1995-12-24
3919454,Terence Davis,1997-05-16
3922230,Aaron Holiday,1996-09-30
3922235,Robert Franks,1996-12-18
3923250,PJ Dozier,1996-10-25
3923253,Chris Silva,1996-09-19
3924880,Diamond Stone,1997-02-10
3926491,Isaac Humphries,1998-01-05
3928275,Cameron Oliver,1996-07-11
3929314,Nicolas Brussino,1993-03-02
3929321,Gabriel Deck,1995-02-08
3929325,Furkan Korkmaz,1997-07-24
3934620,Trevon Scott,1996-11-25
3934621,Jacob Evans,1997-06-18
3934662,Tyler Lydon,1996-04-09
3934663,Malachi Richardson,1996-01-05
3934670,Marcus Derrickson,1996-02-01
3934672,Jalen Brunson,1996-08-31
3934673,Donte DiVincenzo,1997-01-31
3934695,Tyler Hall,1997-03-25
3934719,O.G. Anunoby,1997-07-17
3934721,Juwan Morgan,1997-04-17
3934723,Thomas Bryant,1997-07-31
3936099,Derrick Jones Jr.,1997-02-15
3936102,Stephen Zimmerman,1996-09-09
3936294,Isaiah Briscoe,1996-04-13
3936296,Skal Labissiere,1996-03-18
3936298,Mychal Mulder,1994-06-12
3936299,Jamal Murray,1997-02-23
3937101,Deyonta Davis,1996-12-02
3943606,Jerome Robinson,1997-02-22
3945274,Luka Doncic,1999-02-28
3945566,Justin Robinson,1997-10-12
3946974,Devontae Cacok,1996-10-08
3947078,Tyler Davis,1997-05-22
3947156,Mamadi Diakite,1997-01-21
3948144,Ahmad Caver,1996-09-12
3948153,Chris Boucher,1993-01-11
3950760,Kylor Kelley,1997-08-26
3952343,Jaylen Morris,1995-09-19
4011991,Dragan Bender,1997-11-17
4017837,Ivica Zubac,1997-03-18
4017838,Ante Zizic,1997-01-04
4017839,Juancho Hernangomez,1995-09-28
4017843,Thon Maker,1997-02-25
4017844,Guerschon Yabusele,1995-12-17
4017846,Georgios Papagiannis,1997-07-03
4064727,Josh Magette,1989-11-28
4064730,Tim Quarterman,1994-10-27
4065635,Ky Bowman,1997-06-16
4065648,Jayson Tatum,1998-03-03
4065649,Harry Giles III,1998-04-22
4065650,Javin DeLaurier,1998-04-07
4065651,Frank Jackson,1998-05-04
4065652,Marques Bolden,1998-04-17
4065653,Jack White,1997-08-05
4065654,Jonathan Isaac,1997-10-03
4065656,Trent Forrest,1998-06-12
4065660,Mfiondu Kabengele,1997-08-14
4065663,Josh Okogie,1998-09-01
4065670,Bruce Brown,1996-08-15
4065672,Dewan Hernandez,1996-12-09
4065673,Tony Bradley,1998-01-08
4065697,Dennis Smith Jr.,1997-11-25
4065730,Kyle Guy,1997-08-11
4065731,Jay Huff,1997-08-25
4065732,De'Andre Hunter,1997-12-02
4065733,Ty Jerome,1997-07-08
4065778,Max Strus,1996-03-28
4065804,Sam Hauser,1997-12-08
4065805,Markus Howard,1999-03-03
4065816,Myles Powell,1997-07-07
4065834,Shamorie Ponds,1998-06-29
4065836,Omari Spellman,1997-07-21
4066211,Robert Williams III,1997-10-17
4066212,Jordan Bone,1997-11-05
4066218,Grant Williams,1998-11-30
4066221,Hassani Gravett,1996-07-16
4066240,Braxton Key,1997-02-14
4066243,Daryl Macon,1995-11-29
4066248,Jared Harper,1997-09-14
4066259,De'Aaron Fox,1997-12-20
4066261,Bam Adebayo,1997-07-18
4066262,Malik Monk,1998-02-04
4066264,Wenyen Gabriel,1997-03-26
4066268,Duop Reath,1996-06-26
4066269,Skylar Mays,1997-09-05
4066297,Josh Jackson,1997-02-10
4066299,Udoka Azubuike,1999-09-17
4066303,Xavier Sneed,1997-12-21
4066315,Cameron McGriff,1997-09-30
4066317,Lindy Waters III,1997-07-28
4066320,Desmond Bane,1998-06-25
4066328,Jarrett Allen,1998-04-21
4066334,Rawle Alkins,1997-10-29
4066335,Kobi Simmons,1997-07-04
4066336,Lauri Markkanen,1997-05-22
4066354,Payton Pritchard,1998-01-28
4066367,Tyler Cook,1997-09-23
4066372,Kevin Huerter,1998-08-27
4066377,Zavier Simpson,1997-02-11
4066378,Jon Teske,1997-05-04
4066382,Cassius Winston,1998-02-28
4066383,Miles Bridges,1998-03-21
4066387,Amir Coffey,1997-06-17
4066392,Isaiah Roby,1998-02-03
4066399,Micah Potter,1998-04-06
4066405,Lamar Stevens,1997-07-09
4066407,Carsen Edwards,1998-03-12
4066410,Eugene Omoruyi,1997-02-14
4066414,Aleem Ford,1997-12-22
4066421,Lonzo Ball,1997-10-27
4066424,Ike Anigbogu,1998-10-16
4066425,T.J. Leaf,1997-04-30
4066436,De'Anthony Melton,1998-05-28
4066446,Elijah Hughes,1998-03-10
4066450,Armoni Brooks,1998-06-05
4066457,Austin Reaves,1998-05-29
4066467,Malik Fitts,1997-07-04
4066486,Jarron Cumberland,1997-09-22
4066490,Kostas Antetokounmpo,1997-11-20
4066496,JaQuori McLaughlin,1998-01-29
4066508,Charlie Brown Jr.,1997-02-02
4066636,Markelle Fultz,1998-05-29
4066648,Rui Hachimura,1998-02-08
4066649,Zach Norvell Jr.,1997-12-09
4066650,Zach Collins,1997-11-19
4066651,Killian Tillie,1998-03-05
4066668,Malachi Flynn,1998-05-09
4066731,Jalen McDaniels,1998-01-31
4066736,Jordan Ford,1998-05-26
4066757,Sam Merrill,1996-05-15
4066786,Jeff Dowtin Jr.,1997-05-10
4066790,Anthony Lamb,1998-01-20
4066796,DeJon Jarreau,1998-01-23
4066808,Taze Moore,1998-06-29
4066851,Miye Oni,1997-08-04
4066889,Jackson Rowe,1997-01-04
4066993,Dru Smith,1997-12-30
4066998,Jalen Harris,1998-08-14
4067017,A.J. Lawson,2000-07-15
4067045,Alize Johnson,1996-04-22
4067069,Nate Darling,1998-08-30
4067325,Nathan Knight,1997-09-20
4067469,Jemerrio Jones,1995-04-09
4067603,Ade Murkey,1998-01-29
4067735,Carlik Jones,1997-12-23
4067858,Kevon Harris,1997-06-24
4080610,Hamidou Diallo,1998-07-31
4222252,Isaiah Hartenstein,1998-05-05
4230546,Terrance Ferguson,1998-05-17
4230547,Frank Ntilikina,1998-07-28
4230548,Rodions Kurucs,1998-02-05
4230550,Elie Okobo,1997-10-23
4230551,Arnoldas Kulboka,1998-01-04
4230554,Marko Guduric,1995-03-08
4230557,Vlatko Cancar,1997-04-10
4236300,Mitchell Creek,1992-04-27
4237215,Vincent Poirier,1993-10-17
4237239,William Howard,1993-10-25
4277811,Collin Sexton,1999-01-04
4277812,Alex Reese,1999-05-21
4277813,Herbert Jones,1998-10-06
4277842,Trevon Duval,1998-08-03
4277843,Gary Trent Jr.,1999-01-18
4277847,Wendell Carter Jr.,1999-04-16
4277848,Marvin Bagley III,1999-03-14
4277850,RaiQuan Gray,1999-07-07
4277854,MJ Walker,1998-03-28
4277869,Jose Alvarado,1998-04-12
4277871,Moses Wright,1998-12-23
4277880,Malik Williams,1998-08-26
4277882,Brian Bowen II,1998-10-02
4277883,Jordan Nwora,1998-09-09
4277886,Freddie Gillespie,1997-06-14
4277887,Lindell Wigginton,1998-03-28
4277890,Lonnie Walker IV,1998-12-14
4277892,Marcus Garrett,1998-11-09
4277905,Trae Young,1998-09-19
4277916,RJ Nembhard Jr.,1999-03-22
4277919,Mo Bamba,1998-05-12
4277922,Jericho Sims,1998-10-20
4277923,Zhaire Smith,1999-06-04
4277928,Jarrett Culver,1999-02-20
4277951,Luka Garza,1998-12-27
4277952,Bruno Fernando,1998-08-15
4277956,Jordan Poole,1999-06-19
4277957,Isaiah Livers,1998-07-28
4277961,Jaren Jackson Jr.,1999-09-15
4277964,Xavier Tillman,1999-01-12
4278031,Oshae Brissett,1998-06-20
4278039,Nickeil Alexander-Walker,1998-09-02
4278045,Chaundee Brown Jr.,1998-12-04
4278046,Olivier Sarr,1999-02-20
4278049,Daniel Gafford,1998-10-01
4278052,Chuma Okeke,1998-08-18
4278053,Davion Mitchell,1998-09-05
4278067,Nic Claxton,1999-04-17
4278073,Shai Gilgeous-Alexander,1998-07-12
4278075,Kevin Knox II,1999-08-11
4278076,Nick Richards,1997-11-29
4278077,Jarred Vanderbilt,1999-04-03
4278078,P.J. Washington,1998-08-23
4278080,Tremont Waters,1998-01-10
4278103,Jontay Porter,1999-11-15
4278104,Michael Porter Jr.,1998-06-29
4278111,Justin Minaya,1999-03-26
4278116,Yves Pons,1999-05-07
4278124,Saben Lee,1999-06-23
4278129,Deandre Ayton,1998-07-23
4278352,Jalen Crutcher,1999-07-18
4278355,Obi Toppin,1998-03-04
4278378,Jacob Gilyard,1998-07-14
4278402,Jordan Goodwin,1998-10-23
4278412,Izaiah Brockington,1999-07-12
4278502,Tyler Bey,1998-06-10
4278507,McKinley Wright IV,1998-10-25
4278508,Troy Brown Jr.,1999-07-28
4278516,Ethan Thompson,1999-05-04
4278521,KZ Okpala,1999-04-28
4278541,Jaylen Nowell,1999-07-09
4278555,Ty-Shon Alexander,1998-07-16
4278562,Paul Reed,1999-06-14
4278566,Jamorko Pickett,1997-12-24
4278572,Jamal Cain,1999-03-20
4278580,Sandro Mamukelashvili,1999-05-23
4278585,Collin Gillespie,1999-06-25
4278588,Jermaine Samuels Jr.,1998-11-13
4278594,Naji Marshall,1998-01-24
4278707,Jordan Schakel,1998-06-13
4278783,Will Magnay,1998-07-10
4279118,Keaton Wallace,1999-02-26
4279147,Lucas Williamson,1999-01-28
4279318,Daeqwon Plowden,1998-08-29
4279532,Stanley Umude,1999-04-12
4279815,Terry Taylor,1999-09-23
4279887,Shaq Buchanan,1997-01-30
4279888,Ja Morant,1999-08-10
4280150,Joel Ayayi,2000-03-05
4280151,Corey Kispert,1999-03-03
4280245,Jamaree Bouyea,1999-06-27
4291678,Haywood Highsmith,1996-12-09
4348696,Dzanan Musa,1999-05-08
4348697,Isaac Bonga,1999-11-08
4348700,Goga Bitadze,1999-07-20
4349241,Adam Mokoka,1998-07-18
4351851,Anfernee Simons,1999-06-08
4351852,Mitchell Robinson,1998-04-01
4355392,Emanuel Terry,1995-08-21
4395620,Hunter Tyson,2000-06-13
4395623,Trey Jemison III,1999-11-28
4395625,RJ Barrett,2000-06-14
4395626,Tre Jones,2000-01-08
4395627,Cam Reddish,1999-09-01
4395628,Zion Williamson,2000-07-06
4395630,Devin Vassell,2000-08-23
4395650,Leaky Black,1999-06-14
4395651,Coby White,2000-02-16
4395652,Nassir Little,2000-02-11
4395676,Buddy Boeheim,1999-11-11
4395688,Jaylen Hoard,1999-03-30
4395695,Jared Butler,2000-08-25
4395698,Kira Lewis Jr.,2001-04-06
4395702,Isaiah Joe,1999-07-02
4395704,Mason Jones,1998-07-21
4395712,Andrew Nembhard,2000-01-16
4395714,Keyontae Johnson,2000-05-24
4395722,Ashton Hagans,1999-07-08
4395723,Keldon Johnson,1999-10-11
4395724,Immanuel Quickley,1999-06-17
4395725,Tyler Herro,2000-01-20
4396629,Nate Hinton,1999-06-08
4396638,Feron Hunt,1999-07-05
4396676,Dexter Dennis,1999-02-09
4396682,Jaime Echenique,1997-04-27
4396818,Jordan Miller,2000-01-23
4396907,Darius Garland,2000-01-26
4396909,Aaron Nesmith,1999-10-16
4396959,Reggie Perry,2000-03-21
4396961,Robert Woodard II,1999-09-22
4396963,Blake Hinson,1999-12-26
4396971,Naz Reid,1999-08-26
4396972,Javonte Smart,1999-06-03
4396978,Darius Days,1999-10-20
4396991,Talen Horton-Tucker,2000-11-25
4396993,Tyrese Haliburton,2000-02-29
4397002,Ayo Dosunmu,2000-01-17
4397008,Romeo Langford,1999-10-25
4397014,Quentin Grimes,2000-05-08
4397016,Devon Dotson,1999-08-02
4397018,Ochai Agbaji,2000-04-20
4397020,Luguentz Dort,1999-04-19
4397033,Joe Wieskamp,1999-08-23
4397040,Brandon Williams,1999-11-22
4397071,Mac McClung,1999-01-06
4397077,Jaxson Hayes,2000-05-23
4397102,Bol Bol,1999-11-16
4397103,Louis King,1999-04-06
4397104,Miles Norris,2000-04-15
4397107,David Duke Jr.,1999-10-13
4397114,Cormac Ryan,1998-10-26
4397119,Jared Rhoden,1999-08-27
4397126,Moses Brown,1999-10-13
4397127,Jules Bernard,2000-01-21
4397134,Cole Swider,1999-05-08
4397136,Saddiq Bey,1999-04-09
4397140,Kevin Porter Jr.,2000-05-04
4397148,Timmy Allen,2000-01-09
4397166,CJ Elleby,2000-06-16
4397179,Tyrese Martin,1999-03-07
4397183,Aaron Wiggins,1999-01-02
4397189,Jalen Smith,2000-03-16
4397204,Colin Castleton,2000-05-25
4397205,Ignas Brazdeikis,1999-01-08
4397209,Aaron Henry,1999-08-30
4397215,Daniel Oturu,1999-09-20
4397227,Vince Williams Jr.,2000-08-30
4397233,Pete Nance,2000-02-19
4397235,Duane Washington Jr.,2000-03-24
4397251,Ron Harper Jr.,2000-04-12
4397347,Liam Robbins,1999-07-12
4397371,Nathan Mensah,1998-04-09
4397424,Neemias Queta,1999-07-13
4397449,Elijah Harkless,2000-02-03
4397450,Darius Brown II,1999-07-28
4397475,AJ Green,1999-09-27
4397511,Javon Freeman-Liberty,1999-10-20
4397554,Markquis Nowell,1999-12-25
4397570,Jaylen Sims,1998-12-11
4397650,Andrew Funk,1999-09-21
4397654,Adam Flagler,1999-12-01
4397667,Filip Petrusev,2000-04-15
4397688,Trey Murphy III,2000-06-18
4397689,Drew Peterson,1999-11-09
4397693,Kessler Edwards,2000-08-09
4397784,Malachi Smith,1999-12-06
4397821,Nate Williams,1999-02-12
4397882,Tolu Smith,2000-07-26
4397885,Dalano Banton,1999-11-07
4397886,Charles Bassey,2000-10-28
4397916,Jason Preston,1999-08-10
4398207,Jalen Slawson,1999-10-22
4398390,Jalen Pickett,1999-10-22
4401415,Alen Smailagic,2000-08-18
4401416,Juan Toscano-Anderson,1993-04-10
4407254,Brodric Thomas,1997-01-28
4409222,Trevelin Queen,1997-02-25
4411057,Kevin McCullar Jr.,2001-03-15
4412182,Isaiah Canaan,1991-05-21
4415554,Corey Brewer,1986-03-05
4423309,Luka Samanic,2000-01-09
4423314,Sekou Doumbouya,2000-12-23
4423545,Darius Bazley,2000-06-12
4423883,Deividas Sirvydis,2000-06-10
4423884,Henri Drell,2000-04-25
4423885,Didi Louzada,1999-07-02
4423887,Jalen Lecque,2000-06-13
4431669,Vernon Carey Jr.,2001-02-25
4431671,Jaden McDaniels,2000-09-29
4431672,Nico Mannion,2001-03-14
4431673,Matt Hurt,2000-04-20
4431675,Trendon Watford,2000-11-09
4431678,Tyrese Maxey,2000-11-04
4431679,Precious Achiuwa,1999-09-19
4431680,Onyeka Okongwu,2000-12-11
4431684,Trayce Jackson-Davis,2000-02-22
4431686,Cassius Stanley,1999-08-18
4431687,Patrick Williams,2001-08-26
4431688,Jahmi'us Ramsey,2001-06-09
4431689,Keion Brooks Jr.,2000-08-07
4431690,Zeke Nnaji,2001-01-09
4431695,Drew Timme,2000-09-09
4431699,Kai Jones,2001-01-19
4431705,Anton Watson,2000-10-06
4431712,James Bouknight,2000-09-18
4431714,Jalen Wilson,2000-11-04
4431720,Lester Quinones,2000-11-16
4431727,Isaiah Wong,2001-01-28
4431734,Tristan Enaruna,2001-06-26
4431736,Toumani Camara,2000-05-08
4431747,Tyrell Terry,2000-09-28
4431752,Kobe Brown,2000-01-01
4431766,Damion Baugh,2000-08-03
4431767,Christian Braun,2001-04-17
4431772,Myron Gardner,2001-05-21
4431775,Seth Lundy,2000-04-02
4431778,Christian Koloko,2000-06-20
4431785,Scotty Pippen Jr.,2000-11-10
4431786,Keshad Johnson,2001-06-23
4431811,Dereon Seabron,2000-05-26
4431816,Jesse Edwards,2000-03-18
4431823,Miles McBride,2000-09-08
4431828,KJ Martin,2001-01-06
4431893,Jamison Battle,2001-05-10
4431914,Tyler Burton,2000-02-11
4431941,RayJ Dennis,2001-03-30
4432068,Josh Oduro,2000-10-14
4432070,Quincy Olivari,2001-05-27
4432107,Marcus Sasser,2000-09-21
4432117,Isaiah Stevens,2000-11-01
4432158,Evan Mobley,2001-06-18
4432161,Greg Brown III,2001-09-01
4432162,Brandon Boston,2001-11-28
4432164,Jaden Springer,2002-09-25
4432165,Jalen Suggs,2001-06-03
4432166,Cade Cunningham,2001-09-25
4432168,Josh Christopher,2001-12-08
4432170,Isaiah Jackson,2002-01-10
4432171,Moses Moody,2002-05-31
4432173,Sharife Cooper,2001-06-11
4432174,Cam Thomas,2001-10-13
4432176,Daishen Nix,2002-02-13
4432179,MarJon Beauchamp,2000-10-12
4432180,Hunter Dickinson,2000-11-25
4432181,Julian Strawther,2002-04-18
4432185,Micah Peavy,2001-07-16
4432187,Reece Beekman,2001-10-08
4432190,Andre Jackson Jr.,2001-11-13
4432192,Keon Johnson,2002-03-10
4432194,Day'Ron Sharpe,2001-11-06
4432241,Jamal Shead,2002-07-24
4432247,Jaylen Clark,2001-10-13
4432356,Johnny Davis,2002-02-27
4432446,Jabari Walker,2002-07-30
4432452,Alex Antetokounmpo,2001-08-27
4432528,Karim Mane,2000-05-16
4432573,Paolo Banchero,2002-11-12
4432582,Max Christie,2003-02-10
4432585,AJ Griffin,2003-08-25
4432588,John Butler Jr.,2002-12-04
4432639,Jabari Smith Jr.,2003-05-13
4432645,Trevor Keels,2003-08-26
4432646,Kennedy Chandler,2002-09-16
4432735,Dariq Whitehead,2004-08-01
4432808,James Wiseman,2001-03-31
4432809,Cole Anthony,2000-05-15
4432810,Isaiah Stewart,2001-05-22
4432811,Josh Green,2000-11-16
4432812,Scottie Lewis,2000-03-12
4432813,Jeremiah Robinson-Earl,2000-11-03
4432815,Isaiah Mobley,1999-09-24
4432816,LaMelo Ball,2001-08-22
4432817,Johnny Juzang,2001-03-17
4432819,Tre Mann,2001-02-03
4432820,D.J. Carton,2000-08-05
4432821,E.J. Liddell,2000-12-18
4432822,Isaac Okoro,2001-01-26
4432823,Jaylin Williams,2002-06-29
4432827,Oscar Tshiebwe,1999-11-27
4432847,Terrence Shannon Jr.,2000-07-30
4432848,Jaime Jaquez Jr.,2001-02-18
4432872,Emanuel Miller,2000-06-19
4432887,Tyson Etienne,1999-09-17
4432907,Justin Champagnie,2001-06-29
4432946,Jalen Bridges,2001-05-14
4432957,Yuri Collins,2001-03-07
4432971,Alex Ducas,2000-12-11
4433076,Ben Sheppard,2001-07-16
4433083,Cam Spencer,2000-04-06
4433133,Jahmir Young,2000-10-07
4433134,Scottie Barnes,2001-08-01
4433136,Walker Kessler,2001-07-26
4433137,Ziaire Williams,2001-09-12
4433144,Caleb Love,2001-09-27
4433147,Marcus Bagley,2001-10-23
4433149,LJ Cryer,2001-10-09
4433157,Josh Hall,2000-10-08
4433159,Dalen Terry,2002-07-12
4433174,Dylan Cardwell,2001-12-16
4433188,Devin Carter,2002-03-18
4433192,Tari Eason,2001-05-10
4433218,Jaden Ivey,2002-02-13
4433225,Tyler Kolek,2001-03-27
4433246,Patrick Baldwin Jr.,2002-11-18
4433247,Jonathan Kuminga,2002-10-06
4433249,Moussa Diabate,2002-01-21
4433254,Kendall Brown,2003-05-11
4433255,Chet Holmgren,2002-05-01
4433268,Trey Alexander,2003-05-02
4433281,Hunter Sallis,2003-03-26
4433287,Brandon Miller,2002-11-22
4433378,Colby Jones,2002-05-28
4433569,Johni Broome,2002-07-19
4433607,DaRon Holmes II,2002-08-15
4433618,Harrison Ingram,2002-11-27
4433620,Emoni Bates,2004-01-28
4433621,Jalen Duren,2003-11-18
4433622,Chris Livingston,2003-10-15
4433623,Caleb Houstan,2003-01-09
4433626,Jalen Hood-Schifino,2003-06-19
4433627,Keyonte George,2003-11-08
4433629,Ryan Nembhard,2003-03-10
4437244,Jalen Green,2002-02-09
4438552,Onuralp Bitim,1999-03-31
4565201,Malaki Branham,2003-05-12
4566434,Franz Wagner,2001-08-27
4576060,Ryan Kalkbrenner,2002-01-17
4576085,JD Davison,2002-10-03
4576086,Bryce McGowens,2002-11-08
4576087,Peyton Watson,2002-09-11
4578893,Vit Krejci,2000-06-19
4585610,Kenneth Lofton Jr.,2002-08-14
4585618,Keshon Gilbert,2003-06-30
4590360,Chucky Hepburn,2003-02-09
4590530,R.J. Hampton,2001-02-07
4591259,Koby Brea,2002-11-06
4591725,Ryan Rollins,2002-07-03
4592187,Wendell Moore Jr.,2001-09-18
4592204,David Johnson,2001-02-26
4592216,Alondes Williams,1999-06-19
4592304,Donovan Williams,2001-09-06
4592401,N'Faly Dante,2001-10-19
4592402,Chris Duarte,1997-06-13
4592427,Spencer Jones,2001-06-14
4592435,Branden Carlson,1999-06-14
4592461,Jacob Toppin,2000-05-08
4592479,Julian Champagnie,2001-06-29
4592492,Bones Hyland,2000-09-14
4592686,Antonio Reeves,2000-11-20
4592691,Jake LaRavia,2001-11-03
4592699,Enrique Freeman,2000-07-29
4592714,Pat Spencer,1996-07-04
4592829,Quenton Jackson,1998-09-15
4592857,Isaiah Crawford,2001-11-01
4592933,Mouhamadou Gueye,1998-07-06
4592965,Tristen Newton,2001-04-26
4592979,Zyon Pullin,2001-03-03
4593016,Quinten Post,2000-03-21
4593034,Alex Morales,1997-11-21
4593041,David Roddy,2001-03-27
4593043,John Tonje,2001-04-23
4593049,Orlando Robinson,2000-07-10
4593125,Santi Aldama,2001-01-10
4593803,Jalen Williams,2001-04-14
4593841,Baylor Scheierman,2000-09-26
4594268,Anthony Edwards,2001-08-05
4594326,Kris Murray,2000-08-19
4594327,Keegan Murray,2000-08-19
4595400,Olivier-Maxence Prosper,2002-07-03
4596528,Lawson Lovering,2003-05-09
4597259,Javonte Cooke,1999-07-11
4597865,Tosan Evbuomwan,2001-02-16
4598307,Dmytro Skapintsev,1998-05-12
4600663,Zach Edey,2002-03-14
4601023,Oso Ighodaro,2002-07-14
4601025,Pelle Larsson,2001-02-23
4602025,Sion James,2002-12-04
4606840,Jamir Watkins,2001-07-06
4610139,Jeremy Sochan,2003-05-20
4610145,Daryl Macon,1995-11-29
4683018,Aleksej Pokusevski,2001-12-26
4683021,Deni Avdija,2001-01-03
4683022,Georgios Kalaitzakis,1999-01-02
4683023,Jay Scrubb,2000-09-01
4683024,Killian Hayes,2001-07-27
4683025,Leandro Bolmaro,2000-09-11
4683027,Theo Maledon,2001-06-12
4683622,Marko Simonovic,1999-10-15
4683634,Bennedict Mathurin,2002-06-19
4683678,Scoot Henderson,2004-02-03
4683686,Nick Smith Jr.,2004-04-18
4683688,Dereck Lively II,2004-02-12
4683689,Jordan Walsh,2004-03-03
4683692,Cason Wallace,2003-11-07
4683736,Kobe Bufkin,2003-09-21
4683742,Julian Reese,2003-06-30
4683747,Jaylon Tyson,2002-12-02
4683749,TyTy Washington Jr.,2001-11-15
4683750,Jordan Hawkins,2002-04-29
4683766,Isaiah Collier,2004-10-08
4683771,Ronald Holland II,2005-07-07
4683774,Bronny James,2004-10-06
4683778,Jared McCain,2004-02-20
4683834,KJ Simpson,2002-08-08
4683934,Jahmai Mashack,2002-11-10
4683935,Blake Wesley,2003-03-16
4683940,Terquavion Smith,2002-12-31
4684208,Brooks Barnhizer,2002-03-02
4684272,Ja'Kobe Walter,2004-09-04
4684275,Rob Dillingham,2005-01-04
4684286,Maxwell Lewis,2002-07-27
4684737,Jaylen Martin,2004-01-28
4684740,Amen Thompson,2003-01-30
4684742,Ausar Thompson,2003-01-30
4684793,Kyle Filipowski,2003-11-07
4684806,Taylor Hendricks,2003-11-22
4687718,Josh Minott,2002-11-25
4696317,Miles Kelly,2003-01-26
4697268,Kam Jones,2002-02-25
4697270,Payton Sandfort,2002-07-12
4700818,Vladislav Goldin,2001-05-12
4700852,Chaz Lanier,2001-12-19
4700873,Toby Okani,2001-10-05
4701031,Jordan Hall,2002-01-14
4701208,Moussa Cisse,2002-09-10
4701225,PJ Hall,2002-02-21
4701230,Jalen Johnson,2001-12-18
4701232,Mark Williams,2001-12-16
4701233,Craig Porter Jr.,2000-02-26
4701234,Ricky Council IV,2001-08-03
4701845,Kadary Richmond,2001-08-25
4701992,Max Shulga,2002-06-25
4702023,Adama Sanogo,2002-02-12
4702134,Norchad Omier,2001-08-28
4702159,Dillon Jones,2001-10-29
4702176,Joshua Primo,2002-12-24
4702177,Keon Ellis,2000-01-08
4702233,JT Thor,2002-08-26
4702352,Kobe Sanders,2002-05-30
4702382,Tristan da Silva,2001-05-15
4702384,Nique Clifford,2002-02-09
4702431,Andersson Garcia,2000-08-23
4702602,CJ Huntley,2002-01-06
4702656,Alijah Martin,2001-12-26
4702670,Grant Nelson,2002-03-18
4702702,D'Moi Hodge,1998-12-20
4702745,Amari Williams,2002-01-28
4702785,Jahmyl Telfort,2001-04-30
4702972,Chris Manon,2001-12-09
4703421,Taelon Peter,2002-02-27
4703530,Mark Sears,2002-02-19
4703889,Jayson Kent,2002-02-03
4706557,Chris Youngblood,2002-02-09
4708972,Jazian Gortman,2003-03-14
4709131,Sean Pedulla,2002-10-10
4709138,Brandin Podziemski,2003-02-25
4711005,Trevon Scott,1996-11-25
4711272,Reed Sheppard,2004-06-24
4711294,Matas Buzelis,2004-10-13
4711297,Justin Edwards,2003-12-16
4712849,Anthony Black,2004-01-20
4712863,Mouhamed Gueye,2002-11-09
4712896,Noah Clowney,2004-07-14
4713010,David Jones Garcia,2001-11-24
4715198,Isaiah Todd,2001-10-17
4781746,Javon Small,2002-12-19
4820852,Michael Foster Jr.,2003-01-16
4845363,Cam Christie,2005-07-24
4845367,Stephon Castle,2004-11-01
4845374,Bub Carrington,2005-07-21
4868423,Jaden Hardy,2002-07-05
4869342,Dyson Daniels,2003-03-17
4869780,Derik Queen,2004-12-27
4870562,Dominick Barlow,2003-05-26
4871137,Malcolm Cazalon,2001-08-27
4871140,Ibou Badji,2002-10-13
4871141,Ariel Hukporti,2002-04-12
4871143,Usman Garuba,2002-03-09
4871144,Alperen Sengun,2002-07-25
4871145,Josh Giddey,2002-10-10
4873138,Ace Bailey,2006-08-13
4873201,Asa Newell,2005-10-05
4888725,Ryan Dunn,2003-01-07
4895499,Wayne Selden,1994-09-30
4895758,Cody Williams,2004-11-20
4896365,Adama Bal,2003-12-18
4896372,Walter Clayton Jr.,2003-03-06
4896481,Alex Fudge,2003-05-06
4897262,Will Richard,2002-12-24
4897449,Malevy Leons,1999-09-23
4897943,Dalton Knecht,2001-04-19
4898237,Bez Mbeng,2002-05-02
4898238,John Poulakidas,2003-04-04
4898369,Curtis Jones,2001-10-04
4898371,Maxime Raynaud,2003-04-07
4900671,Ajay Mitchell,2002-06-25
4903027,Cedric Coward,2003-09-11
4906923,Bobi Klintman,2003-03-06
4909710,Phillip Wheeler,2002-04-23
4914336,Shaedon Sharpe,2003-05-30
4981257,Gabriel Lundberg,1994-12-04
4997526,Ousmane Dieng,2003-05-21
4997528,Nikola Jovic,2003-06-09
4997536,Gui Santos,2002-06-22
4997537,Tristan Vukcevic,2003-03-11
4997538,Karlo Matkovic,2001-03-30
4997539,Luke Travers,2001-09-03
5023693,Tyrese Proctor,2004-04-01
5037871,Dylan Harper,2006-03-02
5037873,Drake Powell,2005-09-08
5041939,Cooper Flagg,2006-12-21
5044385,Leonard Miller,2003-11-26
5060631,Adou Thiero,2004-05-08
5061568,Carter Bryant,2005-11-26
5061575,Kon Knueppel,2005-08-03
5061589,Yves Missi,2004-05-14
5075393,Trevor Hudgins,1999-03-23
5081727,Sidy Cissoko,2004-04-02
5093267,Collin Murray-Boyles,2005-06-10
5099752,Rayan Rupert,2004-05-31
5104155,Bilal Coulibaly,2004-07-26
5104156,Armel Traore,2003-01-23
5104157,Victor Wembanyama,2004-01-04
5105550,GG Jackson,2004-12-17
5105553,Julian Phillips,2003-11-05
5105565,Donovan Clingan,2004-02-23
5105592,Cam Whitmore,2004-07-08
5105623,Kel'el Ware,2004-04-20
5105637,Adem Bona,2003-03-28
5105638,Amari Bailey,2004-02-17
5105806,Jett Howard,2003-09-14
5105839,Brice Sensabaugh,2003-10-30
5105977,Rasheer Fleming,2004-07-10
5106060,Jarace Walker,2003-09-04
5106258,Gradey Dick,2003-11-20
5106268,Nae'Qwan Tomlin,2000-12-19
5107156,Lachlan Olbrich,2003-12-30
5107173,Danny Wolf,2004-05-05
5107199,Daniss Jenkins,2001-08-17
5107818,Isaac Jones,2000-07-11
5107897,Jonathan Mogbo,2001-10-29
5108024,Yanic Konan Niederhauser,2003-03-14
5112087,Jaylen Wells,2003-08-26
5124612,VJ Edgecombe,2005-07-30
5144091,Jeremiah Fears,2006-10-14
5144126,Will Riley,2006-02-10
5157066,Johnny Furphy,2004-12-07
5157587,Rocco Zikarsky,2006-07-11
5159486,Yongxi Cui,2003-05-28
5159895,Yuki Kawamura,2001-05-02
5159925,Nikola Topic,2005-08-10
5160992,Alex Sarr,2005-04-26
5165257,Trentyn Flowers,2005-03-08
5167876,Tyler Smith,2004-11-02
5170947,AJ Johnson,2004-12-01
5174563,Kyshawn George,2003-12-12
5174655,Chaney Johnson,2002-06-20
5175643,Egor Demin,2006-03-03
5175647,Hugo Gonzalez,2006-02-05
5176420,Hayden Gray,2003-05-11
5177362,Riley Minix,2000-09-22
5184018,Maozinha Pereira,2000-08-28
5203685,Khaman Maluach,2006-09-14
5211175,Zaccharie Risacher,2005-04-08
5211176,Tidjane Salaun,2005-08-10
5211983,Pacome Dadiet,2005-07-27
5211984,Ulrich Chomche,2005-12-30
5214637,Noah Penda,2005-01-07
5214640,Kasparas Jakucionis,2006-05-29
5217746,Yang Hansen,2005-06-26
5238230,Tre Johnson,2006-03-07
5239561,Jase Richardson,2005-10-16
5239590,Liam McNeeley,2005-10-10
5242496,Noa Essengue,2006-12-18
5242502,Ben Saraf,2006-04-14
5279130,Nolan Traore,2006-05-28
5279133,Joan Beringer,2006-11-11
5289900,Mohamed Diawara,2005-04-29
