Rank,,Player,Team,,Birthdate,Pos.,Age,Change,Projected Peak Stat Set,Stat Set Score
1,,Victor Wembanyama,SAS,,1/4/2004,C,22.3,0,FG% PTS 3PT REB AST STL BLK FT% TO,⭐️⭐️⭐️⭐️⭐️⭐️⭐️⭐️⭐️⭐️⭐⭐⭐⭐⭐
2,,Shai Gilgeous-Alexander,OKC,,7/12/1998,PG,27.8,0,FG% PTS 3PT REB AST STL BLK FT% TO,⭐⭐⭐⭐⭐⭐⭐⭐⭐⭐⭐⭐⭐
3,,Nikola Jokić,DEN,,2/19/1995,C,31.2,0,FG% PTS 3PT REB AST STL BLK FT% TO,⭐️⭐️⭐️⭐️⭐️⭐️⭐️⭐️⭐️⭐️⭐⭐⭐
4,,Luka Dončić,LAL,,2/28/1999,SF,27.2,0,FG% PTS 3PT REB AST STL BLK FT% TO,⭐⭐⭐⭐⭐⭐⭐⭐⭐⭐⭐⭐⭐
5,,Cade Cunningham,DET,,9/25/2001,SG,24.6,0,FG% PTS 3PT REB AST STL BLK FT% TO,⭐⭐⭐⭐⭐⭐⭐⭐⭐⭐
6,,Cooper Flagg,DAL,,12/21/2006,PF,19.3,0,FG% PTS 3PT REB AST STL BLK FT% TO,⭐⭐⭐⭐⭐⭐⭐⭐⭐
7,,Tyrese Maxey,PHI,,11/4/2000,SG,25.5,+2,FG% PTS 3PT REB AST STL BLK FT% TO,⭐⭐⭐⭐⭐⭐⭐⭐⭐
8,,Anthony Edwards,MIN,,8/5/2001,SG,24.7,-1,FG% PTS 3PT REB AST STL BLK FT% TO,⭐⭐⭐⭐⭐⭐⭐⭐
9,,Jalen Johnson,ATL,,12/8/2001,PF,24.4,-1,FG% PTS 3PT REB AST STL BLK FT% TO,⭐⭐⭐⭐⭐⭐⭐⭐
10,,Tyrese Haliburton,IND,,2/29/2000,PG,26.2,+1,FG% PTS 3PT REB AST STL BLK FT% TO,⭐⭐⭐⭐⭐⭐⭐
11,,Jayson Tatum,BOS,,3/3/1998,SF,28.1,+1,FG% PTS 3PT REB AST STL BLK FT% TO,⭐⭐⭐⭐⭐⭐⭐
12,,Alperen Şengün,HOU,,7/25/2002,C,23.7,-2,FG% PTS 3PT REB AST STL BLK FT% TO,⭐⭐⭐⭐⭐⭐⭐
13,,Scottie Barnes,TOR,,8/1/2001,PF,24.7,+4,FG% PTS 3PT REB AST STL BLK FT% TO,⭐⭐⭐⭐⭐⭐⭐
14,,Darryn Peterson,-,,1/17/2007,SG,19.3,-1,FG% PTS 3PT REB AST STL BLK FT% TO,⭐⭐⭐⭐⭐⭐⭐
15,,Cameron Boozer,-,,7/18/2007,PF,18.8,-1,FG% PTS 3PT REB AST STL BLK FT% TO,⭐⭐⭐⭐⭐⭐⭐
16,,Amen Thompson,HOU,,1/30/2003,SF,23.2,-1,FG% PTS 3PT REB AST STL BLK FT% TO,⭐⭐⭐⭐⭐⭐
17,,Evan Mobley,CLE,,6/18/2001,C,24.8,-1,FG% PTS 3PT REB AST STL BLK FT% TO,⭐⭐⭐⭐⭐⭐
18,,Chet Holmgren,OKC,,5/1/2002,PF,24.0,0,FG% PTS 3PT REB AST STL BLK FT% TO,⭐⭐⭐⭐⭐⭐
19,,Deni Avdija,POR,,1/3/2001,SF,25.3,+5,FG% PTS 3PT REB AST STL BLK FT% TO,⭐⭐⭐⭐⭐⭐
20,,Donovan Mitchell,CLE,,9/7/1996,SG,29.6,+7,FG% PTS 3PT REB AST STL BLK FT% TO,⭐⭐⭐⭐⭐⭐
21,,Jalen Williams,OKC,,4/14/2001,SF,25.0,-2,FG% PTS 3PT REB AST STL BLK FT% TO,⭐⭐⭐⭐⭐⭐
22,,Austin Reaves,LAL,,5/29/1998,SG,27.9,-1,FG% PTS 3PT REB AST STL BLK FT% TO,⭐⭐⭐⭐⭐⭐
23,,AJ Dybantsa,-,,1/29/2007,SF,19.2,+2,FG% PTS 3PT REB AST STL BLK FT% TO,⭐⭐⭐⭐⭐⭐
24,,Caleb Wilson,-,,7/18/2006,PF,19.8,+14,FG% PTS 3PT REB AST STL BLK FT% TO,⭐⭐⭐⭐⭐⭐
25,,Giannis Antetokounmpo,MIL,,12/6/1994,PF,31.4,-3,FG% PTS 3PT REB AST STL BLK FT% TO,⭐⭐⭐⭐⭐⭐⭐
26,,Dylan Harper,SAS,,5/2/2006,PG,20.0,-3,FG% PTS 3PT REB AST STL BLK FT% TO,⭐️⭐️⭐⭐⭐
27,,Franz Wagner,ORL,,8/27/2001,SF,24.7,+1,FG% PTS 3PT REB AST STL BLK FT% TO,⭐⭐⭐⭐⭐
28,,Devin Booker,PHO,,10/30/1996,SG,29.5,-8,FG% PTS 3PT REB AST STL BLK FT% TO,⭐⭐⭐⭐⭐
29,,Trey Murphy III,NOR,,6/18/2000,SF,25.8,+1,FG% PTS 3PT REB AST STL BLK FT% TO,⭐⭐⭐⭐
30,,Kon Knueppel II,CHA,,8/3/2005,SF,20.7,+4,FG% PTS 3PT REB AST STL BLK FT% TO,⭐⭐⭐⭐
31,,Josh Giddey,CHI,,10/10/2002,SF,23.5,-5,FG% PTS 3PT REB AST STL BLK FT% TO,⭐⭐⭐⭐
32,,Keyonte George,UTA,,11/8/2003,SG,22.5,+20,FG% PTS 3PT REB AST STL BLK FT% TO,⭐⭐⭐⭐
33,,Jamal Murray,DEN,,2/23/1997,PG,29.2,+2,FG% PTS 3PT REB AST STL BLK FT% TO,⭐⭐⭐⭐
34,,VJ Edgecombe,PHI,,7/30/2005,SG,20.7,+8,FG% PTS 3PT REB AST STL BLK FT% TO,⭐️⭐⭐⭐
35,,Kingston Flemings,-,,1/3/2007,PG,19.3,+2,FG% PTS 3PT REB AST STL BLK FT% TO,⭐⭐⭐⭐
36,,LaMelo Ball,CHA,,8/22/2001,PG,24.7,+7,FG% PTS 3PT REB AST STL BLK FT% TO,⭐⭐⭐
37,,Brandon Miller,CHA,,11/22/2002,PF,23.4,+4,FG% PTS 3PT REB AST STL BLK FT% TO,⭐⭐⭐
38,,Jalen Duren,DET,,11/18/2003,C,22.4,+2,FG% PTS 3PT REB AST STL BLK FT% TO,⭐⭐⭐
39,,Darius Garland,LAC,,1/26/2000,PG,26.2,-3,FG% PTS 3PT REB AST STL BLK FT% TO,⭐⭐⭐
40,,Paolo Banchero,ORL,,12/12/2002,PF,23.4,-9,FG% PTS 3PT REB AST STL BLK FT% TO,⭐⭐⭐
41,,Alex Sarr,WAS,,4/26/2005,PF,21.0,+5,FG% PTS 3PT REB AST STL BLK FT% TO,⭐⭐⭐
42,,Trae Young,WAS,,9/19/1998,PG,27.6,-13,FG% PTS 3PT REB AST STL BLK FT% TO,⭐⭐⭐
43,,Jalen Brunson,NYK,,8/31/1996,PG,29.6,+1,FG% PTS 3PT REB AST STL BLK FT% TO,⭐⭐⭐
44,,Bam Adebayo,MIA,,7/18/1997,C,28.8,+1,FG% PTS 3PT REB AST STL BLK FT% TO,⭐⭐⭐
45,,Karl-Anthony Towns,NYK,,11/15/1995,C,30.4,-12,FG% PTS 3PT REB AST STL BLK FT% TO,⭐⭐⭐
46,,Lauri Markkanen,UTA,,5/22/1997,PF,28.9,+1,FG% PTS 3PT REB AST STL BLK FT% TO,⭐⭐⭐
47,,Desmond Bane,ORL,,6/25/1998,SG,27.8,+3,FG% PTS 3PT REB AST STL BLK FT% TO,⭐⭐⭐
48,,Jaren Jackson Jr.,UTA,,9/15/1999,PF,26.6,0,FG% PTS 3PT REB AST STL BLK FT% TO,⭐⭐⭐
49,,Derik Queen,NOR,,12/27/2004,PF,21.3,0,FG% PTS 3PT REB AST STL BLK FT% TO,⭐⭐⭐
50,,Onyeka Okongwu,ATL,,12/11/2000,C,25.4,+8,FG% PTS 3PT REB AST STL BLK FT% TO,⭐⭐⭐
51,,Reed Sheppard,HOU,,6/24/2004,SG,21.8,0,FG% PTS 3PT REB AST STL BLK FT% TO,⭐⭐⭐
52,,Anthony Davis,WAS,,3/11/1993,PF,33.1,-13,FG% PTS 3PT REB AST STL BLK FT% TO,⭐⭐⭐⭐
53,,Jaylen Brown,BOS,,10/24/1996,SF,29.5,0,FG% PTS 3PT REB AST STL BLK FT% TO,⭐⭐
54,,Ivica Zubac,IND,,3/18/1997,C,29.1,+12,FG% PTS 3PT REB AST STL BLK FT% TO,⭐️⭐
55,,Zach Edey,MEM,,5/14/2002,C,23.9,-1,FG% PTS 3PT REB AST STL BLK FT% TO,⭐⭐
56,,Stephon Castle,SAS,,11/1/2004,SF,21.5,-1,FG% PTS 3PT REB AST STL BLK FT% TO,⭐⭐
57,,Cedric Coward,MEM,,9/11/2003,SF,22.6,+19,FG% PTS 3PT REB AST STL BLK FT% TO,⭐⭐
58,,Derrick White,BOS,,7/2/1994,PG,31.8,-2,FG% PTS 3PT REB AST STL BLK FT% TO,⭐⭐
59,,De'Aaron Fox,SAS,,12/20/1997,PG,28.3,-27,FG% PTS 3PT REB AST STL BLK FT% TO,⭐⭐
60,,Jalen Suggs,ORL,,6/3/2001,PG,24.9,+14,FG% PTS 3PT REB AST STL BLK FT% TO,⭐⭐
61,,Domantas Sabonis,SAC,,5/3/1996,C,30.0,-2,FG% PTS 3PT REB AST STL BLK FT% TO,⭐⭐
62,,Kyshawn George,WAS,,12/12/2003,SF,22.4,+10,FG% PTS 3PT REB AST STL BLK FT% TO,⭐⭐
63,,Keaton Wagler,-,,2/3/2007,SG,19.2,NEW,FG% PTS 3PT REB AST STL BLK FT% TO,⭐⭐
64,,Kyrie Irving,DAL,,3/23/1992,PG,34.1,-4,FG% PTS 3PT REB AST STL BLK FT% TO,⭐⭐⭐⭐
65,,James Harden,CLE,,8/26/1989,SG,36.7,-4,FG% PTS 3PT REB AST STL BLK FT% TO,⭐⭐⭐⭐
66,,Kevin Durant,HOU,,9/29/1988,SF,37.6,-4,FG% PTS 3PT REB AST STL BLK FT% TO,⭐⭐⭐⭐
67,,Stephen Curry,GSW,,3/14/1988,PG,38.1,-4,FG% PTS 3PT REB AST STL BLK FT% TO,⭐⭐⭐⭐
68,,Ausar Thompson,DET,,1/31/2003,SF,23.2,-11,FG% PTS 3PT REB AST STL BLK FT% TO,⭐
69,,Tyler Herro,MIA,,1/20/2000,SG,26.3,-5,FG% PTS 3PT REB AST STL BLK FT% TO,⭐
70,,Walker Kessler,UTA,,7/26/2001,C,24.7,-3,FG% PTS 3PT REB AST STL BLK FT% TO,⭐
71,,Donovan Clingan,POR,,2/23/2004,C,22.2,+9,FG% PTS 3PT REB AST STL BLK FT% TO,⭐
72,,OG Anunoby,NYK,,7/17/1997,SF,28.8,-3,FG% PTS 3PT REB AST STL BLK FT% TO,⭐
73,,Isaiah Hartenstein,OKC,,5/5/1998,C,28.0,0,FG% PTS 3PT REB AST STL BLK FT% TO,⭐
74,,Mikal Bridges,NYK,,8/30/1996,SF,29.7,-4,FG% PTS 3PT REB AST STL BLK FT% TO,⭐
75,,Collin Murray-Boyles,TOR,,6/10/2005,PF,20.9,+20,FG% PTS 3PT REB AST STL BLK FT% TO,⭐
76,,Ja Morant,MEM,,8/10/1999,PG,26.7,-5,FG% PTS 3PT REB AST STL BLK FT% TO,⭐
77,,Matas Buzelis,CHI,,10/13/2004,SF,21.5,+8,FG% PTS 3PT REB AST STL BLK FT% TO,⭐
78,,Kel'el Ware,MIA,,4/20/2004,C,22.0,-10,FG% PTS 3PT REB AST STL BLK FT% TO,⭐
79,,Mikel Brown Jr.,-,,4/3/2006,PG,20.1,-2,FG% PTS 3PT REB AST STL BLK FT% TO,⭐
80,,Kawhi Leonard,LAC,,6/29/1991,SF,34.8,+32,FG% PTS 3PT REB AST STL BLK FT% TO,⭐⭐⭐⭐⭐
81,,Joel Embiid,PHI,,3/16/1994,C,32.1,+32,FG% PTS 3PT REB AST STL BLK FT% TO,⭐⭐⭐
82,,Zion Williamson,NOR,,7/6/2000,PF,25.8,-3,FG% PTS 3PT REB AST STL BLK FT% TO,⭐⭐
83,,Nickeil Alexander-Walker,ATL,,9/2/1998,SG,27.6,+47,FG% PTS 3PT REB AST STL BLK FT% TO,-
84,,Jaden McDaniels,MIN,,9/29/2000,PF,25.6,+5,FG% PTS 3PT REB AST STL BLK FT% TO,-
85,,Keegan Murray,SAC,,8/19/2000,PF,25.7,-4,FG% PTS 3PT REB AST STL BLK FT% TO,-
86,,Immanuel Quickley,TOR,,6/17/1999,PG,26.9,-4,FG% PTS 3PT REB AST STL BLK FT% TO,-
87,,Dyson Daniels,ATL,,3/17/2003,PG,23.1,-22,FG% PTS 3PT REB AST STL BLK FT% TO,-
88,,Pascal Siakam,IND,,4/2/1994,PF,32.1,-5,FG% PTS 3PT REB AST STL BLK FT% TO,-
89,,Scoot Henderson,POR,,2/3/2004,PG,22.2,-5,FG% PTS 3PT REB AST STL BLK FT% TO,-
90,,Brandon Ingram,TOR,,9/2/1997,SF,28.6,+3,FG% PTS 3PT REB AST STL BLK FT% TO,-
91,,Tari Eason,HOU,,5/10/2001,PF,25.0,+9,FG% PTS 3PT REB AST STL BLK FT% TO,-
92,,Ryan Rollins,MIL,,7/3/2002,SG,23.8,0,FG% PTS 3PT REB AST STL BLK FT% TO,-
93,,Jeremiah Fears,NOR,,10/14/2006,PG,19.5,-18,FG% PTS 3PT REB AST STL BLK FT% TO,-
94,,Jabari Smith Jr.,HOU,,5/13/2003,PF,22.9,+8,FG% PTS 3PT REB AST STL BLK FT% TO,-
95,,Mark Williams,PHO,,12/16/2001,C,24.4,-4,FG% PTS 3PT REB AST STL BLK FT% TO,-
96,,Julius Randle,MIN,,11/29/1994,PF,31.4,-2,FG% PTS 3PT REB AST STL BLK FT% TO,-
97,,Jarrett Allen,CLE,,4/21/1998,C,28.0,-1,FG% PTS 3PT REB AST STL BLK FT% TO,-
98,,Peyton Watson,DEN,,9/11/2002,PF,23.6,+37,FG% PTS 3PT REB AST STL BLK FT% TO,-
99,,Anthony Black,ORL,,1/20/2004,SF,22.3,+42,FG% PTS 3PT REB AST STL BLK FT% TO,-
100,,Naz Reid,MIN,,8/26/1999,PF,26.7,-3,FG% PTS 3PT REB AST STL BLK FT% TO,-
101,,Michael Porter Jr.,BKN,,6/29/1998,PF,27.8,+6,FG% PTS 3PT REB AST STL BLK FT% TO,-
102,,Myles Turner,MIL,,3/24/1996,C,30.1,-4,FG% PTS 3PT REB AST STL BLK FT% TO,-
103,,Cason Wallace,OKC,,11/7/2003,PG,22.5,0,FG% PTS 3PT REB AST STL BLK FT% TO,-
104,,Donte DiVincenzo,MIN,,1/31/1997,SG,29.2,0,FG% PTS 3PT REB AST STL BLK FT% TO,-
105,,Khaman Maluach,PHO,,9/14/2006,C,19.6,0,FG% PTS 3PT REB AST STL BLK FT% TO,-
106,,Josh Hart,NYK,,3/6/1995,SF,31.1,0,FG% PTS 3PT REB AST STL BLK FT% TO,-
107,,Ace Bailey,UTA,,8/13/2006,PF,19.7,-21,FG% PTS 3PT REB AST STL BLK FT% TO,-
108,,Tre Johnson,WAS,,3/7/2006,SG,20.1,+1,FG% PTS 3PT REB AST STL BLK FT% TO,-
109,,Dejounte Murray,NOR,,9/19/1996,PG,29.6,-21,FG% PTS 3PT REB AST STL BLK FT% TO,-
110,,Koa Peat,-,,1/20/2007,PF,19.3,-32,FG% PTS 3PT REB AST STL BLK FT% TO,-
111,,LeBron James,LAL,,12/30/1984,SF,41.3,+4,FG% PTS 3PT REB AST STL BLK FT% TO,⭐⭐
112,,Nic Claxton,BKN,,4/17/1999,C,27.0,-11,FG% PTS 3PT REB AST STL BLK FT% TO,❌
113,,Dereck Lively II,DAL,,2/12/2004,C,22.2,+3,FG% PTS 3PT REB AST STL BLK FT% TO,❌
114,,Shaedon Sharpe,POR,,5/30/2003,SF,22.9,-27,FG% PTS 3PT REB AST STL BLK FT% TO,❌
115,,Egor Dëmin,BKN,,3/3/2006,PG,20.1,+2,FG% PTS 3PT REB AST STL BLK FT% TO,❌
116,,Payton Pritchard,BOS,,1/28/1998,PG,28.2,+2,FG% PTS 3PT REB AST STL BLK FT% TO,❌
117,,Miles Bridges,CHA,,3/21/1998,SF,28.1,+2,FG% PTS 3PT REB AST STL BLK FT% TO,❌
118,,Santi Aldama,MEM,,1/10/2001,PF,25.3,+19,FG% PTS 3PT REB AST STL BLK FT% TO,❌
119,,Jalen Green,PHO,,2/9/2002,SG,24.2,-20,FG% PTS 3PT REB AST STL BLK FT% TO,❌
120,,Andrew Nembhard,IND,,1/16/2000,PG,26.3,+2,FG% PTS 3PT REB AST STL BLK FT% TO,❌
121,,P.J. Washington,DAL,,8/23/1998,PF,27.7,+2,FG% PTS 3PT REB AST STL BLK FT% TO,❌
122,,Fred VanVleet,HOU,,2/25/1994,PG,32.2,+7,FG% PTS 3PT REB AST STL BLK FT% TO,❌
123,,Toumani Camara,POR,,5/8/2000,PF,26.0,+1,FG% PTS 3PT REB AST STL BLK FT% TO,❌
124,,Ajay Mitchell,OKC,,6/25/2002,PG,23.8,+1,FG% PTS 3PT REB AST STL BLK FT% TO,❌
125,,Kevin Porter Jr.,MIL,,5/4/2000,SG,26.0,+9,FG% PTS 3PT REB AST STL BLK FT% TO,❌
126,,Jakob Poeltl,TOR,,10/15/1995,C,30.5,0,FG% PTS 3PT REB AST STL BLK FT% TO,❌
127,,Coby White,CHA,,2/16/2000,PG,26.2,-37,FG% PTS 3PT REB AST STL BLK FT% TO,❌
128,,Aaron Gordon,DEN,,9/16/1995,PF,30.6,0,FG% PTS 3PT REB AST STL BLK FT% TO,❌
129,,Deandre Ayton,LAL,,7/23/1998,C,27.8,-21,FG% PTS 3PT REB AST STL BLK FT% TO,❌
130,,Devin Vassell,SAS,,8/23/2000,SF,25.7,-9,FG% PTS 3PT REB AST STL BLK FT% TO,❌
131,,Andrew Wiggins,MIA,,2/23/1995,SF,31.2,+12,FG% PTS 3PT REB AST STL BLK FT% TO,❌
132,,Zach LaVine,SAC,,3/10/1995,SG,31.1,-22,FG% PTS 3PT REB AST STL BLK FT% TO,❌
133,,Norman Powell,MIA,,5/25/1993,SG,32.9,+5,FG% PTS 3PT REB AST STL BLK FT% TO,❌
134,,Brandin Podziemski,GSW,,2/25/2003,SG,23.2,+5,FG% PTS 3PT REB AST STL BLK FT% TO,❌
135,,Jaylon Tyson,CLE,,12/2/2002,SF,23.4,+7,FG% PTS 3PT REB AST STL BLK FT% TO,❌
136,,Christian Braun,DEN,,4/17/2001,SF,25.0,-5,FG% PTS 3PT REB AST STL BLK FT% TO,❌
137,,Day'Ron Sharpe,BKN,,11/6/2001,C,24.5,+40,FG% PTS 3PT REB AST STL BLK FT% TO,❌
138,,John Collins,LAC,,9/23/1997,PF,28.6,+23,FG% PTS 3PT REB AST STL BLK FT% TO,❌
139,,Thomas Sorber,OKC,,12/25/2005,C,20.3,+15,FG% PTS 3PT REB AST STL BLK FT% TO,❌
140,,Herbert Jones,NOR,,10/6/1998,PF,27.6,+6,FG% PTS 3PT REB AST STL BLK FT% TO,❌
141,,Carter Bryant,SAS,,11/26/2005,SF,20.4,+14,FG% PTS 3PT REB AST STL BLK FT% TO,❌
142,,Daniel Gafford,DAL,,10/1/1998,C,27.6,+14,FG% PTS 3PT REB AST STL BLK FT% TO,❌
143,,Nikola Topić,OKC,,8/10/2005,PG,20.7,+15,FG% PTS 3PT REB AST STL BLK FT% TO,❌
144,,Malik Monk,SAC,,2/4/1998,SG,28.2,+15,FG% PTS 3PT REB AST STL BLK FT% TO,❌
145,,Bilal Coulibaly,WAS,,7/26/2004,SF,21.7,-1,FG% PTS 3PT REB AST STL BLK FT% TO,❌
146,,Ronald Holland II,DET,,7/7/2005,SF,20.8,+1,FG% PTS 3PT REB AST STL BLK FT% TO,❌
147,,Yang Hansen ,POR,,6/26/2005,C,20.8,+15,FG% PTS 3PT REB AST STL BLK FT% TO,❌
148,,Kasparas Jakučionis,MIA,,5/29/2006,PG,19.9,+51,FG% PTS 3PT REB AST STL BLK FT% TO,❌
149,,Rudy Gobert,MIN,,6/26/1992,C,33.8,+22,FG% PTS 3PT REB AST STL BLK FT% TO,❌
150,,Jimmy Butler III,GSW,,9/14/1989,SF,36.6,-36,FG% PTS 3PT REB AST STL BLK FT% TO,⭐⭐
151,,Kristaps Porziņģis,GSW,,8/2/1995,C,30.7,+12,FG% PTS 3PT REB AST STL BLK FT% TO,⭐
152,,Paul George,PHI,,5/20/1990,SF,35.9,+12,FG% PTS 3PT REB AST STL BLK FT% TO,⭐
153,,Damian Lillard,POR,,7/15/1990,PG,35.8,+13,FG% PTS 3PT REB AST STL BLK FT% TO,⭐
154,,Jrue Holiday,POR,,6/12/1990,PG,35.9,+13,FG% PTS 3PT REB AST STL BLK FT% TO,⭐
155,,Moussa Diabaté,CHA,,1/21/2002,C,24.3,+55,FG% PTS 3PT REB AST STL BLK FT% TO,❌❌
156,,Moses Moody,GSW,,5/31/2002,SF,23.9,+12,FG% PTS 3PT REB AST STL BLK FT% TO,❌❌
157,,RJ Barrett,TOR,,6/14/2000,SG,25.9,-25,FG% PTS 3PT REB AST STL BLK FT% TO,❌❌
158,,Kyle Filipowski,UTA,,11/7/2003,C,22.5,-18,FG% PTS 3PT REB AST STL BLK FT% TO,❌❌
159,,Jared McCain,OKC,,2/20/2004,SG,22.2,+11,FG% PTS 3PT REB AST STL BLK FT% TO,❌❌
160,,Neemias Queta,BOS,,7/13/1999,C,26.8,+12,FG% PTS 3PT REB AST STL BLK FT% TO,❌❌
161,,Mitchell Robinson,NYK,,4/1/1998,C,28.1,+12,FG% PTS 3PT REB AST STL BLK FT% TO,❌❌
162,,Quentin Grimes,PHI,,5/8/2000,SG,26.0,-29,FG% PTS 3PT REB AST STL BLK FT% TO,❌❌
163,,Aaron Nesmith,IND,,10/16/1999,SF,26.5,-10,FG% PTS 3PT REB AST STL BLK FT% TO,❌❌
164,,Ty Jerome,MEM,,7/8/1997,PG,28.8,-4,FG% PTS 3PT REB AST STL BLK FT% TO,❌❌
165,,Cameron Johnson,DEN,,3/3/1996,SF,30.1,-17,FG% PTS 3PT REB AST STL BLK FT% TO,❌❌
166,,Ryan Kalkbrenner,CHA,,1/17/2002,C,24.3,-16,FG% PTS 3PT REB AST STL BLK FT% TO,❌❌
167,,Collin Gillespie,PHO,,6/25/1999,PG,26.8,+7,FG% PTS 3PT REB AST STL BLK FT% TO,❌❌
168,,Isaiah Stewart,DET,,5/22/2001,C,24.9,+7,FG% PTS 3PT REB AST STL BLK FT% TO,❌❌
169,,Walter Clayton Jr.,MEM,,3/6/2003,PG,23.1,-18,FG% PTS 3PT REB AST STL BLK FT% TO,❌❌
170,,Joan Beringer,MIN,,11/11/2006,C,19.4,+11,FG% PTS 3PT REB AST STL BLK FT% TO,❌❌
171,,Bennedict Mathurin,LAC,,6/19/2002,SG,23.8,-51,FG% PTS 3PT REB AST STL BLK FT% TO,❌❌
172,,Anfernee Simons,CHI,,6/8/1999,SG,26.9,+32,FG% PTS 3PT REB AST STL BLK FT% TO,❌❌
173,,Wendell Carter Jr.,ORL,,4/16/1999,C,27.0,+5,FG% PTS 3PT REB AST STL BLK FT% TO,❌❌
174,,Jaden Ivey,CHI,,2/13/2002,SG,24.2,-29,FG% PTS 3PT REB AST STL BLK FT% TO,❌❌
175,,Nolan Traoré,BKN,,5/28/2006,PG,19.9,+78,FG% PTS 3PT REB AST STL BLK FT% TO,❌❌
176,,Max Christie,DAL,,2/10/2003,SG,23.2,+55,FG% PTS 3PT REB AST STL BLK FT% TO,❌❌
177,,Jaime Jaquez Jr.,MIA,,2/18/2001,SF,25.2,-8,FG% PTS 3PT REB AST STL BLK FT% TO,❌❌
178,,Noah Clowney,BKN,,7/14/2004,PF,21.8,-42,FG% PTS 3PT REB AST STL BLK FT% TO,❌❌
179,,Maxime Raynaud,SAC,,4/7/2003,C,23.0,+14,FG% PTS 3PT REB AST STL BLK FT% TO,❌❌
180,,Jerami Grant,POR,,3/12/1994,PF,32.1,-31,FG% PTS 3PT REB AST STL BLK FT% TO,❌❌
181,,Danny Wolf,BKN,,5/5/2004,C,22.0,-2,FG% PTS 3PT REB AST STL BLK FT% TO,❌❌
182,,Aaron Wiggins,OKC,,1/2/1999,SF,27.3,-6,FG% PTS 3PT REB AST STL BLK FT% TO,❌❌
183,,De'Andre Hunter,SAC,,12/2/1997,SF,28.4,-3,FG% PTS 3PT REB AST STL BLK FT% TO,❌❌
184,,Tre Jones,CHI,,1/8/2000,PG,26.3,-1,FG% PTS 3PT REB AST STL BLK FT% TO,❌❌
185,,Goga Bitadze,ORL,,7/20/1999,C,26.8,+1,FG% PTS 3PT REB AST STL BLK FT% TO,❌❌
186,,Rob Dillingham,CHI,,1/4/2005,PG,21.3,-2,FG% PTS 3PT REB AST STL BLK FT% TO,❌❌
187,,Ayo Dosunmu,MIN,,1/17/2000,PG,26.3,+40,FG% PTS 3PT REB AST STL BLK FT% TO,❌❌
188,,Cam Spencer,MEM,,4/6/2000,SG,26.0,+1,FG% PTS 3PT REB AST STL BLK FT% TO,❌❌
189,,Dillon Brooks,PHO,,1/22/1996,SF,30.3,+11,FG% PTS 3PT REB AST STL BLK FT% TO,❌❌
190,,Luke Kornet,SAS,,7/15/1995,C,30.8,+56,FG% PTS 3PT REB AST STL BLK FT% TO,❌❌
191,,Grayson Allen,PHO,,10/8/1995,SG,30.5,0,FG% PTS 3PT REB AST STL BLK FT% TO,❌❌
192,,Nique Clifford,SAC,,2/9/2002,SF,24.2,0,FG% PTS 3PT REB AST STL BLK FT% TO,❌❌
193,,Jaylen Wells,MEM,,8/26/2003,SF,22.7,-11,FG% PTS 3PT REB AST STL BLK FT% TO,❌❌
194,,Jordan Poole,NOR,,6/19/1999,SG,26.8,-67,FG% PTS 3PT REB AST STL BLK FT% TO,❌❌
195,,Keon Ellis,CLE,,1/8/2000,SG,26.3,-1,FG% PTS 3PT REB AST STL BLK FT% TO,❌❌
196,,Scotty Pippen Jr.,MEM,,10/10/2000,PG,25.5,+16,FG% PTS 3PT REB AST STL BLK FT% TO,❌❌
197,,Tobias Harris,DET,,7/15/1992,PF,33.8,-1,FG% PTS 3PT REB AST STL BLK FT% TO,❌❌
198,,Isaiah Collier,UTA,,10/8/2004,PG,21.5,-1,FG% PTS 3PT REB AST STL BLK FT% TO,❌❌
199,,Jonathan Kuminga,ATL,,10/6/2002,SF,23.5,-42,FG% PTS 3PT REB AST STL BLK FT% TO,❌❌
200,,Bub Carrington,WAS,,7/21/2005,PG,20.8,-2,FG% PTS 3PT REB AST STL BLK FT% TO,❌❌
201,,Davion Mitchell,MIA,,9/5/1998,PG,27.6,-13,FG% PTS 3PT REB AST STL BLK FT% TO,❌❌
202,,Devin Carter,SAC,,3/18/2002,SG,24.1,+43,FG% PTS 3PT REB AST STL BLK FT% TO,❌❌
203,,Cam Thomas,MIL,,10/13/2001,SG,24.5,-51,FG% PTS 3PT REB AST STL BLK FT% TO,❌❌
204,,Naji Marshall,DAL,,1/24/1998,PF,28.2,+30,FG% PTS 3PT REB AST STL BLK FT% TO,❌❌
205,,Dominick Barlow,PHI,,5/26/2003,PF,22.9,+35,FG% PTS 3PT REB AST STL BLK FT% TO,❌❌
206,,Draymond Green,GSW,,3/4/1990,PF,36.1,-5,FG% PTS 3PT REB AST STL BLK FT% TO,❌❌
207,,Justin Champagnie,WAS,,6/29/2001,SF,24.8,+43,FG% PTS 3PT REB AST STL BLK FT% TO,❌❌
208,,DeMar DeRozan,SAC,,8/7/1989,SF,36.7,-6,FG% PTS 3PT REB AST STL BLK FT% TO,❌❌
209,,GG Jackson,MEM,,12/17/2004,PF,21.3,+76,FG% PTS 3PT REB AST STL BLK FT% TO,❌❌
210,,Jarace Walker,IND,,9/4/2003,PF,22.6,+8,FG% PTS 3PT REB AST STL BLK FT% TO,❌❌
211,,Jake LaRavia,LAL,,11/3/2001,SF,24.5,-5,FG% PTS 3PT REB AST STL BLK FT% TO,❌❌
212,,De'Anthony Melton,GSW,,5/28/1998,SG,27.9,+26,FG% PTS 3PT REB AST STL BLK FT% TO,❌❌
213,,Sam Merrill,CLE,,5/15/1996,SG,29.9,-6,FG% PTS 3PT REB AST STL BLK FT% TO,❌❌
214,,Kelly Oubre Jr.,PHI,,12/9/1995,SF,30.4,-6,FG% PTS 3PT REB AST STL BLK FT% TO,❌❌
215,,Noa Essengue,CHI,,12/18/2006,PF,19.3,-6,FG% PTS 3PT REB AST STL BLK FT% TO,❌❌
216,,Jalen Smith,CHI,,3/16/2000,PF,26.1,+19,FG% PTS 3PT REB AST STL BLK FT% TO,❌❌
217,,Alex Caruso,OKC,,2/28/1994,SG,32.2,-6,FG% PTS 3PT REB AST STL BLK FT% TO,❌❌
218,,Nikola Jović,MIA,,6/9/2003,SF,22.9,-13,FG% PTS 3PT REB AST STL BLK FT% TO,❌❌
219,,Collin Sexton,CHI,,1/4/1999,PG,27.3,-6,FG% PTS 3PT REB AST STL BLK FT% TO,❌❌
220,,Obi Toppin,IND,,3/4/1998,PF,28.1,-5,FG% PTS 3PT REB AST STL BLK FT% TO,❌❌
221,,Rui Hachimura,LAL,,2/8/1998,PF,28.2,-5,FG% PTS 3PT REB AST STL BLK FT% TO,❌❌
222,,Julian Champagnie,SAS,,6/29/2001,SF,24.8,+57,FG% PTS 3PT REB AST STL BLK FT% TO,❌❌
223,,Sandro Mamukelashvili,TOR,,5/23/1999,C,26.9,-6,FG% PTS 3PT REB AST STL BLK FT% TO,❌❌
224,,Miles McBride,NYK,,9/8/2000,PG,25.6,+44,FG% PTS 3PT REB AST STL BLK FT% TO,❌❌
225,,Robert Williams III,POR,,10/17/1997,C,28.5,+22,FG% PTS 3PT REB AST STL BLK FT% TO,❌❌
226,,Jusuf Nurkić,UTA,,8/23/1994,C,31.7,+35,FG% PTS 3PT REB AST STL BLK FT% TO,❌❌
227,,Derrick Jones Jr.,LAC,,2/15/1997,SF,29.2,+68,FG% PTS 3PT REB AST STL BLK FT% TO,❌❌
228,,Saddiq Bey,NOR,,4/9/1999,SF,27.0,+24,FG% PTS 3PT REB AST STL BLK FT% TO,❌❌
229,,Josh Minott,BKN,,11/25/2002,PF,23.4,-39,FG% PTS 3PT REB AST STL BLK FT% TO,❌❌
230,,Kris Dunn,LAC,,3/18/1994,SG,32.1,+33,FG% PTS 3PT REB AST STL BLK FT% TO,❌❌
231,,Bradley Beal,LAC,,6/28/1993,SG,32.8,-10,FG% PTS 3PT REB AST STL BLK FT% TO,❌❌
232,,CJ McCollum,ATL,,9/19/1991,SG,34.6,+9,FG% PTS 3PT REB AST STL BLK FT% TO,❌❌
233,,Nikola Vučević,BOS,,10/24/1990,C,35.5,-68,FG% PTS 3PT REB AST STL BLK FT% TO,❌❌
234,,Zaccharie Risacher,ATL,,4/8/2005,SF,21.0,-39,FG% PTS 3PT REB AST STL BLK FT% TO,❌❌❌
235,,Will Riley,WAS,,2/10/2006,SF,20.2,+63,FG% PTS 3PT REB AST STL BLK FT% TO,❌❌❌
236,,Jase Richardson,ORL,,10/15/2005,SG,20.5,-14,FG% PTS 3PT REB AST STL BLK FT% TO,❌❌❌
237,,Luguentz Dort,OKC,,4/19/1999,SG,27.0,-12,FG% PTS 3PT REB AST STL BLK FT% TO,❌❌❌
238,,Yves Missi,NOR,,5/14/2004,C,21.9,-9,FG% PTS 3PT REB AST STL BLK FT% TO,❌❌❌
239,,Brice Sensabaugh,UTA,,10/31/2003,SF,22.5,+18,FG% PTS 3PT REB AST STL BLK FT% TO,❌❌❌
240,,Taylor Hendricks,MEM,,11/22/2003,PF,22.4,-55,FG% PTS 3PT REB AST STL BLK FT% TO,❌❌❌
241,,Jamal Shead,TOR,,7/24/2001,PG,24.8,-11,FG% PTS 3PT REB AST STL BLK FT% TO,❌❌❌
242,,Dennis Schröder,CLE,,9/15/1993,PG,32.6,-10,FG% PTS 3PT REB AST STL BLK FT% TO,❌❌❌
243,,Bobby Portis Jr.,MIL,,2/10/1995,C,31.2,-40,FG% PTS 3PT REB AST STL BLK FT% TO,❌❌❌
244,,Isaiah Joe,OKC,,7/2/1999,SG,26.8,-25,FG% PTS 3PT REB AST STL BLK FT% TO,❌❌❌
245,,Keldon Johnson,SAS,,10/11/1999,SF,26.5,+37,FG% PTS 3PT REB AST STL BLK FT% TO,❌❌❌
246,,Craig Porter Jr.,CLE,,2/26/2000,SG,26.2,+37,FG% PTS 3PT REB AST STL BLK FT% TO,❌❌❌
247,,Daniss Jenkins,DET,,8/17/2001,PG,24.7,+80,FG% PTS 3PT REB AST STL BLK FT% TO,❌❌❌
248,,Dylan Cardwell,SAC,,12/16/2001,C,24.4,+180,FG% PTS 3PT REB AST STL BLK FT% TO,❌❌❌
249,,Brandon Williams,DAL,,11/22/1999,PG,26.4,-10,FG% PTS 3PT REB AST STL BLK FT% TO,❌❌❌
250,,Hugo González,BOS,,2/5/2006,SF,20.2,-7,FG% PTS 3PT REB AST STL BLK FT% TO,❌❌❌
251,,Tristan Vukčević,WAS,,3/11/2003,C,23.1,+50,FG% PTS 3PT REB AST STL BLK FT% TO,❌❌❌
252,,Jay Huff,IND,,8/25/1998,C,27.7,-65,FG% PTS 3PT REB AST STL BLK FT% TO,❌❌❌
253,,Marcus Smart,LAL,,3/6/1994,SG,32.1,-5,FG% PTS 3PT REB AST STL BLK FT% TO,❌❌❌
254,,Tristan da Silva,ORL,,5/15/2001,SF,24.9,-5,FG% PTS 3PT REB AST STL BLK FT% TO,❌❌❌
255,,Jose Alvarado,NYK,,4/12/1998,PG,28.0,+45,FG% PTS 3PT REB AST STL BLK FT% TO,❌❌❌
256,,Quinten Post,GSW,,3/21/2000,C,26.1,-23,FG% PTS 3PT REB AST STL BLK FT% TO,❌❌❌
257,,Rasheer Fleming,PHO,,7/10/2004,PF,21.8,-3,FG% PTS 3PT REB AST STL BLK FT% TO,❌❌❌
258,,Yanic Konan Niederhäuser,LAC,,3/14/2003,C,23.1,+51,FG% PTS 3PT REB AST STL BLK FT% TO,❌❌❌
259,,Jaylin Williams,OKC,,6/29/2002,C,23.8,-4,FG% PTS 3PT REB AST STL BLK FT% TO,❌❌❌
260,,Asa Newell,ATL,,10/5/2005,PF,20.5,-4,FG% PTS 3PT REB AST STL BLK FT% TO,❌❌❌
261,,T.J. McConnell,IND,,3/25/1992,PG,34.1,-1,FG% PTS 3PT REB AST STL BLK FT% TO,❌❌❌
262,,Vít Krejčí,POR,,6/19/2000,PG,25.8,0,FG% PTS 3PT REB AST STL BLK FT% TO,❌❌❌
263,,Jordan Goodwin,PHO,,10/23/1998,SG,27.5,+124,FG% PTS 3PT REB AST STL BLK FT% TO,❌❌❌
264,,Gui Santos,GSW,,6/22/2002,SG,23.8,+146,FG% PTS 3PT REB AST STL BLK FT% TO,❌❌❌
265,,Jordan Walsh,BOS,,3/3/2004,SF,22.1,-28,FG% PTS 3PT REB AST STL BLK FT% TO,❌❌❌
266,,Royce O'Neale,PHO,,6/5/1993,SF,32.9,-2,FG% PTS 3PT REB AST STL BLK FT% TO,❌❌❌
267,,Dru Smith,MIA,,12/30/1997,PG,28.3,-2,FG% PTS 3PT REB AST STL BLK FT% TO,❌❌❌
268,,Brook Lopez,LAC,,4/1/1988,C,38.1,+42,FG% PTS 3PT REB AST STL BLK FT% TO,❌❌
269,,Al Horford,GSW,,6/3/1986,C,39.9,+99,FG% PTS 3PT REB AST STL BLK FT% TO,❌❌
270,,Vince Williams Jr.,UTA,,8/30/2000,SF,25.6,-3,FG% PTS 3PT REB AST STL BLK FT% TO,❌❌❌❌
271,,Tidjane Salaün,CHA,,8/10/2005,PF,20.7,+53,FG% PTS 3PT REB AST STL BLK FT% TO,❌❌❌❌
272,,Mouhamed Gueye,ATL,,11/9/2002,PF,23.5,-28,FG% PTS 3PT REB AST STL BLK FT% TO,❌❌❌❌
273,,Karlo Matković,NOR,,3/30/2001,C,25.1,+8,FG% PTS 3PT REB AST STL BLK FT% TO,❌❌❌❌
274,,Lonzo Ball,FA,,10/27/1997,PG,28.5,-50,FG% PTS 3PT REB AST STL BLK FT% TO,❌❌❌❌
275,,Bruce Brown Jr.,DEN,,8/15/1996,SG,29.7,-4,FG% PTS 3PT REB AST STL BLK FT% TO,❌❌❌❌
276,,Adem Bona,PHI,,3/28/2003,C,23.1,-53,FG% PTS 3PT REB AST STL BLK FT% TO,❌❌❌❌
277,,Cam Whitmore,WAS,,7/8/2004,SF,21.8,-57,FG% PTS 3PT REB AST STL BLK FT% TO,❌❌❌❌
278,,Tre Mann,CHA,,2/3/2001,SG,25.2,-50,FG% PTS 3PT REB AST STL BLK FT% TO,❌❌❌❌
279,,Kyle Kuzma,MIL,,7/24/1995,PF,30.8,-6,FG% PTS 3PT REB AST STL BLK FT% TO,❌❌❌❌
280,,Max Strus,CLE,,3/28/1996,SG,30.1,-6,FG% PTS 3PT REB AST STL BLK FT% TO,❌❌❌❌
281,,Trendon Watford,PHI,,11/9/2000,PF,25.5,-6,FG% PTS 3PT REB AST STL BLK FT% TO,❌❌❌❌
282,,Liam McNeeley,CHA,,10/10/2005,SF,20.5,-6,FG% PTS 3PT REB AST STL BLK FT% TO,❌❌❌❌
283,,Sion James,CHA,,12/4/2002,SF,23.4,-6,FG% PTS 3PT REB AST STL BLK FT% TO,❌❌❌❌
284,,Adou Thiero,LAL,,5/8/2004,SF,22.0,-6,FG% PTS 3PT REB AST STL BLK FT% TO,❌❌❌❌
285,,Ryan Dunn,PHO,,1/7/2003,PF,23.3,-71,FG% PTS 3PT REB AST STL BLK FT% TO,❌❌❌❌
286,,Pelle Larsson,MIA,,2/23/2001,SG,25.2,-6,FG% PTS 3PT REB AST STL BLK FT% TO,❌❌❌❌
287,,Andre Drummond,PHI,,8/10/1993,C,32.7,-3,FG% PTS 3PT REB AST STL BLK FT% TO,❌❌❌❌
288,,Steven Adams,HOU,,7/20/1993,C,32.8,-19,FG% PTS 3PT REB AST STL BLK FT% TO,❌❌❌❌
289,,Tyler Kolek,NYK,,3/27/2001,PG,25.1,-17,FG% PTS 3PT REB AST STL BLK FT% TO,❌❌❌❌
290,,Brandon Clarke,MEM,,9/19/1996,C,29.6,-2,FG% PTS 3PT REB AST STL BLK FT% TO,❌❌❌❌
291,,Ryan Nembhard,DAL,,3/10/2003,PG,23.1,-1,FG% PTS 3PT REB AST STL BLK FT% TO,❌❌❌❌
292,,Harrison Barnes,SAS,,5/30/1992,PF,33.9,-1,FG% PTS 3PT REB AST STL BLK FT% TO,❌❌❌❌
293,,Khris Middleton,DAL,,8/12/1991,SF,34.7,-1,FG% PTS 3PT REB AST STL BLK FT% TO,❌❌❌❌
294,,Bones Hyland,MIN,,9/14/2000,SG,25.6,0,FG% PTS 3PT REB AST STL BLK FT% TO,❌❌❌❌
295,,Noah Penda,ORL,,1/7/2005,PF,21.3,+1,FG% PTS 3PT REB AST STL BLK FT% TO,❌❌❌❌
296,,Will Richard,GSW,,12/24/2002,SG,23.3,+1,FG% PTS 3PT REB AST STL BLK FT% TO,❌❌❌❌
297,,Ja'Kobe Walter,TOR,,9/4/2004,SG,21.6,+2,FG% PTS 3PT REB AST STL BLK FT% TO,❌❌❌❌
298,,DaRon Holmes II,DEN,,8/15/2002,C,23.7,-28,FG% PTS 3PT REB AST STL BLK FT% TO,❌❌❌❌
299,,AJ Green,MIL,,9/27/1999,SG,26.6,+18,FG% PTS 3PT REB AST STL BLK FT% TO,❌❌❌❌
300,,Clint Capela,HOU,,5/18/1994,C,31.9,+7,FG% PTS 3PT REB AST STL BLK FT% TO,❌❌❌❌
301,,Cody Williams,UTA,,11/20/2004,SF,21.4,+35,FG% PTS 3PT REB AST STL BLK FT% TO,❌❌❌❌
302,,Jock Landale,ATL,,10/25/1995,C,30.5,+64,FG% PTS 3PT REB AST STL BLK FT% TO,❌❌❌❌
303,,Paul Reed,DET,,6/14/1999,PF,26.9,+38,FG% PTS 3PT REB AST STL BLK FT% TO,❌❌❌❌
304,,Nick Richards,CHI,,11/29/1997,C,28.4,+54,FG% PTS 3PT REB AST STL BLK FT% TO,❌❌❌❌
305,,Pat Spencer,GSW,,7/4/1996,PG,29.8,+48,FG% PTS 3PT REB AST STL BLK FT% TO,❌❌❌❌
306,,Kam Jones,IND,,2/25/2002,SG,24.2,-4,FG% PTS 3PT REB AST STL BLK FT% TO,❌❌❌❌
307,,Jonathan Mogbo,TOR,,10/29/2001,PF,24.5,-3,FG% PTS 3PT REB AST STL BLK FT% TO,❌❌❌❌
308,,Moritz Wagner,ORL,,4/26/1997,C,29.0,-3,FG% PTS 3PT REB AST STL BLK FT% TO,❌❌❌❌
309,,Johnny Furphy,IND,,12/7/2004,SF,21.4,-50,FG% PTS 3PT REB AST STL BLK FT% TO,❌❌❌❌
310,,Leonard Miller,CHI,,11/26/2003,PF,22.4,+60,FG% PTS 3PT REB AST STL BLK FT% TO,❌❌❌❌
311,,Corey Kispert,ATL,,3/3/1999,SF,27.1,+22,FG% PTS 3PT REB AST STL BLK FT% TO,❌❌❌❌
312,,Trayce Jackson-Davis,TOR,,2/22/2000,C,26.2,-1,FG% PTS 3PT REB AST STL BLK FT% TO,❌❌❌❌
313,,Kevin Huerter,DET,,8/27/1998,SG,27.7,-71,FG% PTS 3PT REB AST STL BLK FT% TO,❌❌❌❌
314,,Oso Ighodaro,PHO,,7/2/2002,C,23.8,+46,FG% PTS 3PT REB AST STL BLK FT% TO,❌❌❌❌
315,,Gradey Dick,TOR,,11/20/2003,SF,22.4,-3,FG% PTS 3PT REB AST STL BLK FT% TO,❌❌❌❌
316,,Micah Peavy,NOR,,7/16/2001,SF,24.8,-3,FG% PTS 3PT REB AST STL BLK FT% TO,❌❌❌❌
317,,Patrick Williams,CHI,,8/26/2001,PF,24.7,-3,FG% PTS 3PT REB AST STL BLK FT% TO,❌❌❌❌
318,,Tyrese Proctor,CLE,,1/4/2004,SG,22.3,-3,FG% PTS 3PT REB AST STL BLK FT% TO,❌❌❌❌
319,,Chaz Lanier,DET,,12/19/2000,SG,25.3,-3,FG% PTS 3PT REB AST STL BLK FT% TO,❌❌❌❌
320,,Ben Saraf,BKN,,4/14/2006,PG,20.0,-2,FG% PTS 3PT REB AST STL BLK FT% TO,❌❌❌❌
321,,Gary Trent Jr.,MIL,,1/18/1999,SG,27.3,-63,FG% PTS 3PT REB AST STL BLK FT% TO,❌❌❌❌
322,,Luke Kennard,LAL,,6/24/1996,SG,29.8,-3,FG% PTS 3PT REB AST STL BLK FT% TO,❌❌❌❌
323,,Ochai Agbaji,BKN,,4/20/2000,SG,26.0,-3,FG% PTS 3PT REB AST STL BLK FT% TO,❌❌❌❌
324,,Josh Okogie,HOU,,9/1/1998,SG,27.6,-3,FG% PTS 3PT REB AST STL BLK FT% TO,❌❌❌❌
325,,Spencer Jones,DEN,,6/14/2001,SF,24.9,-3,FG% PTS 3PT REB AST STL BLK FT% TO,❌❌❌❌
326,,Baylor Scheierman,BOS,,9/26/2000,SF,25.6,+14,FG% PTS 3PT REB AST STL BLK FT% TO,❌❌❌❌
327,,Drake Powell,BKN,,9/8/2005,SF,20.6,-4,FG% PTS 3PT REB AST STL BLK FT% TO,❌❌❌❌
328,,Jonathan Isaac,ORL,,10/3/1997,PF,28.6,-3,FG% PTS 3PT REB AST STL BLK FT% TO,❌❌❌❌
329,,Ziaire Williams,BKN,,9/12/2001,SF,24.6,+21,FG% PTS 3PT REB AST STL BLK FT% TO,❌❌❌❌
330,,Nae'Qwan Tomlin,CLE,,12/19/2000,PF,25.3,+73,FG% PTS 3PT REB AST STL BLK FT% TO,❌❌❌❌
331,,Sam Hauser,BOS,,12/8/1997,PF,28.4,+14,FG% PTS 3PT REB AST STL BLK FT% TO,❌❌❌❌
332,,Ousmane Dieng,MIL,,5/21/2003,SF,22.9,+75,FG% PTS 3PT REB AST STL BLK FT% TO,❌❌❌❌❌
333,,D'Angelo Russell,WAS,,2/23/1996,PG,30.2,-107,FG% PTS 3PT REB AST STL BLK FT% TO,❌❌❌❌❌
334,,Julian Strawther,DEN,,4/18/2002,SF,24.0,-6,FG% PTS 3PT REB AST STL BLK FT% TO,❌❌❌❌❌
335,,Sidy Cissoko,POR,,4/2/2004,SF,22.1,+49,FG% PTS 3PT REB AST STL BLK FT% TO,❌❌❌❌❌
336,,Kobe Sanders,LAC,,5/30/2002,SF,23.9,+42,FG% PTS 3PT REB AST STL BLK FT% TO,❌❌❌❌❌
337,,Isaiah Jackson,LAC,,1/10/2002,C,24.3,-86,FG% PTS 3PT REB AST STL BLK FT% TO,❌❌❌❌❌
338,,Jeremy Sochan,NYK,,5/20/2003,PF,22.9,-102,FG% PTS 3PT REB AST STL BLK FT% TO,❌❌❌❌❌
339,,Terrence Shannon Jr.,MIN,,7/30/2000,SF,25.7,-53,FG% PTS 3PT REB AST STL BLK FT% TO,❌❌❌❌❌
340,,Jalen Pickett,DEN,,10/22/1999,PG,26.5,+16,FG% PTS 3PT REB AST STL BLK FT% TO,❌❌❌❌❌
341,,Jordan Miller,LAC,,1/23/2000,SF,26.3,+64,FG% PTS 3PT REB AST STL BLK FT% TO,❌❌❌❌❌
342,,Duncan Robinson,DET,,4/22/1994,SG,32.0,-12,FG% PTS 3PT REB AST STL BLK FT% TO,❌❌❌❌❌
343,,Johni Broome,PHI,,7/19/2002,C,23.8,-54,FG% PTS 3PT REB AST STL BLK FT% TO,❌❌❌❌❌
344,,Tim Hardaway Jr.,DEN,,3/16/1992,SG,34.1,+21,FG% PTS 3PT REB AST STL BLK FT% TO,❌❌❌❌❌
345,,Marvin Bagley III,DAL,,3/14/1999,C,27.1,+29,FG% PTS 3PT REB AST STL BLK FT% TO,❌❌❌❌❌
346,,Jarred Vanderbilt,LAL,,4/3/1999,PF,27.1,-20,FG% PTS 3PT REB AST STL BLK FT% TO,❌❌❌❌❌
347,,Guerschon Yabusele,CHI,,12/17/1995,PF,30.4,-16,FG% PTS 3PT REB AST STL BLK FT% TO,❌❌❌❌❌
348,,Kentavious Caldwell-Pope,MEM,,2/18/1993,SG,33.2,-16,FG% PTS 3PT REB AST STL BLK FT% TO,❌❌❌❌❌
349,,Klay Thompson,DAL,,2/8/1990,SG,36.2,-15,FG% PTS 3PT REB AST STL BLK FT% TO,❌❌❌❌❌
350,,Caris LeVert,DET,,8/25/1994,SG,31.7,-47,FG% PTS 3PT REB AST STL BLK FT% TO,❌❌❌❌❌
351,,Justin Edwards,PHI,,12/16/2003,SF,22.4,-14,FG% PTS 3PT REB AST STL BLK FT% TO,❌❌❌❌❌
352,,Javonte Green,DET,,7/23/1993,SG,32.8,+89,FG% PTS 3PT REB AST STL BLK FT% TO,❌❌❌❌❌
353,,Zach Collins,CHI,,11/19/1997,C,28.4,-15,FG% PTS 3PT REB AST STL BLK FT% TO,❌❌❌❌❌
354,,Jordan Hawkins,NOR,,4/29/2002,SG,24.0,-15,FG% PTS 3PT REB AST STL BLK FT% TO,❌❌❌❌❌
355,,Ben Sheppard,IND,,7/16/2001,SF,24.8,-13,FG% PTS 3PT REB AST STL BLK FT% TO,❌❌❌❌❌
356,,Marcus Sasser,DET,,9/21/2000,PG,25.6,-13,FG% PTS 3PT REB AST STL BLK FT% TO,❌❌❌❌❌
357,,Luka Garza,BOS,,12/27/1998,C,27.3,-10,FG% PTS 3PT REB AST STL BLK FT% TO,❌❌❌❌❌
358,,Tyus Jones,DAL,,5/10/1996,PG,30.0,-9,FG% PTS 3PT REB AST STL BLK FT% TO,❌❌❌❌❌
359,,Jonas Valančiūnas,DEN,,5/6/1992,C,34.0,-8,FG% PTS 3PT REB AST STL BLK FT% TO,❌❌❌❌❌
360,,Simone Fontecchio,MIA,,12/9/1995,SF,30.4,-8,FG% PTS 3PT REB AST STL BLK FT% TO,❌❌❌❌❌
361,,Grant Williams,CHA,,11/30/1998,PF,27.4,-7,FG% PTS 3PT REB AST STL BLK FT% TO,❌❌❌❌❌
362,,Jaylen Clark,MIN,,10/13/2001,SG,24.5,-7,FG% PTS 3PT REB AST STL BLK FT% TO,❌❌❌❌❌
363,,Dean Wade,CLE,,11/20/1996,PF,29.4,-6,FG% PTS 3PT REB AST STL BLK FT% TO,❌❌❌❌❌
364,,Jaxson Hayes,LAL,,5/23/2000,C,25.9,-5,FG% PTS 3PT REB AST STL BLK FT% TO,❌❌❌❌❌
365,,PJ Hall,CHA,,2/21/2002,PF,24.2,-4,FG% PTS 3PT REB AST STL BLK FT% TO,❌❌❌❌❌
366,,Terance Mann,BKN,,10/18/1996,SG,29.5,-4,FG% PTS 3PT REB AST STL BLK FT% TO,❌❌❌❌❌
367,,Brooks Barnhizer,OKC,,3/2/2002,SF,24.1,-80,FG% PTS 3PT REB AST STL BLK FT% TO,❌❌❌❌❌
368,,Gary Payton II,GSW,,12/1/1992,SG,33.4,-5,FG% PTS 3PT REB AST STL BLK FT% TO,❌❌❌❌❌
369,,Josh Green,CHA,,11/16/2000,SG,25.4,-5,FG% PTS 3PT REB AST STL BLK FT% TO,❌❌❌❌❌
370,,Buddy Hield,ATL,,12/17/1992,SG,33.4,-64,FG% PTS 3PT REB AST STL BLK FT% TO,❌❌❌❌❌
371,,Jordan Clarkson,NYK,,6/7/1992,SG,33.9,-4,FG% PTS 3PT REB AST STL BLK FT% TO,❌❌❌❌❌
372,,Russell Westbrook,SAC,,11/12/1988,PG,37.5,-106,FG% PTS 3PT REB AST STL BLK FT% TO,❌❌❌❌
373,,Landry Shamet,NYK,,3/13/1997,SG,29.1,+35,FG% PTS 3PT REB AST STL BLK FT% TO,❌❌❌❌❌❌
374,,Caleb Love,POR,,9/27/2001,PG,24.6,+22,FG% PTS 3PT REB AST STL BLK FT% TO,❌❌❌❌❌❌
375,,Dorian Finney-Smith,HOU,,5/4/1993,SF,33.0,-29,FG% PTS 3PT REB AST STL BLK FT% TO,❌❌❌❌❌❌
376,,Cole Anthony,PHO,,5/15/2000,PG,25.9,-83,FG% PTS 3PT REB AST STL BLK FT% TO,❌❌❌❌❌❌
377,,AJ Johnson,DAL,,12/1/2004,SG,21.4,-6,FG% PTS 3PT REB AST STL BLK FT% TO,❌❌❌❌❌❌
378,,Jamir Watkins,WAS,,7/6/2001,SF,24.8,+76,FG% PTS 3PT REB AST STL BLK FT% TO,❌❌❌❌❌❌
379,,Haywood Highsmith,PHO,,12/9/1996,SF,29.4,-4,FG% PTS 3PT REB AST STL BLK FT% TO,❌❌❌❌❌❌
380,,Svi Mykhailiuk,UTA,,6/10/1997,SF,28.9,-4,FG% PTS 3PT REB AST STL BLK FT% TO,❌❌❌❌❌❌
381,,Kris Murray,POR,,8/19/2000,PF,25.7,-4,FG% PTS 3PT REB AST STL BLK FT% TO,❌❌❌❌❌❌
382,,Amari Williams,BOS,,1/28/2002,C,24.2,+80,FG% PTS 3PT REB AST STL BLK FT% TO,❌❌❌❌❌❌
383,,Xavier Tillman Sr.,CHA,,1/12/1999,C,27.3,-4,FG% PTS 3PT REB AST STL BLK FT% TO,❌❌❌❌❌❌
384,,Larry Nance Jr. ,CLE,,1/1/1993,PF,33.3,-4,FG% PTS 3PT REB AST STL BLK FT% TO,❌❌❌❌❌❌
385,,Jaden Hardy,WAS,,7/5/2002,SG,23.8,-4,FG% PTS 3PT REB AST STL BLK FT% TO,❌❌❌❌❌❌
386,,Javon Small,MEM,,12/19/2002,PG,23.3,-4,FG% PTS 3PT REB AST STL BLK FT% TO,❌❌❌❌❌❌
387,,Aaron Holiday,HOU,,9/30/1996,PG,29.6,-4,FG% PTS 3PT REB AST STL BLK FT% TO,❌❌❌❌❌❌
388,,Mohamed Diawara,NYK,,4/29/2005,PF,21.0,+37,FG% PTS 3PT REB AST STL BLK FT% TO,❌❌❌❌❌❌
389,,Isaac Okoro,CHI,,1/26/2001,SF,25.2,-4,FG% PTS 3PT REB AST STL BLK FT% TO,❌❌❌❌❌❌
390,,Blake Wesley,POR,,3/16/2003,SG,23.1,-4,FG% PTS 3PT REB AST STL BLK FT% TO,❌❌❌❌❌❌
391,,Dalton Knecht,LAL,,4/19/2001,SF,25.0,-3,FG% PTS 3PT REB AST STL BLK FT% TO,❌❌❌❌❌❌
392,,Jericho Sims,MIL,,10/20/1998,C,27.5,-3,FG% PTS 3PT REB AST STL BLK FT% TO,❌❌❌❌❌❌
393,,Matisse Thybulle,POR,,3/4/1997,SF,29.1,-85,FG% PTS 3PT REB AST STL BLK FT% TO,❌❌❌❌❌❌
394,,Caleb Martin,DAL,,9/28/1995,SF,30.6,-4,FG% PTS 3PT REB AST STL BLK FT% TO,❌❌❌❌❌❌
395,,Ariel Hukporti,NYK,,4/12/2002,C,24.0,-4,FG% PTS 3PT REB AST STL BLK FT% TO,❌❌❌❌❌❌
396,,Taurean Prince,MIL,,3/22/1994,SF,32.1,-4,FG% PTS 3PT REB AST STL BLK FT% TO,❌❌❌❌❌❌
397,,Precious Achiuwa,SAC,,9/19/1999,PF,26.6,+1,FG% PTS 3PT REB AST STL BLK FT% TO,❌❌❌❌❌❌
398,,Quenton Jackson,IND,,9/15/1998,SG,27.6,+2,FG% PTS 3PT REB AST STL BLK FT% TO,❌❌❌❌❌❌
399,,Bryce McGowens,NOR,,11/8/2002,SG,23.5,+2,FG% PTS 3PT REB AST STL BLK FT% TO,❌❌❌❌❌❌
400,,Jett Howard,ORL,,9/14/2003,SF,22.6,+2,FG% PTS 3PT REB AST STL BLK FT% TO,❌❌❌❌❌❌
401,,Keaton Wallace,ATL,,2/26/1999,PG,27.2,+3,FG% PTS 3PT REB AST STL BLK FT% TO,❌❌❌❌❌❌❌
402,,Zeke Nnaji,DEN,,1/9/2001,C,25.3,+59,FG% PTS 3PT REB AST STL BLK FT% TO,❌❌❌❌❌❌❌
403,,Jalen Wilson,BKN,,11/4/2000,PF,25.5,+3,FG% PTS 3PT REB AST STL BLK FT% TO,❌❌❌❌❌❌❌
404,,Bobi Klintman,DET,,3/6/2003,PF,23.1,+8,FG% PTS 3PT REB AST STL BLK FT% TO,❌❌❌❌❌❌❌
405,,Drew Eubanks,SAC,,2/1/1997,C,29.2,+9,FG% PTS 3PT REB AST STL BLK FT% TO,❌❌❌❌❌❌❌
406,,Andre Jackson Jr.,MIL,,11/13/2001,SF,24.4,+9,FG% PTS 3PT REB AST STL BLK FT% TO,❌❌❌❌❌❌❌
407,,Kyle Anderson,MEM,,9/20/1993,PF,32.6,+9,FG% PTS 3PT REB AST STL BLK FT% TO,❌❌❌❌❌❌❌
408,,Jamison Battle,TOR,,5/10/2001,SF,25.0,+9,FG% PTS 3PT REB AST STL BLK FT% TO,❌❌❌❌❌❌❌
409,,Amir Coffey,PHO,,6/17/1997,SG,28.9,+9,FG% PTS 3PT REB AST STL BLK FT% TO,❌❌❌❌❌❌❌
410,,Jabari Walker,PHI,,7/30/2002,PF,23.7,-38,FG% PTS 3PT REB AST STL BLK FT% TO,❌❌❌❌❌❌❌
411,,Gary Harris,MIL,,9/14/1994,SG,31.6,+8,FG% PTS 3PT REB AST STL BLK FT% TO,❌❌❌❌❌❌❌
412,,Bogdan Bogdanović,LAC,,8/18/1992,SG,33.7,-77,FG% PTS 3PT REB AST STL BLK FT% TO,❌❌❌❌❌❌❌
413,,Lindy Waters III,SAS,,7/28/1997,SF,28.7,+7,FG% PTS 3PT REB AST STL BLK FT% TO,❌❌❌❌❌❌❌
414,,Chris Mañon,LAL,,12/9/2001,SF,24.4,+8,FG% PTS 3PT REB AST STL BLK FT% TO,❌❌❌❌❌❌❌
415,,Kobe Brown,IND,,1/1/2000,PF,26.3,+8,FG% PTS 3PT REB AST STL BLK FT% TO,❌❌❌❌❌❌❌
416,,David Jones Garcia,SAS,,11/24/2001,SG,24.4,+11,FG% PTS 3PT REB AST STL BLK FT% TO,❌❌❌❌❌❌❌
417,,Kevon Looney,NOR,,2/6/1996,C,30.2,-88,FG% PTS 3PT REB AST STL BLK FT% TO,❌❌❌❌❌❌❌
418,,Nicolas Batum,LAC,,12/14/1988,SF,37.4,+8,FG% PTS 3PT REB AST STL BLK FT% TO,❌❌❌❌❌❌
419,,Moussa Cisse,DAL,,9/10/2002,C,23.6,-6,FG% PTS 3PT REB AST STL BLK FT% TO,❌❌❌❌❌❌❌❌
420,,Julian Phillips,MIN,,11/5/2003,SF,22.5,+12,FG% PTS 3PT REB AST STL BLK FT% TO,❌❌❌❌❌❌❌❌
421,,Jae'Sean Tate,HOU,,10/28/1995,PF,30.5,+43,FG% PTS 3PT REB AST STL BLK FT% TO,❌❌❌❌❌❌❌❌
422,,Rayan Rupert,POR,,5/31/2004,SF,21.9,+12,FG% PTS 3PT REB AST STL BLK FT% TO,❌❌❌❌❌❌❌❌
423,,Micah Potter,IND,,4/6/1998,C,28.1,+98,FG% PTS 3PT REB AST STL BLK FT% TO,❌❌❌❌❌❌❌❌
424,,A.J. Lawson,TOR,,7/15/2000,SG,25.8,+11,Coming Soon,❌❌❌❌❌❌❌❌
425,,Taelon Peter,IND,,2/27/2002,SG,24.2,+11,Coming Soon,❌❌❌❌❌❌❌❌
426,,Mike Conley,MIN,,10/11/1987,PG,38.5,-57,FG% PTS 3PT REB AST STL BLK FT% TO,❌❌❌❌❌❌❌❌
427,,Cam Christie,LAC,,7/24/2005,SG,20.7,+11,FG% PTS 3PT REB AST STL BLK FT% TO,❌❌❌❌❌❌❌❌
428,,Bronny James,LAL,,10/6/2004,SG,21.5,+11,Coming Soon,❌❌❌❌❌❌❌❌
429,,Pacôme Dadiet,NYK,,7/27/2005,SF,20.7,+11,FG% PTS 3PT REB AST STL BLK FT% TO,❌❌❌❌❌❌❌❌
430,,Gabe Vincent,ATL,,6/14/1996,PG,29.9,-35,FG% PTS 3PT REB AST STL BLK FT% TO,❌❌❌❌❌❌❌❌
431,,Vladislav Goldin,MIA,,5/12/2001,C,25.0,+11,Coming Soon,❌❌❌❌❌❌❌❌
432,,John Konchar,UTA,,3/22/1996,SG,30.1,+11,FG% PTS 3PT REB AST STL BLK FT% TO,❌❌❌❌❌❌❌❌
433,,Chucky Hepburn,TOR,,2/9/2003,PG,23.2,+11,Coming Soon,❌❌❌❌❌❌❌❌
434,,Curtis Jones,DEN,,10/4/2001,SG,24.6,+11,Coming Soon,❌❌❌❌❌❌❌❌
435,,John Tonje,BOS,,4/23/2001,SF,25.0,+12,Coming Soon,❌❌❌❌❌❌❌❌
436,,Max Shulga,BOS,,6/25/2002,SF,23.8,+12,Coming Soon,❌❌❌❌❌❌❌❌
437,,Kenrich Williams,OKC,,12/2/1994,SF,31.4,+12,FG% PTS 3PT REB AST STL BLK FT% TO,❌❌❌❌❌❌❌❌
438,,Isaiah Crawford,HOU,,11/1/2001,SF,24.5,+12,Coming Soon,❌❌❌❌❌❌❌❌
439,,Maxi Kleber,LAL,,1/29/1992,PF,34.2,+12,FG% PTS 3PT REB AST STL BLK FT% TO,❌❌❌❌❌❌❌❌
440,,Kelly Olynyk,SAS,,4/19/1991,C,35.0,-47,FG% PTS 3PT REB AST STL BLK FT% TO,❌❌❌❌❌❌❌❌
441,,Pat Connaughton,CHA,,1/6/1993,SF,33.3,+11,FG% PTS 3PT REB AST STL BLK FT% TO,❌❌❌❌❌❌❌❌
442,,Enrique Freeman,MIN,,7/29/2000,PF,25.7,+13,Coming Soon,❌❌❌❌❌❌❌❌
443,,Keshad Johnson,MIA,,6/23/2000,SF,25.8,+14,Coming Soon,❌❌❌❌❌❌❌❌
444,,Thomas Bryant,CLE,,7/31/1997,C,28.7,+14,FG% PTS 3PT REB AST STL BLK FT% TO,❌❌❌❌❌❌❌❌
445,,Jordan McLaughlin,SAS,,4/9/1996,PG,30.0,+14,FG% PTS 3PT REB AST STL BLK FT% TO,❌❌❌❌❌❌❌❌
446,,Nikola Đurišić,ATL,,2/23/2004,SF,22.2,+14,Coming Soon,❌❌❌❌❌❌❌❌
447,,Cameron Payne,PHI,,8/8/1994,PG,31.7,+117,FG% PTS 3PT REB AST STL BLK FT% TO,❌❌❌❌❌❌❌❌
448,,Jevon Carter,ORL,,9/14/1995,PG,30.6,+5,FG% PTS 3PT REB AST STL BLK FT% TO,❌❌❌❌❌❌❌❌
449,,Bismack Biyombo,SAS,,8/28/1992,C,33.7,+14,FG% PTS 3PT REB AST STL BLK FT% TO,❌❌❌❌❌❌❌❌❌
450,,Rocco Zikarsky,MIN,,7/11/2006,C,19.8,+16,Coming Soon,❌❌❌❌❌❌❌❌❌
451,,Bogoljub Marković,MIL,,7/12/2005,PF,20.8,+16,Coming Soon,❌❌❌❌❌❌❌❌❌
452,,Saliou Niang,CLE,,5/14/2004,SG,21.9,+18,Coming Soon,❌❌❌❌❌❌❌❌❌
453,,Nick Smith Jr.,LAL,,4/18/2004,PG,22.0,+18,Coming Soon,❌❌❌❌❌❌❌❌❌
454,,Lachlan Olbrich,CHI,,12/29/2003,C,22.3,+18,Coming Soon,❌❌❌❌❌❌❌❌❌
455,,Kobe Bufkin,LAL,,9/21/2003,SG,22.6,+109,Coming Soon,❌❌❌❌❌❌❌❌❌
456,,Trey Alexander,NOR,,5/2/2003,PG,23.0,+18,Coming Soon,❌❌❌❌❌❌❌❌❌
457,,Tamar Bates,DEN,,2/21/2003,SG,23.2,+19,Coming Soon,❌❌❌❌❌❌❌❌❌
458,,Miles Kelly,DAL,,1/26/2003,SG,23.2,+19,Coming Soon,❌❌❌❌❌❌❌❌❌
459,,Caleb Houstan,ATL,,1/9/2003,SF,23.3,+19,Coming Soon,❌❌❌❌❌❌❌❌❌
460,,Dalen Terry,PHI,,12/12/2002,SG,23.4,-23,Coming Soon,❌❌❌❌❌❌❌❌❌
461,,Jahmai Mashack,MEM,,11/10/2002,SG,23.5,+18,Coming Soon,❌❌❌❌❌❌❌❌❌
462,,JD Davison,HOU,,11/3/2002,PG,23.5,+18,Coming Soon,❌❌❌❌❌❌❌❌❌
463,,Harrison Ingram,SAS,,11/27/2002,SF,23.4,+18,Coming Soon,❌❌❌❌❌❌❌❌❌
464,,Koby Brea,PHO,,11/6/2002,SF,23.5,+18,Coming Soon,❌❌❌❌❌❌❌❌❌
465,,Olivier-Maxence Prosper,MEM,,7/3/2002,SF,23.8,+18,Coming Soon,❌❌❌❌❌❌❌❌❌
466,,Chaney Johnson,BKN,,6/20/2002,SF,23.8,+18,Coming Soon,❌❌❌❌❌❌❌❌❌
467,,Tristen Newton,HOU,,4/26/2002,PG,24.0,+143,Coming Soon,❌❌❌❌❌❌❌❌❌
468,,Alijah Martin,TOR,,12/26/2001,SG,24.3,+17,Coming Soon,❌❌❌❌❌❌❌❌❌
469,,Dillon Jones,NYK,,10/29/2001,SF,24.5,+93,Coming Soon,❌❌❌❌❌❌❌❌❌
470,,TyTy Washington Jr.,LAC,,11/15/2001,PG,24.4,+16,Coming Soon,❌❌❌❌❌❌❌❌❌
471,,L.J. Cryer,GSW,,10/9/2001,PG,24.5,+16,Coming Soon,❌❌❌❌❌❌❌❌❌
472,,Wendell Moore Jr.,DET,,9/18/2001,SG,24.6,+17,Coming Soon,❌❌❌❌❌❌❌❌❌
473,,Tristan Enaruna,CLE,,6/26/2001,SF,24.8,NEW,Coming Soon,❌❌❌❌❌❌❌❌❌
474,,Sharife Cooper,WAS,,6/11/2001,PG,24.9,+16,Coming Soon,❌❌❌❌❌❌❌❌❌
475,,Myron Gardner,MIA,,5/21/2001,SF,24.9,+16,Coming Soon,❌❌❌❌❌❌❌❌❌
476,,Yuki Kawamura,CHI,,5/2/2001,PG,25.0,+96,Coming Soon,❌❌❌❌❌❌❌❌❌
477,,Kevin McCullar Jr.,NYK,,3/15/2001,SF,25.1,+16,Coming Soon,❌❌❌❌❌❌❌❌❌
478,,Johnny Juzang,MIN,,3/17/2001,SF,25.1,+16,Coming Soon,❌❌❌❌❌❌❌❌❌
479,,RayJ Dennis,ATL,,3/30/2001,PG,25.1,+16,Coming Soon,❌❌❌❌❌❌❌❌❌
480,,Tosan Evbuomwan,CHA,,2/16/2001,SF,25.2,+16,Coming Soon,❌❌❌❌❌❌❌❌❌
481,,Hunter Dickinson,NOR,,11/25/2000,C,25.4,-48,Coming Soon,❌❌❌❌❌❌❌❌❌
482,,E.J. Liddell,BKN,,12/18/2000,PF,25.3,+15,Coming Soon,❌❌❌❌❌❌❌❌❌
483,,Isaiah Stevens,SAC,,11/1/2000,PG,25.5,+15,Coming Soon,❌❌❌❌❌❌❌❌❌
484,,Antonio Reeves,CHA,,11/20/2000,SG,25.4,+15,Coming Soon,❌❌❌❌❌❌❌❌❌
485,,Riley Minix,CLE,,9/22/2000,PF,25.6,+115,Coming Soon,❌❌❌❌❌❌❌❌❌
486,,Jahmir Young,MIA,,10/7/2000,PG,25.5,+14,Coming Soon,❌❌❌❌❌❌❌❌❌
487,,Drew Timme,LAL,,9/9/2000,C,25.6,+14,Coming Soon,❌❌❌❌❌❌❌❌❌
488,,MarJon Beauchamp,PHI,,10/12/2000,SF,25.5,+201,Coming Soon,❌❌❌❌❌❌❌❌❌
489,,Tolu Smith III,DET,,7/26/2000,PF,25.7,+13,Coming Soon,❌❌❌❌❌❌❌❌❌
490,,Isaac Jones,DET,,7/11/2000,PF,25.8,-25,Coming Soon,❌❌❌❌❌❌❌❌❌
491,,Emanuel Miller,CLE,,6/19/2000,PF,25.8,+12,Coming Soon,❌❌❌❌❌❌❌❌❌
492,,Christian Koloko,ATL,,6/20/2000,C,25.8,+66,Coming Soon,❌❌❌❌❌❌❌❌❌
493,,Colin Castleton,ORL,,5/25/2000,C,25.9,+11,Coming Soon,❌❌❌❌❌❌❌❌❌
494,,Ron Harper Jr.,BOS,,4/12/2000,SF,26.0,+11,Coming Soon,❌❌❌❌❌❌❌❌❌
495,,Pete Nance,MIL,,2/19/2000,PF,26.2,+11,Coming Soon,❌❌❌❌❌❌❌❌❌
496,,Elijah Harkless,UTA,,2/3/2000,SG,26.2,+11,Coming Soon,❌❌❌❌❌❌❌❌❌
497,,Oscar Tshiebwe,UTA,,11/27/1999,C,26.4,+11,Coming Soon,❌❌❌❌❌❌❌❌❌
498,,Trey Jemison,NYK,,11/28/1999,C,26.4,+11,Coming Soon,❌❌❌❌❌❌❌❌❌
499,,Blake Hinson,UTA,,12/26/1999,SF,26.3,+156,Coming Soon,❌❌❌❌❌❌❌❌❌
500,,Buddy Boeheim,OKC,,11/11/1999,SG,26.5,+279,Coming Soon,❌❌❌❌❌❌❌❌❌
501,,Tyson Etienne,BKN,,9/17/1999,PG,26.6,+9,Coming Soon,❌❌❌❌❌❌❌❌❌
502,,Malevy Leons,GSW,,9/23/1999,SF,26.6,+9,Coming Soon,❌❌❌❌❌❌❌❌❌
503,,Javonte Cooke,POR,,7/11/1999,SG,26.8,+9,Coming Soon,❌❌❌❌❌❌❌❌❌
504,,Branden Carlson,OKC,,6/14/1999,C,26.9,+9,Coming Soon,❌❌❌❌❌❌❌❌❌
505,,Jamaree Bouyea,PHO,,6/27/1999,PG,26.8,+9,Coming Soon,❌❌❌❌❌❌❌❌❌
506,,Ethan Thompson,IND,,5/4/1999,SG,27.0,+9,Coming Soon,❌❌❌❌❌❌❌❌❌
507,,Stanley Umude,SAS,,4/12/1999,SG,27.0,+9,Coming Soon,❌❌❌❌❌❌❌❌❌
508,,Jamal Cain,ORL,,3/20/1999,SF,27.1,+9,Coming Soon,❌❌❌❌❌❌❌❌❌
509,,Tyrese Martin,PHI,,3/7/1999,SF,27.1,-112,Coming Soon,❌❌❌❌❌❌❌❌❌
510,,Nate Williams,GSW,,2/12/1999,SG,27.2,+126,Coming Soon,❌❌❌❌❌❌❌❌❌
511,,Mac McClung,CHI,,1/6/1999,PG,27.3,+206,Coming Soon,❌❌❌❌❌❌❌❌❌
512,,Daeqwon Plowden,SAC,,8/29/1998,SF,27.7,+6,Coming Soon,❌❌❌❌❌❌❌❌❌
513,,Isaiah Livers,PHO,,7/28/1998,SF,27.7,+7,Coming Soon,❌❌❌❌❌❌❌❌❌
514,,Alex Morales,ORL,,11/21/1997,SG,28.4,NEW,Coming Soon,❌❌❌❌❌❌❌❌❌
515,,Alex Antetokounmpo,MIL,,8/27/2001,SF,24.7,+9,Coming Soon,❌❌❌❌❌❌❌❌❌❌❌
516,,Anthony Gill,WAS,,10/17/1992,PF,33.5,+7,FG% PTS 3PT REB AST STL BLK FT% TO,❌❌❌❌❌❌❌❌❌❌❌
517,,Thanasis Antetokounmpo,MIL,,7/18/1992,SF,33.8,+8,Coming Soon,❌❌❌❌❌❌❌❌❌❌❌
518,,Doug McDermott,SAC,,1/3/1992,SF,34.3,+8,FG% PTS 3PT REB AST STL BLK FT% TO,❌❌❌❌❌❌❌❌❌❌
519,,Dwight Powell,DAL,,7/20/1991,C,34.8,+8,FG% PTS 3PT REB AST STL BLK FT% TO,❌❌❌❌❌❌❌❌❌❌
520,,Seth Curry,GSW,,8/23/1990,SG,35.7,+161,FG% PTS 3PT REB AST STL BLK FT% TO,❌❌❌❌❌❌❌❌❌❌
521,,Kevin Love,UTA,,9/7/1988,PF,37.6,+9,FG% PTS 3PT REB AST STL BLK FT% TO,❌❌❌❌❌❌❌❌❌
522,,DeAndre Jordan,NOR,,7/21/1988,C,37.8,+9,FG% PTS 3PT REB AST STL BLK FT% TO,❌❌❌❌❌❌❌❌❌
523,,Joe Ingles,MIN,,10/2/1987,SF,38.6,+9,FG% PTS 3PT REB AST STL BLK FT% TO,❌❌❌❌❌❌❌❌
524,,Jeff Green,HOU,,8/28/1986,PF,39.7,+9,FG% PTS 3PT REB AST STL BLK FT% TO,❌❌❌❌❌❌❌❌❌❌❌
525,,Kyle Lowry,PHI,,3/25/1986,PG,40.1,+9,FG% PTS 3PT REB AST STL BLK FT% TO,❌❌❌❌❌❌❌❌
526,,Garrett Temple,TOR,,5/8/1986,SF,40.0,+9,FG% PTS 3PT REB AST STL BLK FT% TO,❌❌❌❌❌❌❌❌❌❌❌
527,,Terry Rozier,MIA,,3/17/1994,SG,32.1,+9,FG% PTS 3PT REB AST STL BLK FT% TO,❌❌❌❌❌