,,,,,,,,,
,#,Player,Position,Team,DOB,Age (4/5/26),Previous Rank, +/- Change,Notes/Outlook
,1,Victor Wembanyama,PF/C,SAS,1/4/2004,22.3,1,0,God Emperor Wemby is currently the MVP frontrunner. The league (and your leaguemates) should be terrified he's already this good. 
,2,Shai Gilgeous-Alexander,PG/SG,OKC,7/12/1998,27.8,2,0,More of the same from SGA as the reigning MVP. We know what to expect out of an elite performer and a unanimous top 2-3 dynasty pick in all formats.
,3,Luka Doncic,PG/SG,LAL,2/28/1999,27.1,4,1,"Luka continued to show why he's an absolute superstar with the Lakers. As expected, a lot of sparks this year as he leads the Lakers above where I expected their roster."
,4,Nikola Jokic,C,DEN,2/19/1995,31.2,3,-1,Jokic is still dominating at a high level. He's 30 now but his game will age like fine wine. Averaging anything close to a triple double is par for the course at this point.
,5,Cooper Flagg,SF/PF,DAL,12/21/2006,19.3,5,0,Flagg has looked as advertised despite some normal rookie struggles and he'll keep getting better quickly. Expect him to remain a consensus T10 player.
,6,Cade Cunningham,PG/SG,DET,9/25/2001,24.6,6,0,Cade has officially ascended last year. Hope you bought in when he was closer to 15-20 than 5. He has a winning team around him and actively makes his guys better.
,7,Tyrese Maxey,PG/SG,PHI,11/4/2000,25.5,7,0,Maxey has been fantastic to start the year. I had doubts about him being a winning first option guy but he's truly there right now.
,8,Anthony Edwards,SG/SF,MIN,8/5/2001,24.7,8,0,Ant takes yet another step up this year with KAT's departure. He's gotten better and better every year. Crazy he's doing this and won't be 24 until this summer.
,9,Jalen Johnson,SF/PF,ATL,12/18/2001,24.3,9,0,I can't deny Jalen Johnson any longer. He's emerged into a full-blown fantasy and IRL star this year.
,10,Jayson Tatum,SF/PF,BOS,3/3/1998,28.1,16,6,"I might be getting ahead of myself as Tatum is still working back to 100%, but I'm feeling good about him coming back to his full top 10-worthy self next season. "
,11,Tyrese Haliburton,PG/SG,IND,2/29/2000,26.1,15,4,"I'm fully expecting to push Haliburton up into the top 10 this next season, just as I am with Tatum. We've yet to see him yet but we know the ceiling and value when healthy."
,12,1.01 / Cameron Boozer,PF/C,Duke,7/18/2007,18.8,18,6,Cam Boozer looks the part of an elite-level fantasy basketball player with how he stuffs the stat sheets. He's leaped Peterson as my 1.01 within the same tier as 1.02.
,13,Alperen Sengun,C,HOU,7/25/2002,23.7,11,-2,"Sengun has taken another step. If he can keep on hitting 3s, this is going to do amazing things for his value. I slightly underestimated how him, Amen and KD mesh."
,14,Chet Holmgren,PF/C,OKC,5/1/2002,24.0,12,-2,Chet continues to be awesome for fantasy purposes and is having another fantastic year.
,15,Evan Mobley,PF/C,CLE,6/18/2001,24.8,13,-2,"I think it's fair to say Mobley has been underwhelming to start this season. I think he'll level out well and finish as an All-Star/All-NBA player, but he's very far from an MVP."
,16,Scottie Barnes,SF/PF,TOR,8/1/2001,24.7,20,4,Barnes has continued to step it up in the fantasy game this year. He's been very efficient and converting well on 3s again.
,17,Jalen Williams,SG/SF/PF,OKC,4/14/2001,25.0,18,1,JDub has started out slow following his return from wrist surgery. I expect he'll climb back up my ranks in time. He remains a top end asset for me.
,18,1.02 / Darryn Peterson,PG/SG,Kansas,1/17/2007,19.2,19,1,"Peterson was my 1.01 for a bit, but that has since changed with Boozer's commanding lead. Still hopeful he can level up into an elite fantasy player."
,19,Giannis Antetokounmpo,PF/C,MIL,12/6/1994,31.4,17,-2,"There are sure to be questions about Giannis if he gets traded, but in most situations, he will remain a top-end fantasy contributor well through the end of his prime."
,20,Amen Thompson,PG/SG/SF,HOU,1/30/2003,23.2,14,-6,"Frankly, I've been a little disappointed by Amen Thompson relative to the expectations coming in. Still an elite player and asset to hold onto, though."
,21,Franz Wagner,SG/SF/PF,ORL,8/27/2001,24.6,21,0,The entire Magic squad has struggled this year. I think they may be best suited with Wagner as their 1A.
,22,Austin Reaves,PG/SG,LAL,5/29/1998,27.9,24,2,"Surprisingly, Reaves has been excellent with Luka and is such a clear impactul and winning player. What a find by the Lakers."
,23,Donovan Mitchell,PG/SG,CLE,9/7/1996,29.6,23,0,Mitchell has been having a fantastic start to his season with Cleveland. Is there a chance they trade Garland at some point fairly soon?
,24,1.03 / AJ Dybantsa,SG/SF,BYU,1/29/2007,19.2,28,4,A lot of people are starting to bug out about Dybantsa. I'm not worried. The talent is elite and he will be a star.
,25,Deni Avdija,SF/PF,POR,1/3/2001,25.3,29,4,Avdija is stamped as legit and he's Portland's best player moving forward. This year will be his first All-Star appearance.
,26,Dylan Harper,PG/SG,SAS,3/2/2006,20.1,27,1,"Harper has been fantastic starting out. I think it's clear by now that he, Fox and Castle can coexist even if usage gets a little hairy."
,27,Darius Garland,PG/SG,LAC,1/26/2000,26.2,37,10,"Since being traded to the Clippers, Garland is starting to return to being the All-Star we've seen when healthy. Very excited about him leading LAC moving forward."
,28,Trae Young,PG/SG,WAS,9/19/1998,27.6,22,-6,"I'm not sure what to think about Trae Young's dynasty value just yet in WAS. For now, he'll stay in the same range."
,29,Devin Booker,SG/SF,PHO,10/30/1996,29.5,25,-4,Booker hasn't had the best year so far relative to his ADP and value. He may start to drop further as he's coming up on 30 stuck in the same situation in Phoenix.
,30,LaMelo Ball,PG/SG,CHA,8/22/2001,24.7,30,0,"Ball's health remains a question, and now with Kon Knueppel on the rise, it's clear that he could be on his way out as the franchise player."
,31,Josh Giddey,PG/SG/SF,CHI,10/10/2002,23.5,31,0,"I'm still not the biggest fan of the Giddler, but I can't deny that he's been great for fantasy and this all feels sustainable. "
,32,Jalen Brunson,PG/SG,NYK,8/31/1996,29.6,26,-6,Brunson has seen some marginal changes with more pieces coming in. All to be expected and he's still in his absolute prime.
,33,Kon Knueppel,SG/SF,CHA,8/3/2005,20.7,43,10,"Just as we predicted, Kon has been an important piece for Charlotte and has shown a way stronger fantasy profile than others thought."
,34,Jalen Duren,C,DET,11/18/2003,22.4,36,2,Duren impressed me in the playoffs after being down on him for a bit now. I think we've pretty much averted timeshares and Detroit trading for another guy by now.
,35,Trey Murphy III,SG/SF/PF,NOP,6/18/2000,25.8,35,0,"After some initial struggles, Muprhy has rebounded and continues to play at a very high level."
,36,Jamal Murray,PG/SG,DEN,2/23/1997,29.1,40,4,Murray has been great so far this year as Denver's healthiest player on the roster. He gets his first All-Star appearance and has a good shot at All-NBA.
,37,1.04 / Caleb Wilson,SF/PF,North Carolina,7/18/2006,19.8,56,19,Caleb Wilson is my current 1.04 and has a lot of juice to his fantasy game. Will need time to develop more on offense but has a ton of potential.
,38,Paolo Banchero,SF/PF,ORL,11/12/2002,23.4,32,-6,"I realize that this might be an overreaction to keeping dropping Paolo like this, but I'm still unimpressed by the fantasy game and he's had some real struggles this year."
,39,Alex Sarr,PF/C,WAS,4/26/2005,21.0,34,-5,Sarr has taken some massive steps this year and has a way cleaner profile for fantasy. He's playing extremely well for still being 20.
,40,Donovan Clingan,C,POR,2/23/2004,22.1,91,51,"Clingan has made leaps and bounds this year. With him playing like a top 20 per game guy these last few months, I'm ready to go nuts and send him way up."
,41,Jaren Jackson Jr.,PF/C,UTA,9/15/1999,26.6,39,-2,"JJJ hasn't started this season well, but I chalk that up to Memphis being a trainwreck in general. He'll be fine long-term. Intriguied by him in Utah."
,42,Jaylen Brown,SG/SF,BOS,10/24/1996,29.5,42,0,Jaylen Brown will see a temporary bump going forward with Jayson Tatum out for the entirety of next year. We'll get our first extended look at Brown as the leading man.
,43,Karl-Anthony Towns,PF/C,MIN,11/15/1995,30.4,33,-10,It's obvious that a KAT trade may be brewing soon if the Knicks cannot win in the playoffs this year.
,44,Bam Adebayo,PF/C,MIA,7/18/1997,28.8,41,-3,"Bam Adebayo has been having a good year, but who could've seen him scoring 83 points for the 2nd all-time high in points?"
,45,VJ Edgecombe,PG/SG,PHI,7/30/2005,20.7,47,2,"Edgecombe has established himself as Philly's present and future as they aim to build with him, Maxey and Embiid."
,46,De'Aaron Fox,PG/SG,SAS,12/20/1997,28.3,38,-8,Harper and Castle are making the conversation around Fox interesting. He feels very expendable as they'll start to assess payroll and getting Wemby a megadeal soon.
,47,Desmond Bane,SG/SF,ORL,6/25/1998,27.8,48,1,Bane has remained at a high level even in Orlando. He's been their mainstay all year with plenty of injuries up and down the roster.
,48,Lauri Markkanen,SF/PF,UTA,5/22/1997,28.9,49,1,"I'm not terribly worried about Lauri moving forward, either leaving via trade or with JJJ and Kessler in the frontcourt. Dude's just a good player."
,49,James Harden,PG/SG,CLE,8/26/89,36.6,51,2,Harden heads to Cleveland for another stint ended by money disputes. He's still doing his thing at a high level.
,50,1.05 / Kingston Flemings,PG/SG,Houston,1/3/2007,19.3,57,7,Flemings is well on the path to being a top 5 pick in real life and dynasty drafts. Fantastic stastical profile.
,51,Domantas Sabonis,PF/C,SAC,5/3/1996,30.0,45,-6,"Once again, Sabonis is chugging along as a stellar fantasy guy. He and Zach LaVine are the current, yet unideal, leaders of whatever Sacramento's post-Fox future is."
,52,Kevin Durant,SF/PF,HOU,9/29/1988,37.5,50,-2,KD is the very obvious best player on a team for the first time in a while and has a few more years of very high-end production. Things will look interesting with FVV out.
,53,Anthony Davis,PF/C,WAS,3/11/1993,33.1,46,-7,AD gets traded to Washington as they aim to speed up the rebuild. Curious how he and Sarr mesh.
,54,Tyler Herro,PG/SG,MIA,1/20/2000,26.2,44,-10,"Herro has had a big year despite the many Miami antics. He's missed time throughout the year, so it's hard to make much of this season."
,55,Zach Edey,C,MEM,5/14/2002,23.9,52,-3,"I've been way too low on Edey dating back to his draft cycle, so I need to course-correct. This dude is so good and has a lot more fantasy dominance to come."
,56,Brandon Miller,SF/PF,CHA,11/22/2002,23.4,54,-2,"Despite his occasional injuries, Brandon Miller continues to rise and look like one of Charlotte's franchise cornerstones. "
,57,Stephen Curry,PG/SG,GSW,3/14/1988,38.1,53,-4,"Steph Curry is still Steph Curry even at age 37, but there have been a lot of times he's looked human recently. Hold and enjoy the rest of the ride."
,58,Stephon Castle,PG/SG/SF,SAS,11/1/2004,21.5,59,1,Early returns have been nice on Castle despite loads of turnovers. I expect this to adjust when Fox returns and he can settle into a different role.
,59,Ivica Zubac,C,IND,3/18/1997,29.1,55,-4,"Zubac is great for dynasty and redraft, and I was a bit slow to react to market value in my last few updates. Very consistent. Unsure about the Indiana tempo and fit."
,60,Derrick White,PG/SG,BOS,7/2/1994,31.8,72,12,Derrick White has been incredible this year. It's amazing how good he's been for fantasy despite the uncharacteristic sub-40 FG%. 
,61,Keyonte George,PG/SG,UTA,11/8/2003,22.4,82,21,George has played with a real sense of urgency to make that leap this year. He's here and establishing he belongs as a longer term starter.
,62,Onyeka Okongwu,PF/C,ATL,12/11/2000,25.4,66,4,Okongwu continues to grow his game further as he expands his game from 3. Currently 37.9% from deep on 5.2 attempts. 
,63,Pascal Siakam,PF/C,IND,4/2/1994,32.0,58,-5,Siakam has been great for the Pacers as we expected. This year without Haliburton has been rough for the team but Siakam still plays at a high level.
,64,Kel'el Ware,C,MIA,4/20/2004,22.0,62,-2,"Kel'el Ware is obviously talented, but the motor has been a real concern from college to now. He and Spoelstra seem to be at odds. "
,65,Zion Williamson,PF/C,NOP,7/6/2000,25.8,63,-2,"It hasn't been noticed as much this year with how bad NOLA is, but Zion is quietly having another solid season. Injuries remain a concern."
,66,Ja Morant,PG/SG,MEM,8/10/1999,26.7,64,-2,"Ja has really struggled badly this year and with drama brewing in Memphis, I want no part of him at cost even if he still mantains some value."
,67,1.06 / Keaton Wagler,PG/SG,Illinois,2/3/2007,19.2,68,-1,"Wagler has been incredible this season. He has some concern areas and needs to put on more weight, but the higher-level outcomes are very exciting."
,68,Walker Kessler,C,UTA,7/26/2001,24.7,76,8,"Kessler suffered a brutal season-ending injury just a few games in. Really tough situation for Utah, but it's clear they want him and JJJ for the present and future."
,69,Dyson Daniels,PG/SG,ATL,3/17/2003,23.1,60,-9,Daniels was a stocks god this past season. His upside feels pretty awesome with the Hawks and he rightfully earned MIP this year. Is he a sell high at this price? TBD.
,70,Jalen Suggs,PG/SG,ORL,6/3/2001,24.9,89,19,Suggs needs to stay healthy for Orlando to be at his best. Very impactful player on the whole.
,71,Matas Buzelis,SF/PF,CHI,10/3/2004,21.5,67,-4,The Bulls' future is Buzelis' oyster now. Some brilliant flashes and more to come. There's a lot here to be excited about.
,72,OG Anunoby,SG/SF/PF,NYK,7/17/1997,28.8,68,-4,We know what to expect with OG Anunoby at this point. He's clearly made his mark on the Knicks and is such a winning connective piece.
,73,Reed Sheppard,PG/SG,HOU,6/24/2004,21.8,74,1,"We've seen some good stuff out of Sheppard that remind us why he went so high in drafts, but the concerns are still there."
,74,Isaiah Hartenstein,C,OKC,5/5/1998,28.0,70,-4,Hartenstein has recently been banged up with a hamstring sprain that's had him in and out. Very important player that OKC may get priced out of.
,75,Kyrie Irving,PG/SG,DAL,3/23/1992,34.1,71,-4,Kyrie was playing great until a devastating ACL tear. He was already approaching the end of his prime and this does leave some strong questions about the future.
,76,1.07 / Mikel Brown Jr.,PG/SG,Louisville,4/3/2006,20.0,69,-7,Mikel Brown has the makings of another star fantasy guard. He's not without his concerns but the upside is very strong.
,77,Ace Bailey,SF/PF,UTA,8/13/2006,19.7,75,-2,A lot has changed for Utah from when Bailey was drafted to now. I expect him to take another jump next year after having a good stretch this year.
,78,Kawhi Leonard,SG/SF,LAC,6/29/1991,34.8,102,24,"When he plays, he's an elite fantasy player. Will Kawhi ever play a normal regular season again? What will happen with his Aspiration scandal?"
,79,Jarrett Allen,C,CLE,4/21/1998,28.0,81,2,Jarrett Allen has been excellent since James Harden joined the Cavs about a month ago. Is he expendable moving forwrd?
,80,Kyshawn George,SG/SF,WAS,12/12/2003,22.3,83,3,"George has absolutely early into the season, but he's slowed down in 2026 a bit. Expecting solid things from him."
,81,Derik Queen,PF/C,NOP,12/27/2004,21.3,61,-20,"Queen has flashed very, very high potential so far in his rookie season. The defense remains a major concern, but I'm still bought in on some level."
,82,Cedric Coward,SG/SF,MEM,9/11/2003,22.6,86,4,"As expected, Coward has been up and down, but the highs have been very exciting. I remain high on him moving forward."
,83,Joel Embiid,C,PHI,3/16/1994,32.1,87,4,"Embiid is clearly not the guy he was in his last healthy season as the MVP, but he can still drop big numbers. "
,84,Mikal Bridges,SG/SF,NYK,8/30/1996,29.6,73,-9,"Mikal has had some bad play recently, but he is still a quality fantasy player who produces well for categories leagues."
,85,Brandon Ingram,SF/PF,TOR,9/2/1997,28.6,78,-7,Ingram has had a good year for Toronto where he's stayed very healthy. Nothing new with his numbers but his production remains strong at cost.
,86,1.08 / Jayden Quaintance,PF/C,Kentucky,7/11/2007,18.8,80,1,"Quaintance has the makings of an elite NBA defender, but I need to see more on the offensive end. He may have limited potential if that doesn't improve."
,87,1.09 / Brayden Burries,PG/SG,Arizona,9/18/2005,20.6,NEW,43,"Burries has played himself firmly into lottery status and possesses a lot of the winning, two-way traits you want to see in a long-term NBA starter. "
,88,Scoot Henderson,PG/SG,POR,2/3/2004,22.2,77,-6,Scoot missed a lot of the season and started out very slow. He's had some hit-or-miss performances since returning. Lot of questions about him moving forward.
,89,Jaden McDaniels,SF/PF,MIN,9/29/2000,25.5,88,-1,McDaniels continues to flash fantasy upside as he gets better in this career year he's having. Great two-way player and is building up a reputation as an iron man.
,90,Ausar Thompson,SG/SF,DET,1/30/2003,23.2,65,-35,Ausar has continued to struggle progressing on offense. He's still got loads of upside and is a fantastic defender but I don't know what more he'll become.
,91,Michael Porter Jr.,SF/PF,BKN,6/29/1998,27.8,95,-3,MPJ has been playing at an All-Star level this year even if some of it is pretty Mickey Mouse. He's going to be very important to Brooklyn's tank.
,92,1.10 / Darius Acuff Jr.,PG,Arkansas,11/16/2006,19.4,93,1,Acuff has been a straight-up star for Arkansas and there's no telling just how much further he can keep going. Concerns are obvious and there is a chance he's a bust.
,93,Jeremiah Fears,PG/SG,NOP,10/14/2006,19.5,79,-14,"Fears has, unsurprisingly, not been all that great or conducive to winning advanced numbers. This is pretty normal for guards. I'm staying the course."
,94,Immanuel Quickley,PG/SG,TOR,6/17/1999,26.8,84,-3,"As always, Quickley is streaky and can run hot or cold depending on the night, but he's locked into TOR for the long haul and playing well."
,95,Collin Murray-Boyles,PF/C,TOR,6/10/2005,20.9,120,25,"CMB has been brilliant in his best moments this season in Toronto. It's easy to see how he fits into this offense. Future All-Defense guy, for sure."
,96,Nic Claxton,C,BKN,4/17/1999,27.0,101,5,"There is still a lingering possibility of a Nic Claxton trade, but he's been a mainstay for Brooklyn. Would love to see the 2+ blocks coincide with the increase in assists."
,97,Tari Eason,SF/PF,HOU,5/10/2001,24.9,92,-5,"Eason hasn't been quite as good this year, but there has been an uptick from 3. Availability remains an issue."
,98,Coby White,PG/SG,CHA,2/16/2000,26.2,90,-8,I love the fit of Coby White as the 6th man in Charlotte. He's been ramping back up due to injury but his best moments so far in Charlotte are exciting.
,99,Julius Randle,PF,MIN,11/29/1994,31.4,93,-6,"Randle has mostly rebounded to his old self in Minny. Sometimes you get Julius Randle, sometimes you get Dubious Handle."
,100,Ryan Rollins,PG/SG,MIL,7/3/2002,23.8,107,7,Rollins has had an awesome breakout year in Milwaukee. He's very clearly the best guard on the Bucks right now.
,101,Anthony Black ,PG/SG/SF,ORL,1/20/2004,22.2,129,28,"Black was on fire for a lot of this 3rd season that should get him some MIP votes. He's quieted down a little recently, but he's had a fantastic year on the whole."
,102,Shaedon Sharpe,SG/SF,POR,5/30/2003,22.9,99,3,"I've been underwhelmed by Sharpe, who just doesn't possess much of a fantasy game besides scoring and hasn't played all that well relative to his high usage."
,103,Nickeil Alexander-Walker,SG/SF,ATL,9/2/1998,27.6,140,37,"NAW has blossomed in Atlanta and looks like a pivotal piece, especially with Trae Young gone. He's up to 20.3 PPG on the year."
,104,Dejounte Murray,PG/SG,NOP,9/19/1996,29.6,132,28,I've raised Murray a decent bit up here as he's coming back and looking OK following the Achilles tear. I'm skeptical still about his long-term outlook but deserves the bump.
,105,1.11 / Aday Mara,C,Michigan,4/7/2005,21.0,NEW,NEW,"I've been getting higher and higher on Aday Mara, and I think I'm ready to firmly commit to the idea the fantasy ceiling could be very, very high."
,106,Mark Williams,C,PHO,12/16/2001,24.3,94,-12,More of the same for Mark Williams in Phoenix as he's taken a slight step back in the numbers on a winning team.
,107,Zach LaVine,SG/SF,SAC,3/10/1995,31.1,103,-5,"I think we know by now that LaVine is not super conducive to winning as a leading scorer, but the stats are stats all the same in a fantasy setting."
,108,Jabari Smith Jr.,PF,HOU,5/13/2003,22.9,110,1,"Smith's fantasy appeal is clear, but he's struggled with inconsistency. He's had stretches where he's impressed and disappointed me this year."
,109,Jakob Poeltl,C,TOR,10/15/1995,30.5,97,-13,"Poeltl had himself a career year and he finally got paid. This year, he's regressed a bit and the back stuff is concerning."
,110,Payton Pritchard,PG/SG,BOS,1/28/1998,28.2,111,0,Pritchard struggled early in the year but is putting up some big shotmaking performances on a wide open Boston team.
,111,Devin Vassell,SG/SF,SAS,8/23/2000,25.7,115,3,"Vassell has really struggled recently compared to these last few years. Still has plenty of potential to tap into, but he may be expendable soon."
,112,Jalen Green,PG/SG,PHO,2/9/2002,24.2,98,-15,"To be fair, Green has been hurt for a majority of the year and been slow coming back from the hamstring... but he's been straight up bad numbers wise."
,113,Myles Turner,C,MIL,3/24/1996,30.1,85,-29,Turner has been pretty disappointing this year for Milwaukee. Will be interesting what the plan is with him if Giannis is traded.
,114,Keegan Murray,SF/PF,SAC,8/19/2000,25.7,109,-6,"I've been low on Keegan Murray for years. I just don't know that I buy him being much more than this. Clean stat profile, but nothing too exciting."
,115,Tre Johnson,SG/SF,WAS,3/7/2006,20.1,105,-11,"Like Bailey, Tre Johnson has a game more for points leagues. He's a solid shooter and I'm curious how the role looks next year with everyone healthy."
,116,Naz Reid,PF/C,MIN,8/25/1999,26.6,104,-13,Naz Reid is looking like the current choice for 6th Man of the Year as of now. He remains important for Minnesota but there's a chance he gets traded at some point.
,117,Peyton Watson,SF/PF,DEN,9/11/2002,23.6,204,86,Watson is a solid all-around player who could be a long-term staple for Denver. He's taken a huge leap over the last few months.
,118,Egor Demin,PG/SG/SF,BKN,3/3/2006,20.1,108,-11,"Demin has a lot of fantasy upside when considering his archetype. He's become a really excellent shooter so far, which is crazy to say after what we saw at BYU."
,119,Andrew Nembhard,PG/SG,IND,1/16/2000,26.3,116,-4,"Without Haliburton, Nembhard has had a solid year. He has good role malleability and it's encouraging to see the improvements from 3."
,120,Ajay Mitchell,PG/SG,OKC,6/25/2002,23.8,128,7,Mitchell remains high and has been very important for this OKC squad. He's a great buy at cost if you think he could take another leap here or elsewhere.
,121,1.12 / Dailyn Swain,SF/PF,Texas,7/15/2005,20.8,NEW,NEW,"I have a lot of questions about Swain and how his game translates to the NBA in a new role, but the appeal as a do-everything wing/forward is all there."
,122,PJ Washington,PF/C,DAL,8/23/1998,27.7,112,-11,"PJ Washington has been playing well in Dallas, but there's a real logjam right now with him, AD, Gafford and Lively still here."
,123,Cason Wallace,PG/SG,OKC,11/7/2003,22.4,131,7,"It feels like Cason Wallace's fantasy upside is limited, but I still like him enough long-term with his elite defense, especially if he goes elsewhere."
,124,Josh Hart,SG/SF,NYK,3/6/1995,31.1,121,-4,Hart has shot well from 3 this year and continues to deliver on the do-everything role he's made his bread off of.
,125,Jonathan Kuminga,SF/PF,ATL,10/6/2002,23.5,130,4,Kuminga has started to take another step forward being away from Golden State and Steve Kerr. Numbers are looking decent for Atlanta.
,126,Bilal Coulibaly,SG/SF,WAS,7/26/2004,21.7,137,10,"I think Bilal is done as far as any higher level outcomes, but he's had a good season and has some good role player outcomes here. Still very young."
,127,Jared McCain,PG/SG,OKC,2/20/2004,22.2,96,-32,"McCain loses some value on the whole after going to OKC, but he's been playing extremely well with the opportunities given to him so far."
,128,Kristaps Porzingis,PF/C,GSW,8/2/1995,30.7,106,-23,Kristaps Porzingis continues to suffer from POTS and has been in and out of lineups all year for Atlanta and Golden State.
,129,Dereck Lively II,C,DAL,2/12/2004,22.2,113,-17,Lively is set to miss the rest of the 2025-2026 season with yet another foot injury. I am out on him ever being a top 75 dynasty asset in his career again.
,130,1.13 / Yaxel Lendeborg,PF,Michigan,9/30/2002,23.5,NEW,NEW,"If you're looking for a ready-to-go rookie with a juicy fantasy profile and tons of skills that NBA teams look for in role players, Yaxel is your man."
,131,Khaman Malauch,C,PHO,9/14/2006,19.6,127,-5,"Malauch was always going to require patience. If you have him, you need to understand what you signed up for. Some flashes have been interesting so far."
,132,1.14 / Patrick Ngongba II,C,Duke,2/13/2006,20.2,NEW,NEW,"I have some skepticism on Ngongba as a prospect, but the fantasy profile is juicy for the center stuff we like in a shot blocker and rim protector with good touch."
,133,Toumani Camara,SF/PF,POR,5/8/2000,25.9,119,-15,"Really like Camara, but the problem areas this year have been strongly felt in the fantasy space."
,134,Miles Bridges,SF/PF,CHA,3/21/1998,28.1,114,-19,"With how hot the Hornets have been this month, I'm not sure if Bridges will be traded or not, but there is some interest around the league. "
,135,1.15 / Labaron Philon,PG/SG,Alabama,11/24/2005,20.4,NEW,-2,Philon has leveled up this year as a sophomore with Alabama. He has a good guard profile and will be a mid-10s pick in most dynasty drafts as of now.
,136,1.16 / Nate Ament,SF/PF,Tennessee,12/10/2006,19.4,NEW,NEW,"Ament struggled badly for part of his freshman season, but he's come into his own down the stretch. At cost, he's an interesting investment despite the concern areas."
,137,Rudy Gobert,C,MIN,6/26/1992,33.8,149,15,"More of the same as usual for Rudy Gobert, who delivers on his normal. He's having yet another All-Defense season."
,138,LeBron James,SG/SF/PF,LAL,12/30/1984,41.3,117,-22,"I'm fully expecting LeBron's final year to be this year or next, and by default, his value is pretty much deflated from here. If you have him, you're holding until the end."
,139,Norman Powell,SG/SF,MIA,5/25/1993,32.9,153,13,Norman Powell has been on a heater this year for Miami in their tinkered offense. He'll be a great name for trivia on random 1x All-Stars.
,140,Christian Braun,SG/SF,DEN,4/17/2001,25.0,118,-23,I'm still in on Christian Braun being a good player once he returns to full-game speed and is healthy. Good time to panic buy.
,141,Ty Jerome,PG/SG,MEM,7/8/1997,28.8,159,4,"It's early, but Ty Jerome has been standing out in a huge way for Memphis when healthy. "
,142,De'Andre Ayton,C,LAL,7/23/1998,27.7,125,-6,"Unsurprisingly, Ayton has looked better than expected because of Luka and Reaves. Numbers are typical but I don't see a lot of long-term upside still."
,143,Daniel Gafford,C,DAL,10/1/1998,27.5,139,4,"With Anthony Davis shipped off to Washington, Gafford's place in the rotation is a lot less muddy again."
,144,Nikola Topic,PG/SG,OKC,8/10/2005,20.7,138,9,Nikola Topic has returned from his testicular cancer treatment. He's played very few NBA minutes and is ramping up in the G League. We remain patient with him.
,145,Jaime Jaquez Jr.,SG/SF,MIA,2/18/2001,25.2,150,-6,Jaime Jaquez Jr. has had a solid year as he's played a steady role off the bench. His stats have been excellent.
,146,Jaylon Tyson,SG/SF,CLE,12/2/2002,23.4,163,-7,Tyson climbed my boards quick over the last few months. He's having an excellent sophomore season as one of Cleveland's few bright spots for some of this year.
,147,Santi Aldama,PF/C,MEM,1/10/2001,25.3,126,-4,"I still really like Santi Aldama, but it's hard to really figure out what Memphis looks like at their best. I think he's a key piece and I like his value at cost."
,148,Brandin Podziemski,PG/SG/SF,GSW,2/25/2003,23.1,135,7,"Statistically, Podz has had a fine, inconsistent year. The conversations on Twitter would make you think it's way worse."
,149,John Collins,PF/C,LAC,9/23/1997,28.6,148,-1,Collins continues to play at his normal pace. He's played well after the Zubac trade but has had some nagging injuries.
,150,Kevin Porter Jr.,PG/SG,MIL,5/4/2000,26.0,191,40,"Sorry if others are significantly higher on KPJ than me, but he is a bad IRL player that is not conducive to winning. I'm selling where I can."
,151,Ron Holland,SF/PF,DET,7/7/2005,20.8,122,-7,Holland is playing a key bench role for Detroit. Still has a lot ways to go but is flashing lots of nice potential at 20.
,152,Aaron Gordon,SF/PF,DEN,9/16/1995,30.6,134,-19,Gordon has missed some time at different points of the year. Denver has really missed him.
,153,Moussa Diabate,PF/C,CHA,1/21/2002,24.2,197,45,"It's hard to say who actually is the best suited starter is in CHA (or if they are on the roster right now). Still, Moussa is making a strong case against Kalkbrenner."
,154,RJ Barrett,SG/SF,TOR,6/14/2000,25.8,133,-22,"Barrett continues to score well in Toronto and is still younger than you'd think, but he's not much of a fantasy player unless you're in points leagues."
,155,Aaron Nesmith,SF/PF,IND,10/16/1999,26.5,160,4,Nesmith missed some time this past year and has come back hard with some big games in the playoffs. Very underrated player. 
,156,Thomas Sorber,C,OKC,12/25/2005,20.3,151,-6,Sorber has a great fantasy profile and has what it takes to be a good starter in OKC. He will miss 2025-2026 with a torn ACL. Good buy-low opportunity for rebuilders.
,157,Cameron Johnson,SF/PF,DEN,3/3/1996,30.1,141,-17,Cam Johnson has taken a step back this year in general and he's trending down on the whole. Good chance he gets salary dumped this offseason.
,158,Malik Monk,PG/SG/SF,SAC,2/4/1998,28.2,136,-23,"Look, I was too high on Monk and dropped him in my ranks, but to go from last year to now is ridiculous. Could be an intriguing buy-low candidate."
,159,Neemias Queta,C,BOS,7/13/1999,26.8,182,22,"Queta is far from your ideal NBA starting center, but he's looked decent for Boston all things considered. Good fantasy numbers."
,160,Will Riley,SF/PF,WAS,2/10/2006,20.2,264,103,Will Riley in Washington makes total sense when you look at what they value. He's been a monster down the stretch and may keep flying up my boards.
,161,Quentin Grimes,SG/SF,PHI,5/8/2000,25.9,145,-17,"Grimes has had a lot of moments of quality play, but just like the rest of his career to date, he can be wildly inconsistent."
,162,Bennedict Mathurin,SG/SF,LAC,6/19/2002,23.8,144,-19,More of the same from Bennedict Mathurin for the Clippers now. I expect him to play a 6th man role this next season.
,163,Maxime Raynaud,PF/C,SAC,4/7/2003,23.0,167,3,Raynaud has been excelling so far with Domantas Sabonis out. He checks all the right boxes. Never should've gone 42nd overall IRL.
,164,Joan Beringer,C,MIN,11/11/2006,19.4,161,-4,Beringer is loaded with upside at the center positon. He will be the heir apparent to the starting job (if Finch can work through his trust issues in therapy).
,165,Wendell Carter Jr.,PF/C,ORL,4/16/1999,27.0,217,51,"WCJ has had a better year this year and should probably be higher on my ranks, but I still do not have a ton of belief in him at this point."
,166,Ryan Kalkbrenner,C,CHA,1/17/2002,24.2,124,-43,"Kalkbrenner has looked solid in many parts this year, but right now, Moussa Diabate is the better player/starter."
,167,Donte DiVincenzo,PG/SG,MIN,1/31/1997,29.2,158,-18,Donte continues to be a staple in Minnesota with their lack of a true point guard. He's a key shotmaker.
,168,Max Christie,SG/SF,DAL,2/10/2003,23.2,174,5,"Christie faded off by the end of the season, and it's fair to question if he can come into next year at a starting level."
,169,Fred VanVleet,PG/SG,HOU,2/25/1994,32.1,155,-15,VanVleet suffered a horribly timed ACL tear. It's fair to question how he recovers from this injury at age 32 as a smaller guard. Him being out is definitely felt so far in HOU.
,170,Paul George,SG/SF/PF,PHI,5/2/1990,36.0,143,-28,"Paul George was already reaching towards the end, but now that he's out for the rest of the fantasy season with a drug suspension, he might be about done."
,171,Herbert Jones,SF/PF,NOP,10/6/1998,27.5,157,-15,Herb is shouldering a ton this year with how poor New Orleans' defense is. Numbers haven't been amazing but should tick up soon.
,172,Carter Bryant,SF/PF,SAS,11/26/2005,20.4,176,3,Carter Bryant is a bit of a mystery box in terms of upside. The fantasy game is meh so far but the upside and phyiscal tools are very intriguing.
,173,Kyle Filipowski,PF/C,UTA,11/7/2003,22.4,152,-18,"Filipowski's minutes have been hit or miss, but he's showing he can produce when he gets a large amount. Definite hold/buy still."
,174,Jrue Holiday,PG/SG,POR,7/12/1990,35.8,170,-5,Jrue has been crushing it in Portland in a bigger role for the first time in years. He's providing steady value for contenders.
,175,CJ McCollum,PG/SG,WAS,9/19/1991,34.6,193,17,CJ is playing as usual with high scoring outings without a ton else. He's coming up on the end.
,176,Andrew Wiggins,SF/PF,MIA,2/23/1995,31.1,179,2,Wiggins joined the Miami Heat following the Butler trade. He's had a solid fantasy season and should maintain a steady role in Miami as they look to build back up.
,177,Keon Ellis,SG/SF,CLE,1/8/2000,26.3,168,-10,"Ellis finally finds a new home, leaving the worst team in the West to a struggling, yet still-alive, Cavs team. He'll play an important role again."
,178,Zaccharie Risacher,SF/PF,ATL,4/8/2005,21.0,156,-23,Risacher's value is crashing hard right now and it remains to be seen if/how he can get it back.
,179,Naji Marshall,SF/PF,DAL,1/24/1998,28.2,228,48,I've been a longtime Marshall truther and he's been surging recently with the slew of Mavs injuries. I expect him to have a few more prime years like this.
,180,Isaiah Collier,PG/SG,UTA,10/8/2004,21.5,146,-35,"The shooting is still far from ever being close to average, but the playmaking, pace and feel are pretty good for a young guard. How will he, George and Clayton mesh?"
,181,Ayo Dosumnu,PG/SG,MIN,1/17/2000,26.2,206,24,Grown folks online tried saying Ayo is a bottom 10 role player in the NBA. He's been a top 80 per-game guy since coming to Minnesota. Hmmmm...
,182,Walter Clayton Jr.,PG/SG,UTA,3/6/2003,23.1,165,-18,"Clayton has not been heavily involved in the rotation yet, but I'm willing to be patient. I see some high outcomes still."
,183,Noa Essengue,SF/PF,CHI,12/18/2006,19.3,173,-9,"Essengue is far from a complete product and has a lot to work on, so it stinks to see him miss the remainder of the year and lose valuable development time."
,184,Jordan Poole,PG/SG,NOP,6/19/1999,26.8,97,-84,"Poole has been downright bad this year. Outside the top 250 in per-game value, DNPs. It'd be a surprise if he's done as an NBA player but he's not far off."
,185,DeMar DeRozan,SG/SF/PF,SAC,8/7/1989,36.7,199,14,DeRozan gets to reunite with LaVine and will likely finish his career in the next couple years. Still a worthy contender buy for the low if he fits your team.
,186,Dillon Brooks,SF/PF,HOU,1/22/1996,30.2,184,-2,How about Dillon Brooks this year? He's having the best scoring stretch of his career and continues to push.
,187,Nique Clifford,SG/SF,SAC,2/9/2002,24.2,164,-23,Clifford is an absolute fantasy monster lying in wait as Sacramento flounders around. He'll get his shot soon after impressing a lot this year. 
,188,De'Andre Hunter,SF/PF,SAC,12/2/1997,28.4,177,-11,"Hunter heads to Sacramento, where his path to good minutes this and next year feels clear. Still, he has become a negative value again very quickly."
,189,Jimmy Butler,SF/PF,GSW,9/14/1989,36.6,123,-66,"Jimmy Butler suffered a devastating ACL tear this January. He's a psycho and will aim to return, but will he ever be the same player again at age 37?"
,190,Grayson Allen,SG/SF,PHO,10/8/1995,30.5,237,47,"Allen is having his best year and popping off for Phoenix with their need for scorers. What him and Brooks is doing is pretty fake without Jalen Green, but still notable."
,191,Daniss Jenkins,PG/SG,DET,8/17/2001,24.7,277,86,Jenkins earned a hefty payday and is a long-term staple for Detroit moving forward. He truly is the answer for the long-term backup PG role.
,192,Kasparas Jakucionis,PG/SG,MIA,5/29/2006,19.9,171,-21,"Jakucionis had some nice games these past few months. He's not going to be a consistent player in MIA yet until he earn's Spoelstra trust, but the upside is obvious."
,193,Hugo Gonzalez,SG/SF,BOS,2/5/2006,20.2,188,-5,Hugo has had some massive games mixed with quiet boxscore nights but is well on his way. He's already a net-positive player for a good team. 
,194,Josh Minott,SF/PF,BKN,11/25/2002,23.4,180,-14,Minott has looked solid when getting the looks in Boston and moves onto Brooklyn in a clearer role.
,195,Davion Mitchell,PG/SG,MIA,9/5/1998,27.6,187,-8,Mitchell continues to be very good in Miami. I've had my doubts but he's really revived his career.
,196,Scotty Pippen Jr.,PG/SG,MEM,11/10/2000,25.4,178,-18,Scotty Pippen Jr. is still recovering from toe surgery and yet to make his debut. I think he's very quietly one of MEM's best players.
,197,Jerami Grant,SF/PF,POR,3/12/1994,32.1,192,-5,Grant is back to his high-scoring output for Portland. I expect he'll garner some trade interest from needy fringe contenders.
,198,Nikola Vucevic,C,BOS,10/24/1990,35.5,169,-29,"Vuc moves to Boston, where he played well splitting time before getting hurt. Will he re-sign and stick in this role?"
,199,Damian Lillard,PG/SG,POR,7/15/1990,35.8,172,-27,"With a 3-year deal and him sitting this year out recovering from his Achilles tear, he has a small window of decent play left if he manages to make a full recovery."
,200,Tobias Harris,SF/PF,DET,7/15/1992,33.8,212,12,Harris is still playing a steady role in Detroit with a lot less reliance on his scoring. He's coming towards the end.
,201,Tristan Da Silva,SF/PF,ORL,5/15/2001,24.9,215,14,"Not much more upside for the Magic to extract from Da Silva, but as a rotation player, I think he's good and should have a 10+ year career in the NBA."
,202,Isaiah Stewart,PF/C,DET,5/22/2001,24.9,186,-16,Stewart is having the best stretch of his career from a fantasy perspective. Still surprisingly very young and an elite defender.
,203,Danny Wolf,PF/C,BKN,5/5/2004,22.0,189,-14,"Wolf has a very appealing fantasy game, but he's not a good player at the NBA level yet and has a ways to go. Still definitely worth an investment in dynasty."
,204,Day'Ron Sharpe,PF/C,BKN,11/6/2001,24.4,218,14,Sharpe has been an interesting backup big for a few years now. Not sure why he signed for so cheap to stay in Brooklyn.
,205,Anfernee Simons,PG/SG,CHI,6/8/1999,26.9,142,-63,Simons fell out of favor for Boston and was traded to Chicago where he's hardly played. He has a very questionable future ahead.
,206,Jase Richardson,PG/SG,ORL,10/16/2005,20.5,166,-40,Jase has had some excellent games so far this year. The talent is definitely there even though I still want to see how he keeps it up.
,207,Draymond Green,PF/C,GSW,3/4/1990,36.1,203,-4,We know who Green is at this point. He'll stick around in GSW until the wheels fall off. His fantasy game isn't what it used to be but he's still a great and valuable player.
,208,Collin Gillespie,PG,PHO,6/25/1999,26.8,226,18,Gillespie has been excellent this year for Phoenix. I expect him to get a nice payday to stay with the Suns this summer.
,209,Noah Penda,SF/PF,ORL,1/7/2005,21.3,210,1,I love what I've seen from Penda so far and I'm very high on him potentially earning a consistent role next year.
,210,Rob Dillingham,PG/SG,CHI,1/4/2005,21.3,175,-35,"I normally try and give some grace to young guards, but I'm pretty concerned with how things went in MIN and the fantasy game being pretty poor in CHI."
,211,Saddiq Bey,SF/PF,NOP,4/9/1999,27.0,242,31,It's been great to see Saddiq Bey finally healthy and balling out again. I don't expect this to stick long-term but he is sure to draw some interest this summer.
,212,Jaylen Wells,SG/SF,MEM,8/26/2003,22.6,181,-31,"Wells has gotten himself out of the bad early slump, but the fantasy game is still not all that strong."
,213,Brice Sensabaugh,SG/SF,UTA,10/30/2003,22.5,261,48,Sensabaugh has taken quite the scoring leap recently. Not sure what his future holds as a score-first player.
,214,Mitchell Robinson,C,NYK,4/1/1998,28.0,207,-7,"Robinson has continually had struggles with staying healthy. If he can't this year, we will likely see him traded."
,215,Cam Spencer,PG/SG,MEM,4/6/2000,26.0,208,-7,Cam Spencer has ascended up the board with some stellar play over the last month. Is it real with all their injuries? 
,216,De'Anthony Melton,PG/SG,GSW,5/28/1998,27.9,282,66,"Melton has been very good fantasy-wise, as he always has flashed with opportunity. He could be an interesting player to monitor this summer."
,217,Dylan Cardwell,C,SAC,12/16/2001,24.3,403,186,Cardwell has flashed some interesting stuff for Sacramento at times. He's an old school big with good defensive abilities.
,218,Miles McBride,PG/SG,NYK,9/8/2000,25.6,227,9,McBride is a dawg and is suited to play big minutes on a funky Knicks bench. Not a ton of strong upside besides what he gets in big minutes.
,219,Luke Kornet,C,SAS,7/15/1995,30.8,202,-17,Kornet has been a good backup big for San Antonio. He started out hot and cooled over the last few months.
,220,Yang Hansen,C,POR,6/26/2005,20.8,183,-37,"Yang has been unplayable as a rookie. I never thought much of him, but given the capital people spent on him, he retains some value."
,221,Noah Clowney,PF/C,BKN,7/14/2004,21.8,190,-31,"Clowney has gross percentages, but he's certainly improved overall this year. I can't imagine he's locked into a role moving forward."
,222,Rui Hachimura,SF/PF,LAL,2/8/1998,28.2,219,-3,This year is now Rui's second in a row where he's shooting over 50% from the field and 40% from 3 on at least 1 per game.
,223,Keldon Johnson,SF/PF,SAS,10/11/1999,26.5,229,6,"Keldon Johnson isn't a great fantasy player, but he has posted excellent value this year and feels much more defined in a 6th man role."
,224,Nolan Traore,PG/SG,BKN,5/28/2006,19.9,241,17,"Traore has had some flashes of being a potentially good player, but the fantasy game is not going to be good for a bit."
,225,Collin Sexton,PG/SG,CHI,1/4/1999,27.3,201,-24,"As expected, Sexton is mostly a 6th man with some occasional spot starts. He's been playing decently for Chicago but his best days are behind him."
,226,Brandon Williams,PG/SG,DAL,11/12/1999,26.4,234,8,Brandon Williams is on track to go from Silly Season star to legitimate role player for Dallas until Kyrie is healthy. Him and Ryan Nembhard will compete for minutes. 
,227,Isaiah Joe,SG/SF,OKC,7/2/1999,26.8,250,23,Isaiah Joe is a pure shooter that's thrived in Oklahoma City. He's put up nice numbers at 105th in per-game value post-ASB.
,228,Kyle Kuzma,SF/PF,MIL,7/24/1995,30.7,196,-32,Gotta hand it to Kuzma: He went from an awful and inconsistent fantasy player last year to a consistent sub-200 per-game player this year. He works in mysterious ways.
,229,Sam Hauser,SF/PF,BOS,12/8/1997,28.4,239,10,"Sam Hauser doesn't have much true upside, but he is a good 3&D player and can pop off for 9 3s now and again. He will cook for Boston this year for sure."
,230,Julian Champagnie,SF/PF,SAS,6/29/2001,24.8,263,33,"We've seen Champagnie have some solid moments, but the previous overreliance on starting him is a sign he's probably best as a rotation player."
,231,Taylor Hendricks,SF/PF,MEM,11/22/2003,22.4,211,20,"Hendricks has struggled to earn minutes consistently in Utah, but there are signs of life in Memphis. Keeping an eye here."
,232,Gui Santos,SF/PF,GSW,6/22/2002,23.8,448,216,One of the more underdiscussed Warriors storylines is that Santos has found his way into the rotation and had some good looks. Interesting hold going into next season.
,233,Cody Williams,SG/SF,UTA,11/20/2004,21.4,313,80,"Some of you are going to groan over this, but I think CoDub has made some real progress recently. Next year is a very pivotal year for him."
,234,Sam Merrill,PG/SG,CLE,5/15/1996,29.9,251,17,Merrill is such a pure shooter and his shot is one of the cleanest I've ever seen. He will be one of a few guys working to replace Ty Jerome off the bench.
,235,Justin Champagnie,SF/PF,WAS,6/29/2001,24.8,306,71,Julian's twin has been excellent with the Wizards. Really impressed by his hard work in securing a full-time NBA role. High-percentile rebounder for his position.
,236,Kris Dunn,PG/SG,LAC,3/18/1994,32.1,249,13,Kris Dunn is a solid rotation defender for LAC. Not much upside here but he's a good player and will stick around a little longer.
,237,GG Jackson,SF/PF,MEM,12/17/2004,21.3,305,69,"GG Jackson remains full of question marks. He can score at a high level and is super young, but will he ever piece it all together."
,238,Jay Huff,C,IND,8/25/1997,28.6,222,-16,"We know Huff is on borrowed time with Indiana as their starting guy, but can the per-minute play continue even with Zubac as the starter? Possibly."
,239,Kelly Oubre Jr.,SG/SF,PHI,12/9/1995,30.4,244,5,We know what Oubre is and what his game looks like. He's a bucket but doesn't offer a ton of strong fantasy appeal besides that.
,240,AJ Green,SG,MIL,9/27/1999,26.6,232,-8,"AJ Green's role has expanded over the years, and hopefully, you aren't surprised that he's still shooting over 40% from 3 on higher volume. He's like that."
,241,DaRon Holmes II,PF/C,DEN,8/15/2002,23.7,216,-25,"Holmes has yet to play much in the NBA. With Jonas as their backup, this gives Holmes more time to get fresh and get ready for a bigger role next year."
,242,Duncan Robinson,SG/SF,DET,4/22/1994,32.0,268,26,Standard 3PT specialist stuff. We know what it is with Duncan Robinson. He's played well so far this year.
,243,Luguentz Dort,SG/SF,OKC,4/19/1999,27.0,220,-23,"Dort is a crucial piece to OKC as a defender and shooter. There's no big upside from here, but he's still pretty young and will remain a staple on this team."
,244,Adou Thiero,SF/PF,LAL,5/8/2004,21.9,262,18,"The offense remains a work in progress, but if you want to bet on the tools, athleticism, and two-way appeal, Thiero has a lot to love."
,245,Nikola Jovic,SF/PF,MIA,6/9/2003,22.9,162,-83,"Jovic has been downright awful this year. No clue what happened, but good chance he gets salary dumped or used in filler for a trade soon."
,246,Devin Carter,PG/SG,SAC,3/18/2002,24.1,230,-16,Carter has struggled to get it going in NBA minutes since making his debut earlier in 2025. He'll need a little refining but the fantasy upside is still there.
,247,Goga Bitadze,C,ORL,7/20/1999,26.7,200,-47,"Goga continues to flash on occasion, but I don't think he'll ever fully put it all together unless some desparate team swipes him up this summer."
,248,Alex Caruso,PG/SG,OKC,2/28/1994,32.1,213,-35,"Caruso in OKC is making for some terrifying defense. He's a winning player, but spending the remainder of his prime on a deep contender is not A+ for fantasy."
,249,Dennis Schroder,PG/SG,CLE,9/15/1993,32.6,214,-35,"Schroder has been traded once again; this time, he heads to Cleveland to play a bench role behind Donovan Mitchell and Darius Garland."
,250,Ryan Dunn,SG/SF/PF,PHO,1/7/2003,23.3,195,-55,Dunn has had good moments in Phoenix. He'll be a key piece for them over time with their dire cap situation. Very solid defender despite disappointing numbers this year.
,251,Will Richard,SG/SF,GSW,12/24/2002,22.8,221,-30,"Steve Kerr is Steve Kerr, so we know the minutes will wax and wane, but I still really like Richard long-term."
,252,Aaron Wiggins,SG/SF,OKC,1/2/1999,27.3,198,-54,Wiggins continues to play spot roles and when called upon in OKC. Very good player and valuable for his team but the role is just inconsistent.
,253,Jake LaRavia,SF/PF,LAL,11/3/2001,24.5,194,-59,LaRavia has impressed on occasion in LA. He's settled into a career as a role player moving forward.
,254,Moses Moody,SG/SF,GSW,5/31/2002,23.9,205,-49,Moody was really coming up strong before a brutal patellar tendon tear. He has a lenthy road to recovery.
,255,Ousmane Dieng,SF/PF,MIL,5/21/2003,22.9,385,130,"Dieng has a chance to be a potential building block for Milwaukee. Not that that's saying much, but still. Really good, albeit inconsistent, post-deadline play."
,256,Jeremy Sochan,SF/PF,NYK,5/20/2003,22.9,185,-71,"Sochan was waived by San Antonio and picked up by New York. He'll have to hope someone takes a cheap flier on him this summer, but it's not looking good."
,257,Jamal Shead,PG/SG,TOR,6/24/2002,23.8,290,33,Shead is still playing a small rotation well for Toronto and it's telling that he's still been given work even with how loaded they are. Good assists guy this deep.
,258,Jordan Walsh,SF/PF,BOS,3/3/2004,22.1,247,-11,"Walsh is still young and needs some time, but the upside is still there in his physical tools. Curious if he can carve out anything more in Year 3."
,259,TJ McConnell,PG/SG,IND,3/25/1992,34.1,240,-19,"McConnell is one of the better, more consistently underrated bench players in the NBA. He fits the Pacers perfectly."
,260,Jarace Walker,SF/PF,IND,9/4/2003,22.6,253,-7,"Walker has started to figure it out recently, but considering how terrible/injured Indiana has been, it's hard to trust much here."
,261,Bobby Portis,PF/C,MIL,2/10/1995,31.2,246,-15,Portis has dropped off the map a little this year and it remains to be seen if he'll tick back up into a more normal role for him.
,262,Kobe Sanders,SG/SF,LAC,5/30/2002,23.4,347,85,Sanders has been playing real minutes for the Clippers so far and has flashed some fantasy appeal.
,263,Russell Westbrook,PG/SG,SAC,11/12/1988,37.4,223,-40,"Russ went from almost being done as an NBA player to being the starter in Sacramento. It is Sacramento, but he does look revitalized on a bad team like this."
,264,Obi Toppin,SF/PF/C,IND,3/4/1998,28.1,224,-40,"I like Toppin as a rotation player. I don't think he's ever a full-time starter on a good team, but he does a lot of winning stuff for the Pacers in less minutes."
,265,Rasheer Fleming,SF/PF,PHO,7/10/2004,21.8,245,-20,"We haven't seen a lot of Fleming just yet, but I anticipate he will get more opportunities over the next few months."
,266,Drake Powell,SG/SF,BKN,9/8/2005,20.6,236,-30,There's a lot to like about Drake Powell with his athleticism and tools from North Carolina. There's a small chance he's Brooklyn's best player from this class.
,267,Yanic Konan Niederhauser,PF/C,LAC,3/14/2003,22.6,366,99,"Before going out for the year, YKN was starting to show some flash. We'll see what the role looks like next year. I don't think he's an NBA starter."
,268,Leonard Miller,SF/PF/C,MIN,11/26/2003,22.4,370,102,"I'm very skeptical of all this, but Leonard Miller has been showing some real signs of life in Chicago. Will be keeping an eye on this in the offseason."
,269,Jose Alvarado,PG,NOP,4/12/1998,28.0,266,-3,"Alvarado has good fantasy value for his minutes, but there's just not much upside for him unless there are injuries. There's a chance a trade lets him see more opportunity."
,270,Baylor Scheierman,SG/SF,BOS,10/26/2000,25.5,304,34,Scheierman's role remains very low with little to do. I expected way better out of him this year.
,271,Royce O'Neale,SG/SF,PHO,6/5/1993,32.9,284,13,Still crazy to think Royce O'Neale cost the Suns a first round pick with their current state of things. Good role player in general.
,272,Yves Missi,C,NOP,5/14/2004,21.9,255,-17,Missi has started to get pushed out of NOLA's rotation after an intriguing rookie year. There is some hope if he's traded.
,273,Jusuf Nurkic,C,UTA,8/23/1994,31.7,289,16,"Despite Walker Kessler going down, Nurkic has been playing with a little gas left in the tank. Not expecting much after this season."
,274,Carlton Carrington,PG/SG,WAS,7/21/2005,20.7,209,-65,Bub is still playing poorly to close out the season and is teetering on top 300 per-game value. It might be curtains for him soon.
,275,Tre Jones,PG/SG,CHI,1/8/2000,26.3,235,-40,Jones chose to stay in Chicago with a new deal and has been killing it so far at different points of the season. There's just too many guards in Chicago now.
,276,Oso Ighodaro,PF/C,PHO,7/2/2002,23.8,374,98,"Ighodaro may play some spot minutes here and there, with Phoenix added two centers this offseason. I don't see Oso making a big case moving forward."
,277,Vit Krejci,PG/SG/SF,POR,6/19/2000,25.8,265,-12,Krejci has been one of the more underrated role players in the NBA this year. I think the trade to Portland helps his fantasy value long term.
,278,Ryan Nembhard,PG,DAL,3/10/2003,22.6,231,-47,"Nembhard was trending up, but there hasn't been much going on for him over the last few months. "
,279,Kevin Huerter,SG/SF,CHI,8/27/1998,27.6,248,-31,Huerter returns to a rotation role in Detroit after some decent looks in Chicago. He is who he is.
,280,Bruce Brown,PG/SG/SF,DEN,8/15/1996,29.7,254,-26,"Brown has not been as good as I'd hoped returning to Denver, but he's at least playing a role again and might earn more burn as the year goes on."
,281,Jalen Smith,PF/C,CHI,3/16/2000,26.1,259,-22,"Smith is just a backup big at this point and does not carry much value, but if Vucevic is traded, he could be a Silly Season hero."
,282,Javon Small,PG/SG,MEM,12/19/2002,23.3,317,35,Small's fantasy game has continued to pop when he plays for Memphis. Could be a real sleeper hit for deeper leagues here.
,283,Derrick Jones Jr.,SF/PF,LAC,2/15/1997,29.2,285,2,DJJ has quietly been having the best year of his career before he went down with an injury in November. Expecting more of that once he's back.
,284,Liam McNeeley,SG/SF,CHA,10/15/2005,20.5,233,-51,"McNeeley hasn't popped much yet, but he's shown a little in Charlotte that suggest more could come when he gets a consistent role."
,285,Bones Hyland,PG/SG,MIN,9/14/2000,25.6,326,41,"Bones has been playing legit minutes with Minnesota this year. Still not sure he's all that good, but he is reviving his career in a big way."
,286,Tidjane Salaun,PF,CHA,8/10/2005,20.7,267,-21,Salaun started showing some life a few months ago but has largely been outside the rotation since Charlotte got hot.
,287,Asa Newell,PF/C,ATL,10/5/2005,20.5,238,-49,I'm closely watching Asa Newell after some fiery games when he gets real minutes. Holding tight and buying if I can.
,288,Max Strus,SG/SF,CLE,3/28/1996,30.1,299,11,Strus has been coming back from his foot injury that kept him out for a long time. We'll see if he's traded this offseason.
,289,Jamir Watkins,SG/SF,WAS,7/6/2001,24.8,350,61,Watkins has shown he has some juice to be a good rotation player for Washington. He fits their defensive identity well.
,290,Isaiah Jackson,PF/C,LAC,1/10/2002,24.3,271,-21,"IJax has been playable this year recovering from his Achilles tear, but the fantasy game has not been impressive save for a few games."
,291,Pelle Larsson,PG/SG,MIA,2/23/2001,25.1,303,12,Larsson is kind of a jack of all trades/master of none rotation piece. Don't see a lot of upside for him but feels like he could stick around and earn a role in MIA.
,292,Ben Saraf,PG/SG,BKN,4/14/2006,20.0,280,-12,"I'm not overwhelmingly confident that Ben Saraf will evolve into a good shooter long-term, but there is a lot to like as a big guard."
,293,Robert Williams III,C/PF,POR,10/17/1997,28.5,283,-10,"We know the deal with Timelord at this point: When he plays, he can be a good fantasy guy, but he rarely plays at this point in his career."
,294,Harrison Barnes,SF/PF,SAS,5/30/1992,33.9,312,18,Barnes still has some juice even in San Antonio. We know what he is as a boring forward who can pop on occasion.
,295,Kam Jones,PG/SG,IND,2/25/2002,24.1,278,-17,The fit couldn't be better in Indiana and Kam is absolutely going to get opportunities to play. He's been out for the start of the season.
,296,Justin Edwards,SG/SF,PHI,12/16/2003,22.3,295,-1,"Despite having a good rookie season, Edwards has largely been on the outside looking in this year."
,297,Bradley Beal,SG,LAC,6/28/1993,32.8,269,-28,Beal could be an interesting bargain bin player to stash if you're a contender and think he can come back to some form next year.
,298,Jaylin Williams,PF/C,OKC,6/29/2002,23.8,311,13,"JWill probably deserves to be higher than this because he's legitimately solid as a rotation piece, but it's hard to trust he has a role of much size at all."
,299,Jaden Ivey,PG/SG,FA,2/13/2002,24.2,154,-145,This may be too generous. Everything that could go wrong for Ivey's career has gone wrong. He may still have a path back into the NBA if he gets help.
,300,Mouhamed Gueye,PF/C,ATL,11/9/2002,23.4,260,-40,"There's something there with Gueye, and you see it all over the tape. I think he's got some intriguing upside that is worth buying on now."
,301,Moussa Cisse,C,DAL,9/10/2002,23.6,332,31,I'm keeping a close eye on Cisse moving forward. Really intriguing advanced numbers. Could be a great player hiding in plain sight.
,302,Tristan Vukcevic,PF/C,WAS,3/11/2003,23.1,325,23,"As usual, Vukcevic continues to tease good fantasy play here and there. He deserves a way more consistent role."
,303,Amari Williams,C,BOS,1/28/2002,24.2,352,49,Amari Williams has been playing real well in the G League so far. He's currently averaging 5 assists in 29 minutes.
,304,Craig Porter Jr.,PG/SG,CLE,2/26/2000,26.1,307,3,CPJ is actually one of the more interesting role players out there that could be a hit if Cleveland's bench wasn't so deep. Worth a watch to see what happens.
,305,Guerschon Yabusele,SF/PF/C,CHI,12/17/1995,30.3,293,-12,"Yabusele has been playing a real role in Chicago, but it remains to be seen if he'll stay in the NBA after this season."
,306,Dominick Barlow,PF/C,PHI,5/26/2003,22.9,378,72,"Barlow has played a surprising amount for Philly, starting more games than you'd think. Not a ton of fantasy upside here, at least from recent returns."
,307,Al Horford,PF/C,GSW,6/3/1986,39.9,308,1,Horford is somehow still kicking and delivering on top 200 per game value. He'll turn 40 if/when the Warriors make the playoffs.
,308,Vince Williams Jr.,SG/SF/PF,FA,8/30/2000,25.6,279,-29,"Vince has had a tough run recently with the trade to Utah, tearing his ACL and getting waived. I'm still hopeful for him breaking back in."
,309,Cam Thomas,SG,FA,10/13/2001,24.5,147,-162,"Thomas found his way out of the NBA pretty quickly after being waived by Brooklyn. Get ready to learn Chinese, buddy. "
,310,Luke Kennard,SG/SF,LAL,6/24/1996,29.8,360,50,Kennard is playing a 3-point specialist role for the Lakers. I expect him to pick up some slack until Luka and Reaves are back.
,311,Spencer Jones,SF/PF,DEN,6/14/2001,24.8,345,34,"Spencer Jones' fantasy output has been very inconsistent, but he's playing a lot of minutes this year. Continuing to monitor him."
,312,Jamaree Bouyea,PG/SG,PHO,6/27/1999,26.8,425,113,Bouyea has played limited minutes for the Suns and had a few moments here and there.
,313,Jordan Miller,SF/PF,LAC,1/23/2000,26.2,407,94,Jordan Miller is a downright Summer League superstar. Can he secure some real/consistent NBA minutes at some point? He needs to leave the Clippers.
,314,Julian Strawther,SG/SF,DEN,4/18/2002,24.0,331,17,Strawther has basically fallen out of the Nuggets' rotation and remains to be seen if he returns.
,315,Terrance Shannon Jr.,SG/SF,MIN,7/30/2000,25.7,225,-90,˙ɹǝɥʇouɐ sᴉ ſS┴ ˙ʇɐɥʇ ʇdǝɔɔɐ oʇ ǝʌɐɥ ʇsnɾ ǝʍ puɐ 'ɹǝʇsoɹ ɹᴉǝɥʇ uo sǝɯɐƃ ǝɥʇ ɟo ʎuɐɯ os uᴉ ʇsnɹʇ oʇ ƃuᴉoƃ ɹǝʌǝu sᴉ ɥɔuᴉℲ sᴉɹɥƆ
,316,Sandro Mamukelashvili,PF/C,TOR,5/23/1999,26.9,270,-46,Mamu set an NBA record 34 points in 19 minutes. What can he do with the possibility of more run in Toronto? Time will tell.
,317,Quentin Post,PF/C,GSW,3/21/2000,26.1,252,-65,There's some real upside with Post that Golden State could tap into. He's a good rotation piece and able to produce in limited minutes.
,318,Adem Bona,PF/C,PHI,3/28/2003,23.1,258,-60,Bona appears to be a current lock for Philadelphia's primary backup to Joel Embiid. He's looked sharp for a bench big since early 2025.
,319,Corey Kispert,SG/SF,ATL,3/3/1999,27.1,287,-32,Kispert was traded to Atlanta and has been on the outside of the rotation. Not expecting a solid role unless guys are moved or he's traded again.
,320,Jonas Valančiūnas,C,DEN,5/6/1992,33.9,276,-44,Valančiūnas has looked pretty steady in Denver and Sacramento alike. Not much value unless Jokic goes down like he did earlier this year.
,321,Tyler Kolek,PG/SG,NYK,3/27/2001,25.1,288,-33,"Kolek bag holders, take a lap. He's finally starting to figure it out and build on some good games over the last few months. We'll see if it can stay moving forward."
,322,Bogdan Bogdanovic,SG/SF,LAC,8/18/1992,33.7,274,-48,Bogi shook the rust off recently and looked good for the Clippers post-deadline. Beal coming in may hurt his opportunities but returning to 6MOY is not impossible one day.
,323,Luka Garza,PF/C,BOS,12/27/1998,27.3,333,10,Garza has been playing a backup role to Queta in Boston. He's far from ideal but playing fine enough.
,324,Karlo Matkovic,PF/C,NOP,3/30/2001,25.1,356,32,"I like Karlo Matkovic and thought earning a real long term role was a possibility, but Troy Weaver cooked any chances of that by now."
,325,Andre Drummond,C,PHI,8/10/1993,32.7,315,-10,"I don't know how he does it, but Andre Drummond continues to survive and deliver some quality play in philly. "
,326,Tyrese Proctor,PG/SG,CLE,4/1/2004,22.0,296,-30,Proctor is waiting behind Craig Porter Jr. for NBA minutes. Likely won't happen for him this year unless there's injuries. 
,327,Rocco Zikarsky,C,MIN,7/11/2006,19.2,354,27,"Rocco needs a ton of time to keep developing, but early G League returns have been pretty good so far."
,328,Terance Mann,SG/SF,BKN,10/18/1996,29.5,292,-36,"Nothing Mann is doing is all that ""real"", but he is proving some value to Brooklyn and fantasy managers in deep leagues."
,329,Khris Middleton,SF/PF,DAL,8/12/1991,34.7,286,-43,Middleton is reaching the end of his career and was dumped to Dallas in the AD trade. Hard to say if he hangs it up soon or goes ring chasing.
,330,Caris LeVert,SG/SF,DET,8/25/1994,31.6,275,-55,LeVert gets buckets and did just that for Atlanta. I'm curious how he fares for Detroit and what his role can look like.
,331,Ben Sheppard,SG/SF,IND,7/16/2001,24.8,309,-22,"I always liked Ben Sheppard, but he's been really bad this year. Hoping he bounces back later in the year."
,332,Gradey Dick,SG/SF,TOR,11/20/2003,22.4,243,-89,Gradey Dick needs a trade to salvage his career at this point. He's just continued to struggle for Toronto.
,333,Ziaire Williams,SF/PF,BKN,9/12/2001,24.6,324,-9,Ziaire Williams has been an interesting discovery by the Nets after he didn't work out in Brooklyn. Not expecting much after this season.
,334,Jock Landale,C,ATL,10/25/1995,30.5,298,-36,Landale has played some decent ball for Atlanta and will likely stick around as a backup/3rd stringer.
,335,Johni Broome,PF/C,PHI,7/19/2002,23.7,310,-25,"Broome has an appealing fantasy game that should pop with his playmaking, but it appears that Bona and Drummond are the backups for now."
,336,Jordan Goodwin,PG/SG,PHO,10/23/1998,27.5,409,73,Goodwin has had some nice moments over the year and continues to look interesting for a deep bench guy.
,337,Tim Hardaway Jr.,SG/SF,DEN,3/16/1992,34.1,323,14,"Sometimes, doing this clues you into things you had no idea about. Exhibit A: THJ is 192nd per game over the last 2 months."
,338,Cam Whitmore,SF/PF,WAS,7/8/2004,21.8,256,-82,"Whitmore fell out of favor in WAS and was diagnosed with DVT. Nowadays, this is not a big concern, but it is still worth noting that it could impact his career."
,339,Marvin Bagley III,PF/C,WAS,3/14/1999,27.1,364,25,Bagley will forever be known as the guy drafted before Luka Doncic. He's still not very good but he's doing a little for the Wizards still.
,340,Ja'Kobe Walter,SG/SF,TOR,9/4/2004,21.6,358,18,My sentiment that Walter is of little interest to me for fantasy remains the case - but he has had good NBA looks when the 3PT shot can fall.
,341,Kentavious Caldwell-Pope,SG/SF,MEM,2/18/1993,33.2,NEW,NEW,"Somehow, I've left KCP off previous updates. He's locked into Memphis on a player option. Could he be a sneaky bounceback guy next year?"
,342,Simone Fontecchio,SF/PF,MIA,12/9/1995,30.4,338,-4,I like Simone as a rotation shooter. I could easily see him looking really good for Miami and could get a legit role with Haywood Highsmith out to open the season.
,343,Sion James,SG/SF,CHA,12/4/2002,23.4,294,-49,Charlotte has found a potential multi-year role player in Sion James. He's mostly an empty calories/innings eater type.
,344,Johnny Furphy,SG/SF,IND,12/8/2004,21.4,291,-53,Furphy tore his ACL in late February. There is still some upside here but missing much-needed development time is going to hurt.
,345,Malik Beasley,SG/SF,FA,11/26/1996,29.4,281,-64,"It remains to be seen if Beasley is coming back to the NBA soon after saying he'd be signing with a team ""soon""."
,346,Isaac Okoro,SG/SF,CHI,1/26/2001,25.2,334,-12,Okoro is what he is at this stage in his career. Chicago will use him some but don't expect anything for fantasy.
,347,Pat Spencer,PG/SG,GSW,7/4/1996,29.8,361,14,Both these Spencer brothers can really hoop! Pat has had some massive games for the Warriors this year.
,348,D'Angelo Russell,PG/SG,WAS,2/23/1996,30.1,272,-76,DLo is on what might be his last chance to keep the career and name recognition standing. He was dumped to Washington in the AD trade.
,349,Lonzo Ball,PG/SG,FA,10/27/1997,28.5,257,-92,Lonzo Ball is not currently signed to a team and will have to see if he's still worth the shot next year. Shame how his career has gone.
,350,Klay Thompson,SG/SF,DAL,2/8/1990,36.2,341,-9,"Klay's value is really only in the name at this point. He's about done after this year, I'd imagine."
,351,Caleb Love,SG,POR,9/27/2001,24.6,NEW,NEW,Caleb Love burst onto the scene early for Portland with some great scoring stretches. Doesn't do much other than chuck up shots.
,352,Trendon Watford,PF/C,PHI,11/9/2000,25.4,297,-55,Watford has been a bench piece with occasional flashes this year. Nothing crazy but can pop off and has some good passing to his game.
,353,Brook Lopez,C,LAC,4/1/1988,38.0,336,-17,Brook Lopez is coming up on the end of his career. I don't see much for him after this year if he somehow doesn't retire.
,354,Gary Trent Jr.,SG/SF,MIL,1/18/1999,27.2,273,-81,"For what it's worth, GTJ is shooting over 40% from 3 and continues to do that well. He's doing quite well for making pennies relative to other NBA vets."
,355,Jaylen Clark,SG/SF,MIN,10/13/2001,24.5,301,-54,I'm very high on Jaylen Clark's future. He's looked excellent in MIN's rotation and the fact that a stickler like HC Chris Finch trusts him is reason enough to buy in early. 
,356,Steven Adams,C,HOU,7/20/1993,32.7,316,-40,Adams was a big IRL loss for Houston when he got season-ending ankle surgery back in January.
,357,Brandon Clarke,PF/C,MEM,9/19/1996,29.6,329,-28,"Clarke may never be fully healthy again, unfortunately. He was arrested this past week and we're waiting to see how things go from here."
,358,Matisse Thybulle,SG/SF,POR,3/4/1997,29.1,335,-17,Thybulle was MIA essentially all year. Let's hope we see him soon and return to form as a strong defender this next year.
,359,Paul Reed,PF/C,DET,6/14/1999,26.8,340,-19,One thing about BBall Paul? He's always going to have some random explosions per year and he's had a few for Detroit already.
,360,Nick Richards,C,CHI,11/29/1997,28.4,318,-42,Richards is fine as a backup big man. He's barely played for Chicago since being traded.
,361,Patrick Williams,SF/PF,CHI,8/26/2001,24.6,314,-47,"There's a very compelling case that Patrick Williams is one of the worst players in the NBA right now, but by virtue of his contract, there will always be minutes."
,362,Elijah Harkless,SG,UTA,2/3/2000,26.2,NEW,NEW,"Harkless may be getting burn during Silly Season, but Utah has been better with him on the court and he's stuck around a while. I think this could be a possible guy."
,363,Ron Harper Jr.,SG,BOS,4/12/2000,26.0,NEW,NEW,Ron Harper Jr. has had some nice flashes for Boston. I'm not sure if he's much of a long-term NBA player but I'm keeping an eye on him.
,364,Tre Mann,PG/SG,CHA,2/3/2001,25.2,302,-62,"Mann is unfortunately buried in Charlotte, but there's unlikely to be much interest in his services moving forward."
,365,Svi Mykhailuk,SF/PF,UTA,6/10/1997,28.9,379,14,Svi has not only been servicable for Utah this year but also looked better than average.
,366,Jordan Hawkins,SG/SF,NOP,4/29/2002,24.0,320,-46,Hawkins is mostly just a 3PT specialist and nothing more. He's mainly just a rotation piece at this point.
,367,Grant Williams,SF/PF,CHA,11/30/1998,27.4,389,22,"Grant Williams tore his ACL this past year and is expected to make a full recovery. He's not a priority piece, but he might play more than we think this year."
,368,Brooks Barnhizer,SG/SF,OKC,3/2/2002,23.6,321,-47,I don't really expect Barnhizer to play much with how deep this roster is but the fantasy profile is intriguing. He's been killing it in the G League so far.
,369,Dean Wade,SF/PF,CLE,11/20/1996,29.4,359,-10,Wade was a great undrafted gem for the Cavs and plays a steady bench role. Really good IRL player but essentially a cardio guy for fantasy purposes.
,370,Jaxson Hayes,PF/C,LAL,5/23/2000,25.9,375,5,Most of us knew that Hayes isn't really an NBA-caliber player and stunk in the playoffs. The Lakers will replace him as a starter with Ayton.
,371,Ochai Agbaji,SG/SF,TOR,4/20/2000,26.0,328,-43,Agbaji might sink more into the rotation with their additions and everyone healthy this year. Not expecting much from him. Very boring fantasy player.
,372,Cole Anthony,PG/SG,FA,5/15/2000,25.9,300,-72,Anthony is close to done as an NBA player following his waiving after being traded to Phoenix. 
,373,Dorian Finney-Smith,SF/PF,HOU,5/4/1993,33.0,319,-54,DFS has become a bad player and is arguably among the worst in the entire league at this point.
,374,Jonathan Mogbo,PF/C,TOR,10/29/2001,24.5,327,-47,Mogbo has still yet to do much this year. I still have some hope for him but the better version of him (Collin Murray-Boyles) is the priority.
,375,Nae'Qwan Tomlin,PF,CLE,12/10/2000,25.4,349,-26,Tomlin really impressed me at Summer League and is starting to break into CLE's rotation a bit. Keep an eye on him.
,376,Buddy Hield,SG/SF,GSW,12/17/1992,33.3,337,-39,"It's been an unusual year for Buddy, who is having his worst 3PT shooting season ever so far. He may be close to the end."
,377,AJ Johnson,PG/SG,DAL,12/1/2004,21.4,343,-34,"AJ Johnson still has talent to tap into, but he's barely played aside from blowouts or miniscule stretches. "
,378,Tyus Jones,PG/SG,DEN,5/10/1996,29.9,330,-48,Tyus Jones has been downright awful this year. It's possible that this is his last year in the NBA as a full-time player.
,379,Haywood Highsmith,SF/PF,PHO,12/9/1996,29.4,355,-24,Highsmith is now playing for Phoenix. Hopeful he can eventually pick up a role but his career might be close to done.
,380,Dalton Knecht,SG/SF,LAL,4/19/2001,25.0,322,-58,Knecht is arguably one of the worst players in the NBA and his career might be close to over at 25 (his second season).
,381,Moritz Wagner,PF/C,ORL,4/26/1997,29.0,342,-39,Mo Wagner was done for the season after an ACL tear. We should expect him to make a full recovery and return to form in Orlando this summer.
,382,Pacome Dadiet,SF/PF,NYK,7/27/2005,20.7,367,-15,Dadiet is a great investment for a multi-year rebuild. Could he be a good piece in a few years if the Knicks get priced out of bench guys?
,383,Julian Reese,PF,WAS,6/30/2003,22.8,NEW,NEW,Julian Reese has been a Silly Season hero with how he's played for Washington. He's not a long term guy.
,384,Josh Green,SG/SF,CHA,11/16/2000,25.4,357,-27,Josh Green has been incredibly underwhelming in Charlotte and just seems like a cardio role player. I question whether him or Sion James are better going forward.
,385,Clint Capela,C,HOU,5/18/1994,31.9,365,-20,Capela isn't likely to play much in his career ever again unless Houston has too many injuries.
,386,Gary Payton II,PG/SG,GSW,12/1/1992,33.4,386,0,We know what it is with GP2 at this point. Solid IRL rotation guy but he can't do much of anything for fantasy aside from the steals.
,387,Jaden Hardy,SG/SF,DAL,7/5/2002,23.8,399,12,Hardy stuck around in Dallas on a cheap 3-year deal this past summer. He's a strong scorer with very little else to offer. He's like Cam Thomas (derogatory).
,388,Jarred Vanderbilt,SF/PF/C,LAL,4/3/1999,27.0,339,-49,"Vanderbilt is a way better IRL player than fantasy, and even then, he's not doing much on either front."
,389,Kelly Olynyk,PF/C,SAS,4/19/1991,35.0,344,-45,"Kelly Olynyk used to command tanks, but he may be done doing that in San Antonio with Wemby leading the competitive Spurs."
,390,Koby Brea,SG/SF,PHO,11/6/2002,23.4,372,-18,"Koby Brea might be a role player that can't do a ton offensively, but he more than makes up for it as a pure 3PT specialist who's shot 43.4% from 3 in his CBB career."
,391,Mike Conley,PG/SG,MIN,10/11/1987,38.5,348,-43,We're approaching the end for Mike Conley. He's starting to be phased out at large despite some good games and shooting over 40% from 3.
,392,Jonathan Isaac,SF/PF,ORL,10/3/1997,28.5,353,-39,Isaac has scored 2.6 points per game this year in 52 games. He's been a shell of himself for so long now.
,393,Jordan Clarkson,PG/SG,NYK,6/7/1992,33.9,363,-30,We know what Clarkson is by now: rough 9Cat player but money for points leagues. Played a real role for NYK at points.
,394,Micah Peavy,SG/SF,NOP,7/16/2001,24.8,383,-11,"Peavy has the size, potential shooting, and fundamental skills to overcome limitations. Could be an intriguing sleeper depending on if NOLA has injuries"
,395,Alijah Martin,SG,TOR,12/26/2001,23.8,382,-13,"Martin is smaller and lacks high-end skills, but his energy and pure athleticism is solid. He's playing well for the 905 Raptors right now."
,396,Bronny James,SG,LAL,10/6/2004,21.5,388,-8,Bronny has not played much this year to the surprise of almost no one. Still might be worth watching.
,397,Quenton Jackson,PG/SG,IND,9/15/1998,27.6,NEW,NEW,"Jackson has flashed plenty for Indiana over the years. Unfortunately, they're so deep at guard that Jackson is unlikely to ever get his fair shot."
,398,Bogoljbub Markovic,PF,MIL,7/12/2005,20.2,430,32,"Bogo is about 2-3 years away from being an NBA player and will stay overseas as a stash, so I don't see him being worth an early 2nd round pick in rookie drafts at all."
,399,Rayan Rupert,SG/SF,MEM,5/31/2004,21.9,404,-5,"Not sure if Rupert is ever going to be a full-time NBA player, but he was really sharp this summer and has always shown flashes."
,400,Alex Toohey,SF/PF,FA,5/5/2004,21.4,422,22,Toohey has been waived by the Warriors following the announcement he would be out for the season. Still think there's an NBA player here.
,401,John Tonje,SG/SF,BOS,4/23/2001,24.5,351,-50,John Tonje is a Dizzle Dynasty favorite. He's flashed some good scoring in the G League. Still has a chance to be an NBA contributor at some point.
,402,Precious Achiuwa,PF/C,SAC,9/19/1999,26.6,402,0,Achiuwa is struggling to make it in the NBA. He's currently with Sacramento but already bounced around multiple teams this season.
,403,Trayce Jackson-Davis,PF/C,GSW,2/22/2000,26.2,346,-57,"TJD is still playing very small, insignificant minutes for the Warriors despite doing well as a rookie."
,404,Kevon Looney,PF/C,NOP,2/6/1996,30.2,373,-29,"Troy Weaver and his fetish for centers needs to be studied. Don't know how much he plays alongside Queen, Missi and others."
,405,Jericho Sims,C,MIL,10/20/1998,27.5,393,-12,"Sims is just an athlete and nothing more. Great bounce but not much skill. The Bucks are pretty rough depth wise, so maybe he gets some real looks this year."
,406,Taurean Prince,SF/PF,MIL,3/22/1994,32.1,394,-12,"Pretty average rotation guy in general, but Prince gets good minutes in Milwaukee due to their bench. He's a good value this deep."
,407,Pete Nance,PF/C,MIL,2/19/2000,26.2,NEW,NEW,"The younger brother of Larry Nance Jr., Pete Nance will largely be known as the guy Milwaukee cut Cam Thomas for unless he surprises in the NBA."
,408,Zach Collins,PF/C,CHI,11/19/1997,28.4,381,-27,"Collins has had some fine fantasy play in the past few years, but he's about done once his contract is up next summer. "
,409,Tyrese Martin,SG,PHI,3/7/1999,27.1,371,-38,Martin has stuck around the NBA and keeps finding jobs. He's currently on the 76ers and getting almost no burn.
,410,Javonte Green,SG/SF,DET,7/23/1993,32.7,NEW,NEW,Green has played a small role for Detroit almost all year and looked OK doing so. Almost no upside here.
,411,Kyle Anderson,SF/PF,MIN,9/20/1993,32.6,418,7,SloMo's back in Minnesota and getting some burn here. We know what to expect at this point. 
,412,Tyler Smith,SF/PF/C,DAL,11/2/2004,21.5,377,-35,"I still have shreds of hope left for Tyler Smith, whose rights are now owned by Dallas. Could he possibly emerge with some time to develop?"
,413,Jett Howard,SG/SF,ORL,9/14/2003,22.6,376,-37,"If you want to hold out any hope for another second team opportunity guy, maybe Jett Howard can be one. He's struggled to do anything for Orlando."
,414,Sidy Cissoko,SG/SF,POR,4/2/2004,22.0,NEW,NEW,"Cissoko finally broke the mold and found a role in Portland for a bit, but he's been brutal since the trade deadline. I fear he's not an NBA player."
,415,Aaron Holiday,PG/SG,HOU,9/30/1996,29.5,368,-47,One of the brothers of Jrue Holiday. Actually still decent when he does get the minutes here and there.
,416,Jamal Cain,SG/SF,ORL,3/20/1999,27.1,NEW,NEW,Cain signed a non-guaranteed NBA contract. Don't think there's really much here to gleam at.
,417,Kris Murray,SF/PF,POR,8/19/2000,25.7,380,-37,I think there's a real possibility Kris Murray might not stick in the NBA. Once had hope for him on a contender.
,418,Blake Wesley,PG/SG,POR,3/16/2003,23.1,369,-49,"Wesley has failed to do much of anything at the NBA level to date, and he ends up in Portland to ride the bench."
,419,KJ Simpson,PG/SG,DEN,8/8/2002,23.7,362,-57,"Simpson was waived by Charlotte and came over to Denver. Liked him as a prospect, but he's not going to be a full-time NBA guy."
,420,Chaz Lanier,SG/SF,DET,12/19/2001,23.8,398,-22,Lanier is a pretty meh fantasy player for me. Mostly will just be shooting 3s and not much else. He'll be a better IRL player than a fantasy player. 
,421,PJ Hall,PF/C,FA,2/21/2002,24.2,387,-34,PJ Hall has bounced from the Hornets to Grizzlies and come back to the Hornets this week. Still hoping he could emerge at some point.
,422,John Konchar,SG/SF,UTA,3/22/1996,30.1,420,-2,"Konchar is a fun role player when he gets looks, but he's really just a body at this point for teams."
,423,Josh Okogie,SG/SF,HOU,9/1/1998,27.6,392,-31,Okogie's fine for what he is as a defensive-minded wing in low minutes. He's a vet minimum player without much fantasy upside.
,424,Caleb Martin,SG/SF,DAL,9/28/1995,30.6,390,-34,"Caleb Martin has barely played and been bad when he has for Dallas. Meanwhile, Quentin Grimes has looked good. Another masterful gambit, Nico Harrison."
,425,Jabari Walker,SF/PF,PHI,7/30/2002,23.7,413,-12,I've always thought Jabari Walker could work as a role player. He's had moments for Philly.
,426,Jalen Wilson,SF/PF,BKN,11/4/2000,25.5,396,-30,Kind of amazed that Jalen Wilson has made it this long in the NBA - AND done a fine job as a role player.
,427,Marcus Sasser,PG/SG,DET,9/21/2000,25.6,417,-10,"Plain and simple: I don't think Sasser has it as an NBA player. He can be a good scorer, but he can't do much else and he's small."
,428,Myron Gardner,SF/PF,MIA,5/21/2001,24.9,NEW,NEW,The Heat always manage to find one of these guys. Is Myron Gardner one? He's had some OK moments but he's clearly a culture fit at worst.
,429,Kevin Love,PF/C,UTA,9/7/1988,37.6,424,-5,Kevin Love is well out of his prime and will keep on trucking with Utah until his contract is up.
,430,Ariel Hukporti,C,NYK,4/11/2002,24.0,397,-33,Hukporti is just emergency depth right now without a whole lot of upside. I'm concerned about his lower body holding up.
,431,Tyler Burton,SF/PF,MEM,2/11/2000,26.2,NEW,NEW,"This is probably just Silly Season, but I've always had a soft spot for Tyler Burton from his Richmond days. Is he a real NBA player? Probably not."
,432,Olivier Maxence-Prosper,SF/PF,MEM,7/3/2002,23.8,442,10,"OMax has surprised us in actually getting reps this year after largely underwhelming. I don't think he's an NBA player, unfortunately."
,433,Jalen Slawson,SF/PF,IND,10/22/1999,26.5,NEW,NEW,"The sample size is tiny, but Slawson has had some fantasy appeal down the stretch for the Pacers. Always thought he could be a real NBA player."
,434,Dru Smith,SG,MIA,12/30/1997,28.3,419,-15,Dru Smith has looked OK in limited moments for the Heat. Not expecting much of a role moving forward.
,435,Kennedy Chandler,PG,UTA,9/16/2002,23.6,NEW,NEW,"Chandler is too short to ever make it happen as an NBA player, but he can be pretty fun on occasion during Silly Season."
,436,Jalen Pickett,PG/SG,DEN,10/22/1999,26.5,395,-41,"Aside from a few stretches, Pickett has been downright bad and will go down as one of Calvin Booth's worst moves as a GM."
,437,Kenrich Williams,PF/C,OKC,12/2/1994,31.4,406,-31,Kenny Hustle plays a good low-minute role on OKC and does a nice job with the opportunity. He's not a very strong fantasy player but he can do a bit of everything.
,438,Thomas Bryant,C,CLE,7/31/1997,28.7,411,-27,Thomas Bryant has been playing spot big minutes for the Cavs this year. Not a very good player but he can get the stats flowing sometimes.
,439,Keshad Johnson,SF/PF,MIA,6/23/2001,24.8,401,-38,Maybe Johnson can still be something in Miami. Never fully count out an undrafted guy on an Erik Spoelstra-led team.
,440,Taelon Peter,SG,IND,2/27/2002,23.6,438,-2,Taelon Peter is a statistically elite sharpshooter from range and could have some very under-the-radar upside on a team without a lot to play for this year. 
,441,Jahmai Mashack,SG/SF,MEM,11/10/2002,23.43561644,NEW,NEW,"Mashack isn't much of an offensively inclined player, but he is a solid defender and gets a boost from being on the most injured team in the NBA."
,442,Lachlan Olbrich,PF/C,CHI,12/30/2003,21.8,428,-14,"Chicago isn't exactly deep with talent at center, and with Olbrich coming right over to the league, he could earn a role in the long haul. He's got good touch around the rim."
,443,Sharife Cooper,PG/SG,WAS,6/11/2001,24.9,NEW,NEW,Cooper has been playing minutes for the Wizards post-ASB. Not much of an NBA player at this point.
,444,Max Shulga,SG/SF,BOS,6/25/2002,23.8,NEW,NEW,Shulga got his two-way deal converted by Boston. Don't really expect him to stick around on that contract.
,445,Dillon Jones,SF/PF,NYK,10/29/2001,24.5,423,-22,Dillon Jones has been waived and traded in the G League so many times now that it's hard to keep track. Good fantasy game but no translatable NBA skills.
,446,Killian Hayes,PG/SG,SAC,7/27/2001,24.7,NEW,NEW,Hopefully I shouldn't need to tell you Killian Hayes is bad and shouldn't be rostered unless your league is mega deep. There is no NBA future here.
,447,Dalen Terry,PG/SG/SF,PHI,7/12/2002,23.8,415,-32,"Terry hasn't done much to excite at the NBA level. He's just not been able to contribute much of anything, even in a rebuild. He's done as a full-time player."
,448,Juan Nunez,PG,SAS,6/4/2004,21.9,440,-8,It remains to be seen if and when Nunez ever comes over. He has had some concerning knee injuries recently that I'm keeping an eye on.
,449,Larry Nance Jr.,PF/C,CLE,1/1/1993,33.3,414,-35,Nance has hardly played this year and is mostly just a locker room/culture guy. Good to have. He may be out of gas as a legit NBA player.
,450,Branden Carlson,C,OKC,6/14/1999,26.8,441,-9,Carlson has had a great start to his NBA career with a bunch of 10-day contract stints. I think he'll hang around the NBA for a while.