poll_date,source_author,league_format,side_a,side_a_votes,side_a_pct,side_b,side_b_votes,side_b_pct,total_votes,community_winner,note
2026-08-19,Mika972,Dynasty / H2H / 9-Cat / 14 Team / 350 men / Salary,Jay Huff,4,21,Round 2 2028 (#15-20),15,79,19,side_b,date inferred from screenshot's relative timestamp; unconfirmed
2026-08-19,electricgecko.,Dynasty / 8-Cat / 16 Team,Keegan Murray,17,77,Filipowski + 2027 1st (14th-16th),5,23,22,side_a,date inferred from screenshot's relative timestamp; unconfirmed
2026-08-19,Greyson,Roto / 8-Cat / 30 Team,Yaxel Lendenborg,17,65,Morez Johnson Jr.,9,35,26,side_a,date inferred from screenshot's relative timestamp; unconfirmed
2026-08-18,Bnets,Categories / Dynasty / 14th man,Cameron Boozer,14,45,Chet Holmgren + Mikel Brown Jr,17,55,31,side_b,
2026-08-17,Bnets,Categories / Dynasty,Nikola Jokic,26,90,Chet Holmgren + Embiid + Curry + Jabari Smith,3,10,29,side_a,poll titled "Is it fair deal for Jokic?"
2026-08-16,Vinsanity,9 Cat / 18 Team,Jokic + Lillard,12,39,Castle + Lamelo + Sarr + Buzelis,19,61,31,side_b,
2026-08-16,PickyFrog - Nico,9 Cat - 22 Team (real salary),Luka Doncic + Cedric Coward,34,100,Franz Wagner + Edey + Coby White + Powell,0,0,34,side_a,
2026-08-15,TimC,12 Team category,Deni + Clingan + 2027 (6-12),20,57,2026 1.02,15,43,35,side_a,
2026-08-14,Bnets,Categories / 12man / new offer,Nikola Jokic + Dylan Harper + Donovan Clingan + Khaman Maluach,26,87,Victor Wembanyama + Kawhi Leonard + Joel Embiid,4,13,30,side_a,
2026-08-14,Brayden,30 Team points,Jalen Williams + Onyeka Okongwu + Noah Clowney + Thomas Sorber,26,100,Paolo Banchero + Dayron Sharpe + Kevin Porter Jr. + Ryan Conwell,0,0,26,side_a,
2026-08-14,Greyson,8-Cat / 30 Team roto,Norman Powell + a mid 2028 first,5,13,Jaden McDaniels,34,87,39,side_b,
2026-08-14,Greyson,8-Cat / 30 Team roto,Jaden McDaniels + Immanuel Quickley,10,24,Franz Wagner,32,76,42,side_b,
2026-08-12,tookapaka,14 Team / Dynasty / Points,Darius Acuff Jr.,14,56,Anthony Black + Morez Johnson Jr.,11,44,25,side_a,"reaction-based poll (no native % shown), pct computed from the two reaction counts"
2026-08-12,Jesster,30 Team / Dynasty / 9-Cat / Salary,2027 1st (prob 5-20 range),17,74,Nate Ament,6,26,23,side_a,
2026-08-11,evizu,9-Cat / 24 Team,Kyshawn George,5,28,Dejounte Murray + 1.15,13,72,18,side_b,
2026-08-09,Adrian B (Zohran ROY),30 Team / Real Salary / 9-Cat,Ty Jerome ($9M),17,81,Scoot Henderson ($13M),3,14,21,side_a,"3-way poll (""looking for a cheap productive guard""); omitted 3rd option: Damian Lillard ($14M), 1 vote, 5% - pct fields don't sum to 100 because of the omission"
2026-08-08,bino,16 Team / 9-Cat / 12 Keepers / 18 Roster,Jabari Smith + Isaiah Collier + 2027 1st (top 1-8) + 3x 2027 2nds,0,0,Paolo Banchero + Zach LaVine,12,100,12,side_b,
2026-08-07,sinX,Dynasty / 30 Team / 9-Cat,Walter Clayton Jr. + pick 36,7,41,Pick 23,10,59,17,side_b,unqualified pick numbers refer to the upcoming rookie draft (Ash, 2026-08-20)
2026-08-06,unknown (not visible in screenshot),Dynasty / Categories,Victor Wembanyama + Kawhi Leonard + Joel Embiid,6,26,Nikola Jokic + Dylan Harper + Chet Holmgren,17,74,23,side_b,author not captured in screenshot - date set to match surrounding polls per Ash's instruction
2026-08-06,evizu,Categories / 24 Team,pick 1.02,14,61,VJ Edgecombe + pick 1.07,9,39,23,side_a,unqualified pick numbers refer to the upcoming rookie draft (Ash, 2026-08-20)
2026-08-05,evizu,9-Cat,Josh Giddey,20,69,Walker Kessler,9,31,29,side_a,
2026-08-05,Mika972,Dynasty / H2H / 9-Cat / 14 Team / 350 men / Salary,Jeremiah Fears,8,36,Pick #10 2026,14,64,22,side_b,
2026-08-04,MrCherry,24 Team / 9-Cat / H2H,Coby White,19,56,Immanuel Quickley,15,44,34,side_a,
2026-08-04,pomtom,Dynasty / 14 Team / 9-Cat / H2H,Franz Wagner,19,70,Pick #6 (upcoming rookie draft) + Ajay Mitchell,8,30,27,side_a,"3-way poll; omitted 3rd option was unlabeled (scale emoji), 0 votes, 0%"
2026-08-04,sinX,Dynasty / 30 Team / 9-Cat,Pick 9 (Brayden Burries),31,100,Pick 16 + Pick 23,0,0,31,side_a,"3-way poll; omitted 3rd option ""Close Value anyway"" (emoji), 0 votes, 0%"
2026-08-04,ben_d_knee,Dynasty / 14 Team / Points,Tyrese Maxey,5,18,Anthony Edwards,23,82,28,side_b,
2026-08-04,ben_d_knee,Dynasty / 14 Team / Points,2027 early 2nd,10,53,2028 mid 2nd,9,47,19,side_a,poll titled "Draft class read - which asset is more valuable?"
2026-08-03,dcdoorknob,24 Team / 9-Cat,Jalen Williams + 2026 Rookie Pick 1.3,3,14,Luka Doncic + Scottie Pippen Jr.,19,86,22,side_b,
2026-08-03,PJ1993,ESPN Points League,Franz Wagner,13,54,Darius Acuff Jr. + Mikel Brown Jr.,11,46,24,side_a,poll titled "Who would you rather in an ESPN points league?"
2026-08-02,mersault,20 Team / Categories,Amen Thompson + Keegan Murray + Khaman Maluach,14,82,Tyler Herro + Reed Sheppard + Dyson Daniels + Anthony Black + Maxime Raynaud,3,18,17,side_a,
2026-08-02,Greyson,8-Cat / 30 Team,Noah Penda,10,59,Pick 28 (upcoming rookie draft),7,41,17,side_a,
2026-08-01,majerused,Points / 10 Team,Darius Acuff Jr.,6,55,Mikel Brown Jr.,4,36,11,side_a,"poll titled ""10T Sleeper Pts League, Who would you go for it you were going for ceiling only?""; 3-way poll, omitted 3rd option ""Keaton Wagler"", 1 vote, 9%"
2026-07-31,Brayden,9-Cat / 30 Team,Ace Bailey + Ousmane Dieng,12,55,Shaedon Sharpe + Brandin Podziemski,10,45,22,side_a,"""Podz"" read as Brandin Podziemski"
2026-07-31,cha cha,9-Cat / 20 Team,Bennedict Mathurin,3,11,Allen Graves,24,89,27,side_b,also referenced separately in "ehm3's poll: Another graves poll (9cat)"
2026-07-30,Bnets,Dynasty / Categories,Victor Wembanyama + Kawhi Leonard + Jabari Smith,3,9,Nikola Jokic + Dylan Harper + Donovan Clingan + Stephen Curry,31,91,34,side_b,posted as a hypothetical (""He just said he might do this""), not a completed real trade
