,"Tip: If you're on mobile, scroll right to see our individual & AVG ranks!","Top 300 9-Cat Dynasty Rankings 
July 2026 ",,,,,,
,,,,,,,,
Rank ,Movement,Player,Age,Movement,Andrew,Braxton ,Mitchell,Average Rank
1,-,"Victor Wembanyama (SA - F,C)",22.6,,1,1,1,1.0
2,-,Shai Gilgeous-Alexander (OKC - G),28.0,,2,3,2,2.3
3,-,Nikola Jokic (DEN - C),31.4,,3,2,5,3.3
4,-,Luka Doncic (LAL - G),27.4,,4,4,4,4.0
5,⇧1,Cooper Flagg (DAL - F),19.6,,5,6,3,4.7
6,⇩1,Cade Cunningham (DET - G),24.8,,6,5,6,5.7
7,-,"Anthony Edwards (MIN - G,F)",25.0,,8,9,7,8.0
8,-,Tyrese Maxey (PHI - G),25.7,,7,10,8,8.3
9,-,Jayson Tatum (BOS - F),28.4,,10,7,10,9.0
10,-,Scottie Barnes (TOR - F),25.0,,9,8,12,9.7
11,-,Jalen Johnson (ATL - F),24.6,,11,11,9,10.3
12,NEW,Cameron Boozer (MEM - F),19.0,,14,14,11,13.0
13,⇧1,"Giannis Antetokounmpo (MIA - F,C)",31.6,,16,13,17,15.3
14,⇩1,Alperen Sengun (HOU - C),24.0,,13,19,15,15.7
15,⇧1,Tyrese Haliburton (IND - G),26.4,,19,12,16,15.7
16,⇩1,Amen Thompson (HOU - F),23.5,,12,26,13,17.0
17,⇩5,Chet Holmgren (OKC - F),24.2,,15,22,14,17.0
18,⇩1,Donovan Mitchell (CLE - G),29.9,,17,24,23,21.3
19,⇩1,Trae Young (WAS - G),27.8,,28,20,18,22.0
20,-,LaMelo Ball (MIN - G),24.9,,22,17,29,22.7
21,-,"Evan Mobley (CLE - F,C)",25.1,,20,30,19,23.0
22,⇩3,Devin Booker (PHO - G),29.7,,25,18,28,23.7
23,⇩1,Jamal Murray (DEN - G),29.4,,18,31,22,23.7
24,⇧10,Dylan Harper (SA - G),20.4,,24,34,21,26.3
25,⇧1,Jalen Brunson (NY - G),29.9,,33,16,30,26.3
26,⇩2,Deni Avdija (POR - F),25.6,,23,21,36,26.7
27,NEW,"AJ Dybantsa (WAS - G,F) ",19.5,,26,35,20,27.0
28,⇩5,"Jalen Williams (OKC - G,F)",25.3,,34,23,24,27.0
29,⇩2,"Karl-Anthony Towns (NY - F,C)",30.7,,21,38,27,28.7
30,⇩2,Austin Reaves (LAL - G),28.2,,31,27,31,29.7
31,⇩2,Trey Murphy (NO - F),26.1,,27,28,34,29.7
32,NEW,Darryn Peterson (UTA - G) ,19.5,,29,36,25,30.0
33,⇩8,Alex Sarr (WAS - F),21.2,,38,32,26,32.0
34,⇩2,"Josh Giddey (CHI - G,F)",23.8,,37,15,45,32.3
35,⇧1,"Kon Knueppel (CHA - G,F)",21.0,,35,25,40,33.3
36,⇩5,Jalen Duren (DET - C),22.7,,30,40,33,34.3
37,⇩7,"Franz Wagner (ORL - G,F)",24.9,,39,33,32,34.7
38,⇧3,Brandon Miller (CHA - F),23.7,,40,29,37,35.3
39,⇩1,Paolo Banchero (ORL - F),23.7,,42,37,38,39.0
40,⇩7,"Jaylen Brown (PHI - G,F)",29.7,,32,45,46,41.0
41,⇩4,Bam Adebayo (MIA - C),29.0,,41,41,42,41.3
42,⇩3,"Domantas Sabonis (SAC - F,C)",30.2,,43,42,41,42.0
43,⇩3,"Jaren Jackson (UTA - F,C)",26.9,,45,43,39,42.3
44,⇩1,Desmond Bane (ORL - G),28.1,,47,44,44,45.0
45,NEW,Caleb Wilson (CHI - F) ,20.0,,44,46,48,46.0
46,⇩11,VJ Edgecombe (PHI - G),21.0,,36,69,35,46.7
47,⇩2,Keyonte George (UTA - G),22.7,,46,50,50,48.7
48,⇩6,"Anthony Davis (WAS - F,C)",33.4,,51,39,59,49.7
49,⇩1,Dyson Daniels (ATL - G),23.4,,48,49,58,51.7
50,⇩1,Lauri Markkanen (UTA - F),29.2,,52,52,52,52.0
51,⇩4,Darius Garland (LAC - G),26.5,,60,55,43,52.7
52,⇩6,Tyler Herro (MIL - G),26.5,,59,51,49,53.0
53,⇩3,Jalen Suggs (ORL - G),25.1,,53,57,54,54.7
54,⇧18,Walker Kessler (LAL - C),25.0,,49,63,53,55.0
55,NEW,Darius Acuff (SAC - G) ,19.7,,55,61,51,55.7
56,⇩4,Derrick White (BOS - G),32.1,,64,47,60,57.0
57,⇩4,Donovan Clingan (POR - C),22.4,,50,67,55,57.3
58,⇩14,De'Aaron Fox (SA - G),28.6,,65,48,63,58.7
59,⇩2,Stephon Castle (SA - G),21.7,,56,75,47,59.3
60,⇩4,Joel Embiid (PHI - C),32.4,,57,62,61,60.0
61,⇩1,Matas Buzelis (CHI - F),21.8,,58,73,62,64.3
62,⇩7,Michael Porter (BKN - F),28.1,,61,56,76,64.3
63,⇩9,Stephen Curry (GS - G),38.4,,72,54,77,67.7
64,⇩6,Pascal Siakam (IND - F),32.3,,77,59,71,69.0
65,⇩3,Zach Edey (MEM - C),24.2,,62,76,69,69.0
66,⇩7,Onyeka Okongwu (ATL - C),25.6,,54,97,57,69.3
67,⇧19,Collin Murray-Boyles (TOR - F),21.1,,67,80,64,70.3
68,⇧17,Kel'el Ware (MIL - C),22.3,,63,87,65,71.7
69,⇩18,James Harden (CLE - G),36.9,,71,53,92,72.0
70,⇩9,Kevin Durant (HOU - F),37.8,,73,64,86,74.3
71,⇧16,Payton Pritchard (BOS - G),28.5,,76,68,82,75.3
72,⇩6,Ausar Thompson (DET - F),23.5,,68,92,68,76.0
73,⇩10,Ja Morant (POR - G),27.0,,96,60,73,76.3
74,⇧19,Naz Reid (CHA - C),26.9,,66,89,74,76.3
75,⇩11,Zion Williamson (NO - F),26.0,,97,58,75,76.7
76,⇩8,"Brandon Ingram (TOR - G,F)",28.9,,93,66,72,77.0
77,⇧11,Dejounte Murray (NO - G),29.8,,75,70,97,80.7
78,⇩1,"OG Anunoby (NY - G,F)",29.0,,81,78,83,80.7
79,NEW,Keaton Wagler (LAC - G) ,19.5,,69,78,66,81.7
80,⇩13,"Mikal Bridges (NY - G,F)",29.9,,82,79,85,82.0
81,⇩7,Kyrie Irving (DAL - G),34.3,,95,65,90,83.3
82,⇩7,Nickeil Alexander-Walker (ATL - G),27.9,,78,88,84,83.3
83,⇩7,Jarrett Allen (CLE - C),28.3,,80,81,91,84.0
84,⇩4,Ryan Rollins (MIL - G),24.1,,91,84,79,84.7
85,⇩2,"Kawhi Leonard (LAC - G,F)",35.1,,94,91,70,85.0
86,NEW,Mikel Brown (BKN - G) ,20.3,,70,129,56,85.0
87,⇩5,Cedric Coward (MEM - G),22.9,,106,83,67,85.3
88,⇧17,Coby White (CHA - G),26.4,,89,74,100,87.7
89,⇩19,Immanuel Quickley (TOR - G),27.1,,87,77,99,87.7
90,NEW,Brayden Burries (MIL - G) ,20.8,,83,101,81,88.3
91,NEW,Kingston Flemings (ATL - G) ,19.6,,79,109,78,88.7
92,⇩19,Ace Bailey (UTA - F),19.9,,90,82,96,89.3
93,⇩24,Derik Queen (NO - C),21.6,,86,94,88,89.3
94,⇩23,Julius Randle (BKN - F),31.7,,74,103,94,90.3
95,⇩17,Ivica Zubac (IND - C),29.3,,102,72,101,91.7
96,⇩5,Jaden McDaniels (MIN - F),25.8,,84,86,109,93.0
97,⇩32,Reed Sheppard (HOU - G),22.1,,85,108,89,94.0
98,⇩14,Jalen Green (PHO - G),24.5,,108,99,80,95.7
99,⇩20,Myles Turner (MIL - C),30.3,,105,96,93,98.0
100,⇩3,Jeremiah Fears (NO - G),19.8,,88,107,104,99.7
101,⇩12,Jabari Smith (HOU - F),23.2,,104,85,111,100.0
102,⇩21,Kyshawn George (WAS - G),22.6,,101,95,105,100.3
103,⇩8,Egor Demin (BKN - G),20.4,,92,128,87,102.3
104,⇧11,Peyton Watson (DEN - F),23.9,,111,93,103,102.3
105,⇧2,Ajay Mitchell (OKC - G),24.1,,98,117,95,103.3
106,NEW,Aday Mara (OKC - C) ,21.3,,99,102,114,105.0
107,⇩1,Nic Claxton (CHI - C),27.3,,119,104,98,107.0
108,⇩12,Isaiah Hartenstein (OKC - C),28.2,,115,105,108,109.3
109,⇩11,Miles Bridges (PHO - F),28.3,,100,118,110,109.3
110,⇩18,Mark Williams (PHO - C),24.6,,103,119,107,109.7
111,⇩21,Anthony Black (ORL - G),22.5,,124,71,136,110.3
112,⇧1,Jaime Jaquez (MIL - F),25.4,,136,90,112,112.7
113,⇩11,"Josh Hart (NY - G,F)",31.4,,116,98,125,113.0
114,⇩14,Keegan Murray (SAC - F),25.9,,113,114,116,114.3
115,NEW,Morez Johnson (DAL - F),20.5,,123,120,102,115.0
116,⇩7,"RJ Barrett (TOR - G,F)",26.1,,117,111,129,119.0
117,⇩16,"Bennedict Mathurin (LAC - G,F)",24.1,,122,106,137,121.7
118,⇩14,Norman Powell (CHI - G),33.2,,126,113,128,122.3
119,⇩25,Scoot Henderson (POR - G),22.5,,107,160,106,124.3
120,⇩1,Toumani Camara (POR - F),26.2,,141,112,121,124.7
121,⇩10,Tari Eason (HOU - F),25.2,,134,124,118,125.3
122,NEW,Yaxel Lendeborg (GS - F),23.8,,129,116,135,126.7
123,⇧22,Ayo Dosunmu (MIN - G),26.5,,120,121,140,127.0
124,⇩4,"Maxime Raynaud (SAC - F,C)",23.3,,128,115,139,127.3
125,⇩8,Collin Gillespie (PHO - G),27.1,,140,100,144,128.0
126,NEW,Ebuka Okorie (DET - G),19.3,,109,161,115,128.3
127,⇩6,Rudy Gobert (MIN - C),34.1,,142,125,119,128.7
128,⇩14,Andrew Nembhard (IND - G),26.5,,121,133,133,129.0
129,⇩26,Jaylon Tyson (CLE - G),23.6,,110,140,138,129.3
130,⇩22,Tre Johnson (WAS - G),20.4,,127,131,131,129.7
131,⇩7,Cason Wallace (OKC - G),22.7,,130,139,123,130.7
132,⇩22,Santi Aldama (DAL - F),25.5,,114,149,134,132.3
133,NEW,Allen Graves (TOR - F),20.0,,112,158,130,133.3
134,⇩18,Devin Vassell (SA - G),25.9,,164,122,117,134.3
135,⇩13,Bilal Coulibaly (WAS - F),22.0,,135,130,142,135.7
136,⇩37,Shaedon Sharpe (POR - G),23.1,,131,152,124,135.7
137,⇩14,Brandin Podziemski (GS - G),23.4,,132,163,113,136.0
138,⇩13,Derrick Lively (DAL - C),22.4,,145,127,141,137.7
139,NEW,"Cameron Carr (LAL - G,F)",21.7,,125,164,127,138.7
140,NEW,"Hannes Steinbach (CHA - F,C)",20.2,,118,180,122,140.0
141,⇩23,Kevin Porter (MIL - G),26.2,,143,134,143,140.0
142,⇩15,"Kristaps Porzingis (GS - F,C)",31.0,,139,174,120,144.3
143,⇩14,Kyle Filipowski (UTA - C),22.7,,151,123,160,144.7
144,⇧2,Fred VanVleet (HOU - G),32.4,,133,135,169,145.7
145,⇩19,"Zach LaVine (SAC - G,F)",31.4,,138,153,149,146.7
146,⇩7,Wendell Carter (ORL - C),27.3,,149,146,147,147.3
147,⇩3,Ty Jerome (MEM - G),29.0,,153,145,145,147.7
148,⇩20,Andrew Wiggins (MIA - F),31.4,,137,155,154,148.7
149,⇩11,Saddiq Bey (NO - F),27.3,,154,143,151,149.3
150,⇧28,Joan Beringer (MIN - C),19.7,,146,179,126,150.3
151,⇩17,"Moussa Diabate (CHA - F,C)",24.5,,156,138,158,150.7
152,⇩21,LeBron James (FA - F),41.6,,168,132,156,152.0
153,⇩17,Quentin Grimes (LAL - G),26.2,,148,159,153,153.3
154,⇩22,Damian Lillard (POR - G),36.0,,170,165,132,155.7
155,⇩18,Jrue Holiday (POR - G),36.1,,169,136,165,156.7
156,⇩23,P.J. Washington (DAL - F),27.9,,163,137,174,158.0
157,⇧32,Day'Ron Sharpe (BKN - C),24.7,,157,148,170,158.3
158,⇩2,John Collins (DET - F),28.8,,144,172,159,158.3
159,⇩5,Kasparas Jakucionis (MIL - G),20.2,,166,147,163,158.7
160,⇩2,Neemias Queta (BOS - C),27.0,,152,150,177,159.7
161,⇩18,"Daniel Gafford (DAL - F,C)",27.8,,188,142,150,160.0
162,⇩32,Aaron Gordon (DEN - F),30.9,,162,157,166,161.7
163,⇩21,Christian Braun (DEN - G),25.3,,174,141,172,162.3
164,⇩7,Khaman Maluach (PHO - C),19.9,,173,170,146,163.0
165,⇩12,Jared McCain (OKC - G),22.4,,175,168,152,165.0
166,⇩31,Ryan Kalkbrenner (CHA - C),24.5,,155,178,164,165.7
167,⇩7,Will Riley (WAS - F),20.5,,160,176,161,165.7
168,⇩28,CJ McCollum (ATL - G),34.8,,161,154,186,167.0
169,⇩18,Cam Spencer (MEM - G),26.3,,147,196,167,170.0
170,⇧18,"Pelle Larrson (MIA - G,F)",25.4,,171,171,168,170.0
171,⇧33,"Hugo Gonzalez (BOS - G,F)",20.5,,158,200,155,171.0
172,⇩22,Jakob Poeltl (TOR - C),30.8,,200,144,171,171.7
173,NEW,Labaron Philon (PHI - G) ,20.7,,159,202,157,172.7
174,⇩10,Paul George (BOS - F),36.2,,167,166,185,172.7
175,⇩14,Herbert Jones (NO - F),27.8,,219,126,175,173.3
176,⇩21,Davion Mitchell (MIA - G),27.9,,183,162,176,173.7
177,⇩28,Dillon Brooks (PHO - G),30.5,,184,156,181,173.7
178,⇩66,Deandre Ayton (WAS - C),28.0,,210,173,148,177.0
179,⇩38,Thomas Sorber (OKC - C),20.6,,165,192,178,178.3
180,NEW,Sergio De Larrea (DAL - G),20.6,,150,238,162,183.3
181,⇩29,Cameron Johnson (DEN - F),30.4,,178,189,188,185.0
182,⇩23,Tobias Harris (SA - F),34.0,,209,175,183,189.0
183,⇩10,Kelly Oubre (IND - F),30.6,,191,184,193,189.3
184,⇩4,Scotty Pippen (MEM - G),25.7,,194,167,207,189.3
185,⇩22,Naji Marshall (DAL - F),28.5,,185,201,189,191.7
186,NEW,Dailyn Swain (CHI - F),21.0,,206,186,187,193.0
187,NEW,Christian Anderson (CHA - G),20.3,,193,218,173,194.7
188,⇩40,"DeMar DeRozan (FA - G,F)",37.0,,213,193,180,195.3
189,⇧11,"Sandro Mamukelashvili (LAL - F,C)",27.2,,199,197,199,198.3
190,⇧13,Dylan Cardwell (SAC - C),24.6,,189,199,209,199.0
191,⇧7,Nikola Topic (OKC - G),21.0,,186,208,204,199.3
192,⇩27,Max Christie (DAL - G),23.5,,208,213,179,200.0
193,⇩31,Walter Clayton (MEM - G),23.4,,172,241,190,201.0
194,⇩1,Gui Santos (GS - F),24.1,,181,194,229,201.3
195,⇩27,Ron Holland (DET - F),21.0,,190,236,182,202.7
196,⇩26,Jimmy Butler (GS - F),36.9,,201,217,191,203.0
197,⇩31,Aaron Nesmith (IND - F),26.8,,247,169,195,203.7
198,⇩27,"Grayson Allen (CHA - G,F)",30.8,,204,198,212,204.7
199,⇩32,Malik Monk (SAC - G),28.5,,222,177,215,204.7
200,⇩19,Anfernee Simons (PHI - G),27.1,,192,223,200,205.0
201,⇩14,"Nique Clifford (SAC - G,F)",24.5,,198,191,226,205.0
202,⇧18,Bobby Portis (MIA - F),31.5,,203,183,237,207.7
203,⇩13,Jonathan Kuminga (FA - F),23.8,,232,185,206,207.7
204,NEW,Bennett Stirtz (OKC - G),22.8,,217,216,192,208.3
205,⇩26,Collin Sexton (LAL - G),27.6,,227,195,203,208.3
206,⇩30,Danny Wolf (BKN - C),22.2,,197,212,219,209.3
207,NEW,Nate Ament (MIL - F),19.6,,202,234,198,211.3
208,NEW,"Chris Cenac (BOS - F,C)",19.5,,180,272,184,212.0
209,⇩34,De'Andre Hunter (SAC - F),28.6,,237,187,213,212.3
210,⇩41,Isaiah Stewart (MEM - C),25.2,,179,264,196,213.0
211,⇩17,Jaylen Wells (MEM - F),22.9,,250,188,205,214.3
212,⇩28,Noah Clowney (BKN - F),22.0,,196,233,223,217.3
213,⇩66,Nikola Vucevic (ORL - C),35.7,,236,205,216,219.0
214,⇩31,Keldon Johnson (SA - F),26.8,,187,231,243,220.3
215,⇩38,Julian Champagnie (SA - F),25.1,,205,222,238,221.7
216,⇩21,Tristan da Silva (ORL - F),25.2,,264,181,220,221.7
217,NEW,Meleek Thomas (CLE - G),20.0,,212,256,201,223.0
218,⇩46,Hansen Yang (POR - C),21.1,,214,245,211,223.3
219,⇩17,Jay Huff (IND - C),28.9,,225,204,241,223.3
220,⇩46,Carlton Carrington (WAS - G),21.0,,211,219,244,224.7
221,NEW,Karim Lopez (MEM - F),19.3,,224,214,236,224.7
222,⇩6,Yves Missi (NO - C),22.2,,272,206,197,225.0
223,⇩41,Isaiah Collier (UTA - G),21.8,,176,273,228,225.7
224,⇩18,Jarace Walker (IND - F),22.9,,249,215,214,226.0
225,⇩34,De'Anthony Melton (GS - G),28.2,,230,232,218,226.7
226,⇩41,Jerami Grant (MEM - F),32.4,,265,207,208,226.7
227,⇧1,Nikola Jovic (MIA - F),23.1,,248,182,255,228.3
228,⇩19,Ja'Kobe Walter (TOR - G),21.9,,216,278,194,229.3
229,⇩2,Mitchell Robinson (BOS - C),28.3,,270,151,268,229.7
230,⇧2,Isaiah Joe (DET - G),27.1,,229,209,252,230.0
231,⇩35,Zaccharie Risacher (DAL - F),21.3,,254,210,227,230.3
232,⇩33,Tre Jones (CHI - G),26.5,,177,262,253,230.7
233,NEW,Jayden Quaintance (SA - C),19.0,,228,244,222,231.3
234,-,"Aaron Wiggins (ATL - G,F)",27.6,,233,224,239,232.0
235,⇩30,Jamal Shead (TOR - G),24.0,,240,226,233,233.0
236,⇩29,Noa Essengue (CHI - F),19.6,,182,287,231,233.3
237,NEW,Tarris Reed (SA - C),23.0,,238,257,217,237.3
238,⇩46,Jalen Smith (CHI - F),26.4,,259,246,210,238.3
239,⇩28,Keon Ellis (BKN - G),26.5,,223,271,221,238.3
240,⇩23,Jordan Goodwin (PHO - G),27.8,,215,227,275,239.0
241,⇩55,Moses Moody (GS - G),24.1,,263,190,264,239.0
242,⇩19,Jaylin Williams (OKC - C),24.1,,273,220,232,241.7
243,NEW,Bogoljub Markovic (MIL - F),21.0,,218,230,279,242.3
244,⇩30,Goga Bitadze (ORL - C),27.0,,258,237,235,243.3
245,⇩6,Robert Williams (POR - C),28.8,,257,221,256,244.7
246,⇩4,Alex Caruso (OKC - G),32.4,,260,229,247,245.3
247,⇩21,Rui Hachimura (LAC - F),28.5,,253,225,259,245.7
248,⇩51,Donte DiVincenzo (MIN - G),29.5,,262,252,224,246.0
249,⇩25,Nolan Traore (BKN - G),20.2,,241,228,270,246.3
250,⇩35,Jase Richardson (ORL - G),20.8,,245,255,242,247.3
251,⇩41,Miles McBride (NY - G),25.9,,234,283,225,247.3
252,⇩7,Carter Bryant (SA - F),20.7,,268,275,202,248.3
253,⇩35,Robert Dillingham (CHI - G),21.6,,242,254,251,249.0
254,NEW,Alex Karaban (SAC - F),23.7,,231,279,246,252.0
255,NEW,Ryan Conwell (MIA - G),22.1,,239,286,234,253.0
256,NEW,Ousmane Dieng (MIL - F),23.2,,195,UR,250,255.0
257,⇩44,Jake LaRavia (LAL - F),24.7,,251,258,262,257.0
258,⇩29,Kyle Kuzma (MIL - F),31.0,,275,235,263,257.7
259,⇩11,"Yanic Konan Niederhauser (LAC - F,C)",23.4,,226,293,254,257.7
260,⇩20,Oso Ighodaro (PHO - F),24.0,,207,UR,249,258.7
261,⇧15,Jusuf Nurkic (UTA - C),31.9,,244,243,290,259.0
262,⇩61,"Draymond Green (GS - F,C)",36.4,,299,211,269,259.7
263,⇩10,Bones Hyland (MIN - G),25.9,,256,260,265,260.3
264,⇩7,Gradey Dick (TOR - G),22.7,,266,268,248,260.7
265,⇩57,Jordan Poole (NO - G),27.1,,220,282,286,262.7
266,NEW,Zuby Ejiofor (ATL - F),22.3,,235,290,266,263.7
267,⇩55,Brice Sensabaugh (UTA - F),22.7,,276,289,230,265.0
268,⇩49,Sam Merrill (CLE - G),30.2,,274,248,282,268.0
269,⇩33,Daniss Jenkins (DET - G),24.9,,285,242,280,269.0
270,⇩48,Dominick Barlow (PHI - F),23.2,,293,239,277,269.7
271,⇩13,Rasheer Fleming (PHO - F),22.0,,246,UR,245,270.3
272,⇩22,Obi Toppin (IND - F),28.4,,252,263,299,271.3
273,⇩30,Will Richard (GS - G),23.6,,255,UR,240,271.7
274,⇩41,Marcus Smart (HOU - G),32.4,,281,269,267,272.3
275,NEW,Koa Peat (PHO - F),19.5,,243,UR,258,273.7
276,⇩51,Asa Newell (ATL - F),20.8,,221,UR,291,277.3
277,⇩56,Luke Kornet (SA - C),31.0,,288,270,281,279.7
278,⇩15,Quinten Post (MEM - C),26.3,,278,265,298,280.3
279,⇩11,Jordan Miller (LAC - F),26.5,,261,UR,261,280.7
280,⇩33,"Luguentz Dort (ATL - G,F)",27.3,,UR,203,UR,281.0
281,⇩22,"Duncan Robinson (DET - G,F)",32.3,,279,297,271,282.3
282,⇧1,"Precious Achiuwa (SAC - F,C)",26.8,,287,274,288,283.0
283,⇩19,Jordan Walsh (BOS - F),22.4,,280,292,278,283.3
284,⇩46,Royce O'Neale (CHA - F),33.1,,283,281,287,283.7
285,⇩34,AJ Green (MIL - G),26.8,,284,249,UR,284.3
286,NEW,Ron Harper (BOS - F),26.3,,UR,261,273,284.7
287,⇩15,Sam Hauser (BOS - F),28.6,,290,250,UR,286.7
288,⇩47,"Adem Bona (PHI - F,C)",23.3,,271,UR,274,288.3
289,⇧24,"Daeqwon Plowden (SAC - G,F)",27.9,,292,300,276,289.3
290,⇩28,Taylor Hendricks (MEM - F),22.7,,UR,288,260,289.3
291,NEW,Bruce Thornton (HOU - G),22.9,,294,280,295,289.7
292,⇩40,Dru Smith (MIA - G),28.6,,291,259,UR,290.0
293,⇩44,Luke Kennard (PHO - G),30.1,,UR,295,257,290.7
294,⇩38,Dennis Schroder (CLE - G),32.9,,298,284,296,292.7
295,⇩29,Justin Champagnie (WAS - F),25.1,,286,UR,272,292.7
296,⇩61,T.J. McConnell (IND - G),34.3,,UR,240,UR,293.3
297,⇩2,Mohamed Diawara (NY - F),21.2,,295,266,UR,293.7
298,⇩44,Ziaire Williams (LAL - F),24.9,,267,UR,294,293.7
299,NEW,Dean Wade (PHI - F),29.7,,UR,277,289,295.3
300,NEW,Emanuel Sharp (SAC - G),22.4,,269,UR,297,295.3
301,⇧5,Gary Trent (MIL - G),27.5,,UR,247,UR,295.7
302,⇩56,Kris Dunn (LAC - G),32.3,,UR,251,UR,297.0
303,⇩17,Corey Kispert (ATL - F),27.4,,UR,253,UR,297.7
304,⇩33,"Tim Hardaway (MIA - G,F)",34.4,,289,UR,285,298.0
305,⇩36,Sion James (CHA - G),23.6,,282,UR,293,298.3
306,NEW,Adou Thiero (LAL - F),22.2,,296,UR,284,300.0
307,⇩42,Jock Landale (ATL - C),30.7,,UR,267,UR,302.3
308,⇩64,"Ryan Dunn (PHO - G,F)",23.5,,UR,276,UR,305.3
309,⇩72,"Isaiah Jackson (LAC - F,C)",24.5,,277,UR,UR,305.7
310,⇩25,Max Strus (CLE - F),30.3,,UR,UR,283,307.7
311,⇩33,Jose Alvarado (NY - G),28.3,,UR,285,UR,308.3
312,NEW,"Isaiah Evans (MIN - G,F)",20.6,,UR,291,UR,310.3
313,⇩14,Terrence Shannon (MIN - G),26.0,,UR,UR,292,310.7
314,⇩44,Khris Middleton (WAS - F),34.9,,UR,294,UR,311.3
315,⇩40,Derrick Jones (LAC - F),29.4,,UR,296,UR,312.0
316,⇩7,Liam McNeeley (CHA - F),20.8,,297,UR,UR,312.3
317,NEW,Landry Shamet (NY - G),29.4,,UR,298,UR,312.7
318,⇩7,"Klay Thompson (DAL - G,F)",36.5,,UR,299,UR,313.0
319,⇩59,Devin Carter (ATL - G),24.3,,UR,UR,300,313.3
320,⇩89,Russell Westbrook (FA - G),37.7,,300,UR,UR,313.3
321,,,,,,,,
322,,,,,,,,
323,,,,,,,,