Rank,Player,Position,Team,DOB,Age,Previous Rank,+/- Change,Notes/Outlook
1,Victor Wembanyama,PF/C,SAS,2004-01-04,22.5,1.0,0,It's only Year 3 of Wemby and he's already reached the Finals and was an MVP finalist. Unreal talent and the obvious 1.01 for a long time to come.
2,Shai Gilgeous-Alexander,PG/SG,OKC,1998-07-12,28.0,2.0,0,More of the same from SGA as the two-time MVP. We know what to expect out of an elite performer and a unanimous top 2-3 dynasty pick in all formats.
3,Luka Doncic,PG/SG,LAL,1999-02-28,27.4,3.0,0,Luka has continued to dominate in the fantasy department. He's beginning to enter his prime with LeBron out the door.
4,Nikola Jokic,C,DEN,1995-02-19,31.4,4.0,0,Jokic is still dominating at a high level. He's 31 now but his game will age like fine wine. Averaging anything close to a triple double is par for the course at this point.
5,Cooper Flagg,SF/PF,DAL,2006-12-21,19.6,5.0,0,Flagg has looked as advertised despite some normal rookie struggles and he'll keep getting better quickly. Expect him to remain a consensus top 5-10 player.
6,Cade Cunningham,PG/SG,DET,2001-09-25,24.8,6.0,0,Cade Cunningham was awesome this past year and stayed firmly in the mix in the MVP race. Arguably the best guard in the East.
7,Jayson Tatum,SF/PF,BOS,1998-03-03,28.4,10.0,3,Tatum should be back to 100% coming into this season. Expect massive numbers with Jaylen Brown gone.
8,Anthony Edwards,SG/SF,MIN,2001-08-05,24.9,8.0,0,Ant gets himself a co-star with LaMelo Ball to run things with. Expect more of the same moving forward. 
9,Tyrese Maxey,PG/SG,PHI,2000-11-04,25.7,7.0,-2,"Maxey has been stepping up as an elite fantasy player, but with the addition of Jaylen Brown and pending Joel Embiid's health, this will eat into his touches a bit."
10,Jalen Johnson,SF/PF,ATL,2001-12-18,24.6,9.0,-1,Jalen Johnson came into his own this year as a fantasy performer. He remains the main man for Atlanta.
11,Tyrese Haliburton,PG/SG,IND,2000-02-29,26.4,11.0,0,"I'm fully expecting to push Haliburton back into the top 10 this next season, just as I have with Tatum. We'll see when he's healthy. We know the ceiling when he's rolling."
12,1.01 / Cameron Boozer,PF/C,MEM,2007-07-18,19.0,12.0,0,Don't overthink this one. Boozer is a blue chip talent and a clear top 10-15 dynasty asset from Day 1.
13,Scottie Barnes,SF/PF,TOR,2001-08-01,25.0,16.0,3,"Scottie Barnes has been fantastic for Toronto this year and continues posting a steady, well-rounded fantasy game. Him and Kawhi should mesh real well."
14,Alperen Sengun,C,HOU,2002-07-25,24.0,13.0,-1,"Sengun was pretty disappointing in the playoffs. Lots of upside here, especially in the fantasy department. His value feels a bit fluid moving forward."
15,1.02 / Darryn Peterson,PG/SG,UTA,2007-01-17,19.5,18.0,3,"Peterson goes where we expected in Utah, where he will commend a clear starting role from Day 1. Will the playmaking return to his HS levels?"
16,Chet Holmgren,PF/C,OKC,2002-05-01,24.2,14.0,-2,Chet has taken plenty of heat after the Thunder's WCF loss. I'm still expecting him to be a perennial All-Defense guy for a long time if he stays healthy.
17,Giannis Antetokounmpo,PF/C,MIL -> MIA,1994-12-06,31.6,19.0,2,Very little change here for Giannis as he heads over to the 305. He remains the clearcut best player for Miami and will continue delivering elite numbers.
18,1.03 / AJ Dybantsa,SG/SF,WAS,2007-01-29,19.5,24.0,6,"For some, Dybantsa will be their 1.01. He's a real star talent, but there are questions needing answered in the fantasy department."
19,Evan Mobley,PF/C,CLE,2001-06-18,25.1,15.0,-4,I still believe in Evan Mobley and have hope for more here. This is a crucial year to show it if LeBron comes home for one last hurrah.
20,Dylan Harper,PG/SG,SAS,2006-03-02,20.4,26.0,6,Harper has already been flashing plenty of star potential so far. He and Castle are the future alongside Wemby. He may need a little longer to be fully unleashed.
21,Amen Thompson,PG/SG/SF,HOU,2003-01-30,23.5,20.0,-1,"Frankly, I've been a little disappointed by Amen Thompson relative to the expectations coming in. Still an elite player and asset to hold onto, though."
22,Jalen Williams,SG/SF/PF,OKC,2001-04-14,25.2,17.0,-5,"JDub underwhelmed this year compared to last year's big jump, only playing 33 games and never looking 100%. I'm buying if he's valued for less than top 25 prices."
23,Austin Reaves,PG/SG,LAL,1998-05-29,28.1,22.0,-1,"Unsurprisingly, Austin Reaves stays put in LA with a big contract in hand. Expect him to continue crushing and staying high in my ranks through his prime. "
24,Franz Wagner,SG/SF/PF,ORL,2001-08-27,24.9,21.0,-3,"More of the same from Franz Wagner, a continually good player with some team fit concerns and how him and Paolo mesh. "
25,Donovan Mitchell,PG/SG,CLE,1996-09-07,29.8,23.0,-2,"An ECF sweep will prompt normal doom and gloom, but Spida is approaching 30 and there are questions if he's on the decline soon. He got a massive payday from CLE."
26,Josh Giddey,PG/SG/SF,CHI,2002-10-10,23.8,31.0,5,"I'm still not the biggest fan of the Giddler, but I can't deny that he's been great for fantasy and this all feels sustainable. "
27,Kon Knueppel,SG/SF,CHA,2005-08-03,20.9,33.0,6,Kon is the big benefactor of LaMelo Ball's departure. Expect the numbers to go up and the on-ball reps to send him to the moon.
28,1.04 / Caleb Wilson,SF/PF,CHI,2006-07-18,20.0,37.0,9,Caleb Wilson is my current 1.04 and has a lot of juice to his fantasy game. Will need time to develop more on offense but has a ton of potential here in CHI.
29,Deni Avdija,SF/PF,POR,2001-01-03,25.5,25.0,-4,"Deni and Portland are in a weird spot right now with the addition of Ja Morant, but I imagine Deni will remain in about the same spot."
30,Darius Garland,PG/SG,LAC,2000-01-26,26.5,27.0,-3,"Since being traded to the Clippers, Garland is starting to return to being the All-Star we've seen when healthy. Very excited about him leading LAC moving forward."
31,Jamal Murray,PG/SG,DEN,1997-02-23,29.4,36.0,5,Murray was great this past year as Denver's healthiest player on the roster. Expecting another strong year from him with DEN not likely to make many moves.
32,LaMelo Ball,PG/SG,CHA -> MIN,2001-08-22,24.9,30.0,-2,LaMelo joins Anthony Edwards in Minnesota to form one of the most fiery backcourts in the NBA. Don't think this changes a ton for LaMelo.
33,Jalen Brunson,PG/SG,NYK,1996-08-31,29.9,32.0,-1,Congratulations to Jalen Brunson and the New York Knicks. He's still well within his prime but we will continue to monitor things as he turns 30 this next season.
34,Jalen Duren,C,DET,2003-11-18,22.7,34.0,0,Jalen Duren is currently looking at sign-and-trade scenarios out of Detroit. I don't see any big jumps in his value. Staying the same or dropping a little are my best guesses.
35,Devin Booker,SG/SF,PHO,1996-10-30,29.7,29.0,-6,"We know what to expect with Booker, but he's almost 30 and remains in the same Suns situation. Is a drop coming soon?"
36,Trey Murphy III,SG/SF/PF,NOP,2000-06-18,26.1,35.0,-1,"Murphy is on the trade block with a lot of suitors. I'd imagine most landing spots will keep his value fairly insulated, but I'm guessing he stays put in NOLA."
37,Karl-Anthony Towns,PF/C,NYK,1995-11-15,30.7,43.0,6,"KAT was a crucial piece for the Knicks in winning a championship. After a lot of questions about trades, he feels secure on this roster moving forward."
38,Paolo Banchero,SF/PF,ORL,2002-11-12,23.7,38.0,0,Paolo has still yet to flash a more fantasy-friendly game for categories. This is a crucial year for him and Orlando to make a splash.
39,Jaren Jackson Jr.,PF/C,UTA,1999-09-15,26.8,41.0,2,JJJ got traded to Utah in a deal that feels like it happened forever ago. He will be a core starter in a MASSIVE starting 5.
40,Jaylen Brown,SG/SF,BOS -> PHI,1996-10-24,29.7,42.0,2,This Jaylen Brown trade is going to shake up both Boston and Philly. What will his role look like as the potential third guy behind Maxey and Embiid?
41,Trae Young,PG/SG,WAS,1998-09-19,27.8,28.0,-13,"Trae Young can likely maintain fantasy value on some level, but I'm a bit concerned about the short-term splits for this Wizards squad with Dybantsa and AD."
42,Bam Adebayo,PF/C,MIA,1997-07-18,29.0,44.0,2,Bam sticks around in Miami and will be their second best player next to Giannis. They'll have a lot on their shoulders this year pending more FA moves.
43,VJ Edgecombe,PG/SG,PHI,2005-07-30,21.0,45.0,2,"One big short-term loser of the Jaylen Brown trade: their young phenom VJ Edgecombe. Still in on him long-term, though."
44,Stephon Castle,PG/SG/SF,SAS,2004-11-01,21.7,58.0,14,Castle has continued to make strong progress in his second year with San Antonio. What does the ceiling look like with Dylan Harper and De'Aaron Fox in the mix?
45,Brandon Miller,SF/PF,CHA,2002-11-22,23.6,56.0,11,"Kon and Miller got handed the keys with LaMelo's departure. I've always been a bit skeptical of Miller, but this is his chance to show he can reach stardm."
46,Donovan Clingan,C,POR,2004-02-23,22.4,40.0,-6,"Despite some playoff struggles, Clingan had an amazing year and has taken a big leap developmentally. How much further can he go?"
47,Alex Sarr,PF/C,WAS,2005-04-26,21.2,39.0,-8,"Sarr's outlook is not looking as good as it was early in the season with AD, Trae Young and the 1st overall pick coming in."
48,Lauri Markkanen,SF/PF,UTA,1997-05-22,29.1,48.0,0,"I'm not terribly worried about Lauri moving forward, either leaving via trade or with JJJ and Kessler in the frontcourt. Dude's just a good player."
49,Zach Edey,C,MEM,2002-05-14,24.2,55.0,6,"Edey is a dominant fantasy player when healthy, but his health has been a concern so far. Monitoring this, but comfortable with him in the top 50."
50,Desmond Bane,SG/SF,ORL,1998-06-25,28.1,47.0,-3,Bane has remained at a high level even in Orlando. He's been their mainstay all year with plenty of injuries up and down the roster.
51,Keyonte George,PG/SG,UTA,2003-11-08,22.7,61.0,10,George has established he belongs as a longer term starter. in Utah. What does Darryn Peterson incoming mean for him?
52,1.05 / Keaton Wagler,PG/SG,LAC,2007-02-03,19.4,50.0,-2,"Wagler was incredible for Illinois. He has some concern areas and needs to put on more weight, but the higher-level outcomes in LAC are very exciting."
53,Onyeka Okongwu,PF/C,ATL,2000-12-11,25.6,62.0,9,Okongwu continues to grow his game further as he expands his game from 3. Currently 37.9% from deep on 5.2 attempts. 
54,Walker Kessler,C,UTA -> LAL,2001-07-26,25.0,68.0,14,"Walker Kessler lands in a very favorable situation in Los Angeles as the clearcut starter. Him, Luka and Reaves will make for a fun trio."
55,Ivica Zubac,C,IND,1997-03-18,29.3,59.0,4,Zubac is now locked into the Pacers as a starter. I have questions about the fit but we know the talent and fantasy game is rock-solid.
56,1.06 / Mikel Brown Jr.,PG/SG,BKN,2006-04-03,20.3,67.0,11,Mikel Brown has the makings of another star fantasy guard. He's not without his concerns but the upside is very strong.
57,Brandon Ingram,SF/PF,TOR -> LAC,1997-09-02,28.9,85.0,28,Brandon Ingram takes a massive jump back to the top 50 in LAC. Tons of freedom and usage to soak up with Darius Garland as his PG. He's back to his NOLA days.
58,Kel'el Ware,C,MIA -> MIL,2004-04-20,22.2,64.0,6,"Kel'el Ware is obviously talented, but the motor has been a real concern from college to now. He joins a wide-open Bucks team and has a chance to break out."
59,Domantas Sabonis,PF/C,SAC,1996-05-03,30.2,51.0,-8,I have a lot of questions about Sabonis moving forward at age 30 and in a shaky Kings setting. Great fantasy player still.
60,James Harden,PG/SG,CLE,1989-08-26,36.9,49.0,-11,"James Harden was... well, he was James Harden again, as expected. He'll presumably sign a multi-year deal to stick around in Cleveland."
61,Kevin Durant,SF/PF,HOU,1988-09-29,37.8,52.0,-9,"KD and the Rockets have had some real turmoil this season, but it seems to have cooled out. How many more years does he have left at this level?"
62,De'Aaron Fox,PG/SG,SAS,1997-12-20,28.6,46.0,-16,Fox was frankly awful during the playoffs for the Spurs. Castle and Harper ran circles around him. His days are very numbered.
63,Stephen Curry,PG/SG,GSW,1988-03-14,38.3,57.0,-6,"Steph Curry is still Steph Curry even at age 38, but there have been a lot of times he's looked human recently. Hold and enjoy the rest of the ride."
64,Anthony Davis,PF/C,WAS,1993-03-11,33.3,53.0,-11,AD gets traded to Washington as they aim to speed up the rebuild. Curious how he and Sarr mesh.
65,OG Anunoby,SG/SF/PF,NYK,1997-07-17,29.0,72.0,7,We know what to expect with OG Anunoby at this point. He's clearly made his mark on the Knicks and is such a winning connective piece.
66,1.07 / Darius Acuff Jr.,PG,SAC,2006-11-16,19.7,76.0,10,Acuff has been a straight-up star for Arkansas and there's no telling just how much further he can keep going. Concerns are obvious and there is a chance he's a bust.
67,Derrick White,PG/SG,BOS,1994-07-02,32.0,60.0,-7,Derrick White has been incredible this year. It's amazing how good he's been for fantasy despite the uncharacteristic sub-40 FG%. 
68,Matas Buzelis,SF/PF,CHI,2004-10-03,21.8,71.0,3,"There will be some concern about Caleb Wilson in town, but I'm not worried much about Buzelis. He, Giddey and Wilson are the long-term future and should mesh well."
69,Zion Williamson,PF/C,NOP,2000-07-06,26.0,65.0,-4,"It wasn't noticed as much this past year with how bad NOLA is, but Zion quietly had another strong season. Injuries remain a concern."
70,Pascal Siakam,PF/C,IND,1994-04-02,32.3,63.0,-7,"To me, Siakam is one of the more underrated top-end dynasty players and he feels very undervalued relative to the production. Still, he is now 32."
71,Collin Murray-Boyles,PF/C,TOR,2005-06-10,21.1,95.0,24,CMB has looked like a fantasy star in the making and was excellent for the Raptors in the playoffs. Super excited for his development.
72,Tyler Herro,PG/SG,MIA -> MIL,2000-01-20,26.5,54.0,-18,"Despite going back home to Milwaukee, Herro ends up in a bit of a messy guard room. Not sure what to expect from him."
73,Jaden McDaniels,SF/PF,MIN,2000-09-29,25.8,89.0,16,McDaniels continues to flash fantasy upside as he gets better in this career year he's having. Great two-way player and is building up a reputation as an iron man.
74,Jalen Suggs,PG/SG,ORL,2001-06-03,25.1,70.0,-4,Suggs needs to stay healthy for Orlando to be at their best. Very impactful player on the whole.
75,Kyrie Irving,PG/SG,DAL,1992-03-23,34.3,75.0,0,Kyrie is coming back to Dallas with a great situation for him and Cooper Flagg. Injuries and missed time remain a concern.
76,Dyson Daniels,PG/SG,ATL,2003-03-17,23.3,69.0,-7,"Dyson Daniels remains an all-world defender for Atlanta, but he took a slight step back from last year's breakout candidate."
77,Kawhi Leonard,SG/SF,LAC -> TOR,1991-06-29,35.0,78.0,1,He's baaaaack. Kawhi returns to Toronto for another run at a championship on a very interesting Raptors team. Health (and the Aspiration scandal) remain a concern.
78,1.08 / Kingston Flemings,PG/SG,ATL,2007-01-03,19.5,86.0,8,Flemings ends up in a very favorable situation with Atlanta. He could easily work his way up to a long-term starting role. 
79,Cedric Coward,SG/SF,MEM,2003-09-11,22.8,82.0,3,"As expected, Coward has been up and down, but the highs have been very exciting. I remain high on him moving forward."
80,Ryan Rollins,PG/SG,MIL,2002-07-03,24.0,100.0,20,"Rollins has had an awesome breakout year in MIL. There's a lot of guards here now, but he is very clearly the most talented."
81,Joel Embiid,C,PHI,1994-03-16,32.3,83.0,2,Missed time remains a massive concern from Joel Embiid. He's only played 96 of 246 possible regular season games in the last three seasons. 
82,Ja Morant,PG/SG,MEM -> POR,1999-08-10,26.9,66.0,-16,"This MEM-POR trade is fascinating. If Ja really wants to turn things around, this is his chance, but he comes into a very weird lineup (Scoot, Dame, Jrue)."
83,Kyshawn George,SG/SF,WAS,2003-12-12,22.6,80.0,-3,"George might see a slight squeeze on opportunities with Dybantsa here, but he has a lot of good malleability as a role player. I'm keeping him high."
84,Jarrett Allen,C,CLE,1998-04-21,28.2,79.0,-5,Jarrett Allen continues to be Jarrett Allen. He's always younger than you'd think. Could he be a trade target with the market on bigs staying hot?
85,Ausar Thompson,SG/SF,DET,2003-01-30,23.5,90.0,5,Ausar Thompson has been an otherworldly defender in the playoffs. Is there hope the offensive breakout comes this year?
86,Reed Sheppard,PG/SG,HOU,2004-06-24,22.1,73.0,-13,"We've seen some good stuff out of Sheppard that remind us why he went so high in drafts, but the concerns are still there, especially on defense."
87,Isaiah Hartenstein,C,OKC,1998-05-05,28.2,74.0,-13,"Hartenstein ends up staying in OKC on a more cap-friendly deal. Him, Mara and Sorber make for an intriguing big man rotation."
88,Nickeil Alexander-Walker,SG/SF,ATL,1998-09-02,27.9,103.0,15,NAW rightfully won Most Improved Player this year and risen into such a high-level player under Quin Synder.
89,Derik Queen,PF/C,NOP,2004-12-27,21.5,81.0,-8,"Queen flashed very high potential so far in his rookie season. The defense remains a major concern, but I'm still bought in on some level."
90,Mikal Bridges,SG/SF,NYK,1996-08-30,29.9,84.0,-6,Mikal Bridges took a step back this year despite the Knicks winning the championship. We'll see how he bounces back.
91,1.09 / Morez Johnson Jr.,PF/C,DAL,2006-01-26,20.5,87.0,-4,Love Morez Johnson's potential fantasy game. There's a lot of pathways to becoming an elite asset for years to come. Ceiling is much higher than you think.
92,Coby White,PG/SG,CHA,2000-02-16,26.4,98.0,6,Coby White returns to Charlotte with a big contract in hand and a starting job with LaMelo gone. Are we going to see a possible return to his Chicago peak?
93,Scoot Henderson,PG/SG,POR,2004-02-03,22.4,88.0,-5,Scoot missed a lot of the season. He's had some hit-or-miss performances but he really turned it on in the playoffs. Lot of questions about POR's guards. 
94,Ace Bailey,SF/PF,UTA,2006-08-13,19.9,77.0,-17,Ace Bailey is one of the losers of Utah adding Darryn Peterson. He'll likely play the 6th man role this year if Walker Kessler sticks around.
95,Payton Pritchard,PG/SG,BOS,1998-01-28,28.5,110.0,15,Pritchard is primed for the breakout with Jaylen Brown gone. How far can he scale up with more freedom than ever before in Joe Mazzulla's offense?
96,Nic Claxton,C,BKN -> CHI,1999-04-17,27.2,96.0,0,"Claxton has trended down towards the end of the Nets years, but he's in a great place to return to form in Chicago with a clearcut role."
97,Michael Porter Jr.,SF/PF,BKN,1998-06-29,28.0,91.0,-6,MPJ takes a hit in the short term with Julius Randle now in town. Watching them play basketball on the same side of the court will be... interesting?
98,Naz Reid,PF/C,MIN -> CHA,1999-08-25,26.9,116.0,18,Naz Reid is due for a potential breakout with LaMelo Ball gone and looking like a look for a starting job.
99,Tari Eason,SF/PF,HOU,2001-05-10,25.2,97.0,-2,"Tari Eason lost tens of millions of dollars this past year, but on a relatively cheap deal, he's due for a solid year."
100,Peyton Watson,SF/PF,DEN,2002-09-11,23.8,117.0,17,Watson is a solid all-around player who could be a long-term staple for Denver. He's taken a huge leap over the last few months.
101,Immanuel Quickley,PG/SG,TOR,1999-06-17,27.1,94.0,-7,"As always, Quickley is streaky and can run hot or cold depending on the night, but he's locked into TOR for the long haul and playing well."
102,Ajay Mitchell,PG/SG,OKC,2002-06-25,24.1,120.0,18,Ajay has been incredible this year and in the playoffs. Unreal find by OKC. The leap next year could be special.
103,Egor Demin,PG/SG/SF,BKN,2006-03-03,20.4,118.0,15,"I am not one who tends to overreact to Summer League, but Egor has been extremely good. Sophomore year jump incoming."
104,1.10 / Aday Mara,C,OKC,2005-04-07,21.3,92.0,-12,"Aday Mara has a lot of high-end fantasy upside, but managers are going to need to be patient to see it emerge."
105,Julius Randle,PF,MIN -> BKN,1994-11-29,31.6,99.0,-6,Dubious Handle goes back to the Big Apple. He and Michael Porter Jr. are going to chuck up plenty of tour dates this year.
106,Anthony Black ,PG/SG/SF,ORL,2004-01-20,22.5,101.0,-5,The Magic need Anthony Black to be more consistent and closer to his strong stretch of play this past season.
107,1.11 / Brayden Burries,PG/SG,MIL,2005-09-18,20.8,105.0,-2,"Burries has played himself firmly into lottery status and possesses a lot of the winning, two-way traits you want to see in a long-term NBA starter. "
108,Jalen Green,PG/SG,PHO,2002-02-09,24.4,112.0,4,Jalen Green had a really rough first season with the Suns with all the missed time with his hamstring. Hopefully he builds momentum going into next season.
109,Jeremiah Fears,PG/SG,NOP,2006-10-14,19.7,93.0,-16,"Fears has, unsurprisingly, not been all that good or conducive to winning. The advanced numbers are bad. This is pretty normal for guards. I'm staying the course."
110,Joan Beringer,C,MIN,2006-11-11,19.7,164.0,54,Joan is rising in a big way this offseason. He gets a big time vote of confidence from Minnesota as the center of the future when Rudy Gobert's time is up.
111,Mark Williams,C,PHO,2001-12-16,24.6,106.0,-5,"Not that it ever felt super likely he'd leave, but Mark Williams does return to Phoenix on a pretty team-friendly deal. "
112,Keegan Murray,SF/PF,SAC,2000-08-19,25.9,114.0,2,"I've been low on Keegan Murray for years. I just don't know that I buy him being much more than this. Clean stat profile, but nothing too exciting."
113,Jabari Smith Jr.,PF,HOU,2003-05-13,23.2,108.0,-5,Jabari's career to date has been really disappointing. He's been a good role player with a lot of inconsistency. Very good in the playoffs though.
114,Dejounte Murray,PG/SG,NOP,1996-09-19,29.8,104.0,-10,I've raised Murray a decent bit up here as he's coming back and looking OK following the Achilles tear. I'm skeptical still about his long-term outlook but deserves the bump.
115,Miles Bridges,SF/PF,CHA -> PHO,1998-03-21,28.3,134.0,19,Miles Bridges is the new starting PF for Phoenix and gives them a clearer piece to rely on in the frontcourt.
116,Cason Wallace,PG/SG,OKC,2003-11-07,22.7,123.0,7,"It feels like Cason Wallace's fantasy upside is limited, but I still like him enough long-term with his elite defense, especially if he goes elsewhere."
117,Zach LaVine,SG/SF,SAC,1995-03-10,31.3,107.0,-10,"I think we know by now that LaVine is not super conducive to winning as a leading scorer, but the stats are stats all the same in a fantasy setting."
118,1.12 / Yaxel Lendeborg,PF,GSW,2002-09-30,23.8,105.0,-13,"If you're looking for a ready-to-go rookie with a juicy fantasy profile and tons of skills that NBA teams look for in role players, Yaxel is your man."
119,Andrew Nembhard,PG/SG,IND,2000-01-16,26.5,119.0,0,"Despite a career-PPG year, Nembhard didnt step up like we hoped he would. A step back is likely coming when Haliburton is back to form. "
120,Josh Hart,SG/SF,NYK,1995-03-06,31.4,124.0,4,Hart has shot well from 3 this year and continues to deliver on the do-everything role he's made his bread off of.
121,Khaman Malauch,C,PHO,2006-09-14,19.8,131.0,10,"Malauch was always going to require patience. If you have him, you need to understand what you signed up for. Some flashes have been interesting so far."
122,Devin Vassell,SG/SF,SAS,2000-08-23,25.9,111.0,-11,"Vassell has really struggled recently compared to these last few years. Still has plenty of potential to tap into, but he may be expendable soon."
123,Myles Turner,C,MIL,1996-03-24,30.3,113.0,-10,Turner has been pretty disappointing this year for Milwaukee. Will be interesting what the plan is with him if Giannis is traded.
124,Day'Ron Sharpe,C,BKN,2001-11-06,24.7,204.0,80,"Day'Ron Sharpe takes a big jump as the incumbent starting center. Personally, I feel that the contract (2yr/$20m) screams sell-high with such a lack of commitment."
125,Toumani Camara,SF/PF,POR,2000-05-08,26.2,133.0,8,I'm expecting a good year out of Camara with Portland lacking in their forward depth. Good role player who can do a bit of everything.
126,1.13 / Ebuka Okorie,PG/SG,DET,2007-04-10,19.3,130.0,4,"Okorie was a star for Stanford this year. Is he the star Cade Cunningham has always needed next to him? Time will tell, but there are star signs here."
127,Paul George,SG/SF/PF,PHI -> BOS,1990-05-02,36.2,170.0,43,"I've been a bit lower on PG13 for a while now, but with landing in Boston, he's taking a big step."
128,Tre Johnson,SG/SF,WAS,2006-03-07,20.4,115.0,-13,"We need to be patient and see what happens with Tre Johnson, but he will take one of the biggest hits from everything Washington has done since the trade deadline."
129,Carter Bryant,SF/PF,SAS,2005-11-26,20.6,172.0,43,Carter Bryant is a bit of a mystery box in terms of upside. The fantasy game is meh so far but the upside and phyiscal tools are very intriguing.
130,PJ Washington,PF/C,DAL,1998-08-23,27.9,122.0,-8,"PJ Washington ends up in an interesting situation with Lively hurt, Gafford on the block and having an interesting fit with Morez Johnson."
131,Shaedon Sharpe,SG/SF,POR,2003-05-30,23.1,102.0,-29,"I've been underwhelmed by Sharpe, who just doesn't possess much of a fantasy game besides scoring and hasn't played all that well relative to his high usage."
132,Norman Powell,SG/SF,MIA -> CHI,1993-05-25,33.1,139.0,7,Norman Powell has been on a heater this past year for Miami in their tinkered offense. He signs with Chicago where he'll continue to have a green light.
133,Jakob Poeltl,C,TOR,1995-10-15,30.7,109.0,-24,Poeltl's back may be cooked. Wondering if he ends up getting salary dumped but there is still hope for him.
134,1.14 / Dailyn Swain,SG/SF,CHI,2005-07-15,21.0,132.0,-2,"I have a lot of questions about Swain and how his game translates to the NBA in a new role, but the appeal as a do-everything wing/forward is all there."
135,1.15 / Hannes Steinbach,PF/C,CHA,2006-05-01,20.2,135.0,0,"Hannes is the best rebounder in the class, bar none. The athleticism and lack of defense remains a concern but the measurements at the Combine are a big positive."
136,Rudy Gobert,C,MIN,1992-06-26,34.0,137.0,1,"More of the same as usual for Rudy Gobert, who delivers on his normal. LaMelo's playmaking will help him."
137,Kristaps Porzingis,PF/C,GSW,1995-08-02,30.9,128.0,-9,Kristaps Porzingis continues to suffer from POTS and may miss time here and there. Very solid fantasy performer when he does play.
138,Ty Jerome,PG/SG,MEM,1997-07-08,29.0,141.0,3,"I'm not making much of the 15-game sample from last year, but in a starting/key 6th man role, I'm hopeful in seeing Jerome have a nice year."
139,1.16 / Bennett Stirtz,PG/SG,OKC,2003-10-03,22.8,136.0,-3,"Stirtz has some question marks, but the fantasy appeal should come with zero questions. Great shooter and is an iron man."
140,Fred VanVleet,PG/SG,HOU,1994-02-25,32.4,169.0,29,"With FVV, expect him to return to form on some level post-ACL tear. He'll be crucial to Houston's success this year."
141,Santi Aldama,SF/PF,MEM -> DAL,2001-01-10,25.5,147.0,6,"I still like Aldama, but it's hard to really know what MEM looks like at their best. I think he's a key rotation piece, but Boozer, Lopez and Stewart hurt his value."
142,John Collins,PF/C,LAC -> DET,1997-09-23,28.8,149.0,7,"John Collins heads to Detroit to replace Tobias Harris. Frankly, it's a bit of a step-down for Detroit, but it is a lateral move for Collins' fantasy value."
143,Aaron Gordon,SF/PF,DEN,1995-09-16,30.8,152.0,9,"Gordon has missed some time at different points of this year. With everyone on the table, will someone try and trade for him?"
144,Neemias Queta,C,BOS,1999-07-13,27.0,159.0,15,"Queta looked like a very solid starter for Boston this past year. Despite landing a big payday, he and Mitchell Robinson will split time."
145,Thomas Sorber,C,OKC,2005-12-25,20.6,156.0,11,I'm still willing to be patient with Thomas Sorber even though OKC's center depth looks weird right now. Very fantasy-friendly profile. 
146,LeBron James,SG/SF/PF,LAL -> FA,1984-12-30,41.5,138.0,-8,"I'm fully expecting LeBron's final year to be 2026-2027, and by default, his value is pretty much deflated from here. We'll see where he ends up."
147,Jared McCain,PG/SG,OKC,2004-02-20,22.4,127.0,-20,"McCain loses some value on the whole after going to OKC, but he's been playing extremely well with the opportunities given to him so far."
148,Jaime Jaquez Jr.,SG/SF,MIA -> MIL,2001-02-18,25.4,145.0,-3,Jaquez's strong 6MOY campaign ends with him a bit buried in Milwaukee. Expecting he gets moved if he doesn't take up a big role.
149,Bilal Coulibaly,SG/SF,WAS,2004-07-26,22.0,126.0,-23,"I think Bilal is done as far as any higher level outcomes, but he's had a good season and has some good role player outcomes here. Still very young."
150,Dereck Lively II,C,DAL,2004-02-12,22.4,129.0,-21,This next season is a make-or-break one for me with Lively. I'm largely out on him being a top 100 player again if the foot injuries continue.
151,Maxime Raynaud,PF/C,SAC,2003-04-07,23.3,163.0,12,"Raynaud has been excelling so far in Sacramento. Despite questions around the center position, he should remain a core piece."
152,Ron Holland,SF/PF,DET,2005-07-07,21.0,151.0,-1,I'm not sure Holland's true potential will ever be realized in Detroit. He's just not able to contribute much yet.
153,1.17 / Christian Anderson,PG/SG,CHA,2006-04-02,20.3,NEW,NEW,Anderson is a great shooter and playmaker who offers a lot of solid skills from a fantasy perspective. What does his role look like without LaMelo?
154,Daniel Gafford,C,DAL,1998-10-01,27.8,143.0,-11,"I expected Gafford to get traded, but with Lively's status continually up in the air, we'll see what happens."
155,RJ Barrett,SG/SF,TOR,2000-06-14,26.1,154.0,-1,RJ Barrett stays behind in Toronto and will likely remain a starter. His scoring will likely take a dip.
156,Jaylon Tyson,SG/SF,CLE,2002-12-02,23.6,146.0,-10,Tyson has evolved into a clear foundational piece for Cleveland. Not sure what the ceiling is but the highs this past year have been solid.
157,De'Andre Ayton,C,LAL -> WAS,1998-07-23,28.0,142.0,-15,"Unsurprisingly, Ayton has looked better than expected because of Luka and Reaves. Numbers are typical but I don't see more long-term upside."
158,Ayo Dosumnu,PG/SG,MIN,2000-01-17,26.5,181.0,23,Grown folks online tried saying Ayo is a bottom 10 role player in the NBA. Minnesota dropped a bag on him this offseason.
159,Moussa Diabate,C,CHA,2002-01-21,24.5,153.0,-6,"As expected, Charlotte got some frontcourt help behind Moussa with Hannes Steinbach aned Nas Reid, but I think he should remain a steady piece."
160,Damian Lillard,PG/SG,POR,1990-07-15,36.0,199.0,39,"Dame Time returns this fall, but how much do we get coming off the achilles tear and the heavy guard rotation (Morant, Henderson, Holiday)?"
161,Brandin Podziemski,PG/SG/SF,GSW,2003-02-25,23.4,148.0,-13,"Podz had a career-high in scoring this year, but it feels like he's never going to get much respect online. Still a decent player."
162,Aaron Nesmith,SF/PF,IND,1999-10-16,26.7,155.0,-7,Nesmith only played about half the season with Indiana's tanking antics. He'll be back to his normal defined 3&D role this season.
163,Naji Marshall,SF/PF,DAL,1998-01-24,28.5,179.0,16,I've been a longtime Marshall truther and he's been surging recently. One of the more undervalued win-now fantasy targets out there.
164,Christian Braun,SG/SF,DEN,2001-04-17,25.2,140.0,-24,I'm still in on Christian Braun being a good player in his career despite Peyton Watson running away as the better player. 
165,Hugo Gonzalez,SG/SF,BOS,2006-02-05,20.4,193.0,28,This offseason has given us numerous signs that Hugo is a very valuable player that Boston really believes in. Is the sophomore breakout coming?
166,Quentin Grimes,SG/SF,PHI -> LAL,2000-05-08,26.2,161.0,-5,Name value and the Lakers tax on Grimes is going to lead to him being overvalued. Fine player but got paid too much in free agency.
167,Will Riley,SF/PF,WAS,2006-02-10,20.4,160.0,-7,Will Riley has had some ridiculous stretches of play for Washington. AJ Dybantsa hurts him short term. It's on him to improve this year to stick.
168,Kasparas Jakucionis,PG/SG,MIA -> MIL,2006-05-29,20.1,192.0,24,Kasparas ends up in a situation where he can commend more minutes in a rebuild. Still hopeful he can pan out despite the short term logjam in the backcourt.
169,1.18 / Cameron Carr,SG/SF,LAL,2004-11-21,21.6,NEW,NEW,Carr is in a great situation to play a good role as a rookie. He should've never fallen to the mid-20s in real life.
170,1.19 / Allen Graves,PF,TOR,2006-07-28,20.0,NEW,NEW,Graves is a statistical darling with a lot to like about his player. I have a lot of questions about his long term upside.
171,Andrew Wiggins,SF/PF,MIA,1995-02-23,31.4,176.0,5,Andrew Wiggins comes back to Miami on a more team-friendly deal. They'll need a lot of him with Miami's depleted depth post-Giannis.
172,Isaiah Stewart,PF/C,DET -> MEM,2001-05-22,25.1,202.0,30,Stewart ends up going to a pretty favorable situation in Memphis as the backup big to Zach Edey. I think he'll be more fantasy relevant than people might expect.
173,Collin Gillespie,PG,PHO,1999-06-25,27.1,208.0,35,Gillespie has been excellent this year for Phoenix. I expect him to get a nice payday to stay with the Suns this summer.
174,Julian Champagnie,SF/PF,SAS,2001-06-29,25.0,230.0,56,Champagnie has had a much more impactful season/playoffs than the counting stats might tell you. Is there more coming for him?
175,Mitchell Robinson,C,NYK -> BOS,1998-04-01,28.3,214.0,39,Mitchell Robinson finds a new home in Boston. Injuries remain a concern for him but him and Neemias Queta should maintain solid roles.
176,Jonathan Kuminga,SF/PF,ATL -> FA,2002-10-06,23.8,125.0,-51,I think we've figured out who Jonathan Kuminga is by now and isn't going to hit those high upside marks we hoped for. Fascinated to see where he signs.
177,Wendell Carter Jr.,PF/C,ORL,1999-04-16,27.2,165.0,-12,"One of the more consistently undervalued big men, WCJ had a bit of a resurgence after a bad 2024-2025 season. He and Vuc will split time."
178,Noa Essengue,SF/PF,CHI,2006-12-18,19.6,183.0,5,Essengue is far from a complete product and has a lot to work on still after missing his entire rookie year. He'll have to work his way into a reserve role.
179,1.20 / Labaron Philon,PG/SG,PHI,2005-11-24,20.6,NEW,NEW,Philon is going to require some serious patience. He's currently the fourth guard in the pecking order for Philadelphia.
180,1.21 / Nate Ament,SF/PF,MIL,2006-12-10,19.6,NEW,NEW,"There's a lot of red flags in Nate Ament's profile, especially for categories leagues, but he should get plenty of run in Milwaukee."
181,Dillon Brooks,SF/PF,PHO,1996-01-22,30.5,186.0,5,Brooks had an electric year with Phoenix and scoring 20+ PPG for the first time. I don't expect this to continue but he should continue playing a steady role.
182,Kevin Porter Jr.,PG/SG,MIL,2000-05-04,26.2,150.0,-32,KPJ returns to Milwaukee on a player option with a very muddled backcourt. He'll likely still get minutes.
183,Herbert Jones,SF/PF,NOP,1998-10-06,27.8,171.0,-12,"Despite years of trade rumors, Herb is still in New Orleans and will continue anchoring their entire defense."
184,Max Christie,SG/SF,DAL,2003-02-10,23.4,168.0,-16,Remember Max Christie's hot run early into his Dallas tenure? Still remains a good player but he's not going much further than this.
185,Davion Mitchell,PG/SG,MIA,1998-09-05,27.9,195.0,10,"Miami gutting their depth chart definitely helps Davion Mitchell's case, but I don't expect him to keep a firm starting job after free agency."
186,Gui Santos,SF/PF,GSW,2002-06-22,24.1,232.0,46,One of the more underdiscussed Warriors storylines is that Santos has found his way into the rotation and had some good looks. Interesting hold going into next season.
187,Cameron Johnson,SF/PF,DEN,1996-03-03,30.4,157.0,-30,The wheels have started to fall off for Cam in Denver. We'll see if he can bounce back this year (preferably if Peyton Watson is gone).
188,Kyle Filipowski,PF/C,UTA,2003-11-07,22.7,173.0,-15,Kyle Filipowski finds himself in a good position to continue maintaining a solid role with Utah. This could be a key year for him.
189,Malik Monk,SG/SF,SAC,1998-02-04,28.4,158.0,-31,Monk had a down year after starting to get phased out of Sacramento. I have to believe someone legitimately wants to trade for him.
190,1.22 / Karim Lopez,SF/PF,MEM,2007-04-12,19.3,NEW,NEW,"Karim Lopez is going to be a work in progress, but if he hits, he's going to be a solid player that NBA teams will pay a lot of money for."
191,Nikola Topic,PG/SG,OKC,2005-08-10,20.9,144.0,-47,"With the addition of Bennett Stirtz, this largely kills the Topic hype. I'm guessing he needs a trade to make it happen at this point."
192,Noah Penda,SF/PF,ORL,2005-01-07,21.5,209.0,17,I love what I've seen from Penda so far and I'm high on him potentially earning a consistent role in 2026-2027.
193,Jimmy Butler,SF/PF,GSW,1989-09-14,36.8,189.0,-4,"Jimmy Butler suffered a devastating ACL tear this January. He's a psycho and will aim to return soon, but will he ever be the same player again at age 37?"
194,CJ McCollum,PG/SG,ATL,1991-09-19,34.8,175.0,-19,CJ's still kind of got it. He's in for probably one more year with Atlanta with a high-scoring role.
195,Paul Reed,PF/C,DET,1999-06-14,27.1,359.0,164,"I realize that this is a massive jump for BBall Paul, but the way he's played in these playoffs should guarantee him a multi-year offer and a more clearcut role."
196,Jamal Shead,PG/SG,TOR,2002-06-24,24.1,257.0,61,Shead has been a solid NBA player to date and really proven me wrong. He's going to be in the NBA for a long time.
197,Bennedict Mathurin,SG/SF,LAC -> FA,2002-06-19,24.1,162.0,-35,"Mathurin remains unsigned to date, and the Clippers-Aspiration investigation might hold them up longer."
198,Daniss Jenkins,PG/SG,DET,2001-08-17,24.9,191.0,-7,Jenkins looks to be a long-term staple for Detroit moving forward. He and Ebuka Okorie will be the main guards off the bench.
199,Draymond Green,PF/C,GSW,1990-03-04,36.4,207.0,8,We know who Green is at this point. He'll stick around in GSW until the wheels fall off. His fantasy game isn't what it used to be but he's still a great and valuable player.
200,Danny Wolf,PF/C,BKN,2004-05-05,22.2,203.0,3,"Wolf has a very appealing fantasy game, but he's not a good player at the NBA level yet and has a ways to go. Still definitely worth an investment in dynasty."
201,1.23 / Sergio De Larrea,PG/SG,DAL,2005-12-04,20.6,NEW,NEW,"Sergio has a ton to like as a 6'6 point guard with good craftiness, passing and shooting. Dusty May will really like and try to weaponize his size."
202,1.24 / Jayden Quaintance,C,SAS,2007-07-11,19.0,NEW,NEW,"There is zero question that JQ looks like an elite athlete and defender from Day 1 in the NBA, but the offensive development is the big swing."
203,1.25 / Tarris Reed Jr.,C,SAS,2003-08-05,22.9,NEW,NEW,"Tarris Reed and JQ make the backup big spot a little weird, but Reed is a different flavor with some muscle that should work great with Wemby."
204,Jrue Holiday,PG/SG,POR,1990-07-12,36.0,174.0,-30,"Jrue Holiday showed us that he's still got it this past year. With the Blazers' guard spots looking weird, what we can we expect for him?"
205,Sandro Mamukelashvili,PF/C,TOR -> LAL,1999-05-23,27.1,316.0,111,Mamu got a big time payday to head to the Lakers where he'll face a ton of pressure as the presumed starting power forward.
206,Josh Minott,SF/PF,BKN,2002-11-25,23.6,194.0,-12,Minott has looked solid when getting the looks in Boston and moves onto Brooklyn in a clearer role. We'll see if that sustains this coming season.
207,Kobe Sanders,SG/SF,LAC,2002-05-30,23.4,262.0,55,The Clippers should be jumping for joy with the scam contract they gave Kobe Sanders. Fully expecting him to outplay it and impact LAC in a big way.
208,Walter Clayton Jr.,PG/SG,MEM,2003-03-06,23.4,182.0,-26,Hope to see Clayton have a mini sophomore breakout in Memphis. He'll definitely shoot better this next season. He's been dealt a weird hand so far.
209,Grayson Allen,SG/SF,PHO -> CHA,1995-10-08,30.8,190.0,-19,Allen had his best year and popped off for Phoenix with their need for scorers. He'll play a bench role for Charlotte and hope to keep it up.
210,Nique Clifford,SG/SF,SAC,2002-02-09,24.4,187.0,-23,I've really liked what I've seen of Nique in his best moments this season in Sacramento. Hoping to see more this next year as he remains a key piece. 
211,Scotty Pippen Jr.,PG/SG,MEM,2000-11-10,25.7,196.0,-15,Pippen is one of the forgotten guards of this group who has flashed really strong play at times (especially in the playoffs). 
212,Aaron Wiggins,SG/SF,OKC -> ATL,1999-01-02,27.5,252.0,40,Aaron Wiggins is one of OKC's consolidation victims and heads to Atlanta to keep up in a solid role.
213,Nolan Traore,PG/SG,BKN,2006-05-28,20.1,224.0,11,Traore has had some flashes of being a potentially good player in Brooklyn. Will likely play a good bench role this next season behind Mikel and Egor.
214,Cam Spencer,PG/SG,MEM,2000-04-06,26.3,215.0,1,Cam Spencer is a testament to how stacked Memphis is with good-not-great guards. Who emerges of this group?
215,1.26 / Koa Peat,PF,PHO,2007-01-20,19.5,NEW,NEW,Peat is very much a mystery box player with loads of athleticism. He'll need help getting fit into a role. Could be a solid defender at the NBA level.
216,Terrance Shannon Jr.,SG/SF,MIN,2000-07-30,26.0,315.0,99,"TSJ has taken a step up when called upon in the playoffs and he should be looking at a better role this year, if Chris Finch stops being such a stickler."
217,Tre Jones,PG/SG,CHI,2000-01-08,26.5,275.0,58,"Despite his size, Tre Jones has showed he belongs in the NBA still and can sustain a decent backup role in Chicago."
218,Bobby Portis,PF/C,MIL -> MIA,1995-02-10,31.4,261.0,43,Portis has dropped off the map a little this year and it remains to be seen if he'll tick back up into a more normal role for him. He lands in a good spot in Miami.
219,De'Andre Hunter,SF/PF,SAC,1997-12-02,28.6,188.0,-31,"After a one-year wonder performance in Atlanta/Cleveland, Hunter was dumped to Sacramento where he'll expect to take up a decent-sized role."
220,Robert Williams III,C,POR,1997-10-17,28.7,293.0,73,"Timelord gets a nice 4-year deal to remain the backup center to Donovan Clingan. He was really good when healthy this year, as per usual."
221,Jaylen Wells,SG/SF,MEM,2003-08-26,22.9,212.0,-9,Wells is a better real-life player than fantasy as a 3&D wing. He'll keep playing good minutes for Memphis.
222,Rui Hachimura,SF/PF,LAL -> LAC,1998-02-08,28.4,222.0,0,Rui Hachimura didn't have to go far to his next team. He stays in town in LA and will have a similar enough role for the Clippers with less pressure than his Lakers gig.
223,Tobias Harris,SF/PF,DET -> SAS,1992-07-15,34.0,200.0,-23,Detroit is really going to feel the loss of Tobias Harris. I like the addition for the Spurs and expect him to continue playing a decent role.
224,Sam Hauser,SF/PF,BOS,1997-12-08,28.6,229.0,5,"Sam Hauser doesn't have much true upside, but he is a good 3&D player and can pop off for 9 3s now and again. He's an important cheap piece for Boston."
225,Jerami Grant,SF/PF,POR -> MEM,1994-03-12,32.3,197.0,-28,Grant was one of the pieces traded in the Ja Morant deal. He's making absurd money and will get some minutes.
226,Anfernee Simons,PG/SG,CHI -> PHI,1999-06-08,27.1,205.0,-21,Simons has fallen out of favor in the NBA and will settle for a bench role in a stacked Philly squad.
227,1.27 / Bruce Thornton,PG/SG,HOU,2003-09-14,22.8,NEW,NEW,I'm a big Bruce Thornton fan. I think this fit is fantastic and could really allow him to shine. Could be a major steal in a few years.
228,1.28 / Chris Cenac Jr.,PF/C,BOS,2007-02-01,19.4,NEW,NEW,"If you draft Cenac, proceed with caution in knowing he is a development project. He will need time to make it happen in Boston, but the ceiling could be very high."
229,1.29 / Zuby Ejiofor,PF/C,ATL,2004-04-20,22.2,NEW,NEW,Zuby will get some run with Atlanta. I have questions about the fit but they've needed more energy and size at the center position for some time now.
230,1.30 / Joshua Jefferson,SF/PF,BKN,2003-11-21,22.6,NEW,NEW,Jefferson will fit right in with this Brooklyn Nets identity built around passing at all positions. Good fantasy profile.
231,Justin Champagnie,SF/PF,WAS,2001-06-29,25.0,235.0,4,"These Champagnie twin are good, man.  Really impressed by Justin's hard work in securing a full-time NBA role. High-percentile rebounder for his position."
232,Ousmane Dieng,SF/PF,MIL,2003-05-21,23.1,255.0,23,"If/when Giannis is traded, Dieng could have a chance to be MIL's next big breakout star after Ryan Rollins for the rebuild. Keep an eye on him this summer."
233,De'Anthony Melton,PG/SG,GSW,1998-05-28,28.1,216.0,-17,Melton returns to Golden State on a team-friendly deal. He'll continue playing a rotation role with a good fantasy game.
234,Rob Dillingham,PG,CHI,2005-01-04,21.5,210.0,-24,"I normally try and give some grace to young guards, but I'm pretty concerned with how things went in MIN and the fantasy game being pretty poor in CHI."
235,Zaccharie Risacher,SF/PF,ATL,2005-04-08,21.3,178.0,-57,Risacher's value is crashing hard right now and it remains to be seen if/how he can get it back.
236,DeMar DeRozan,SG/SF/PF,SAC -> FA,1989-08-07,36.9,185.0,-51,"All signs point to DeMar heading back to Toronto, staying close to home in LA or going to Miami. "
237,Saddiq Bey,SF/PF,NOP,1999-04-09,27.3,211.0,-26,Saddiq Bey was scoring like crazy this year with 17.7 per game. This is pretty obviously not going to stay at this level.
238,Jordan Poole,PG/SG,NOP,1999-06-19,27.1,184.0,-54,"It'd be a surprise if Jordan Poole was done as an NBA player yet, but he was downright awful this year and got a lot of DNPs."
239,Jusuf Nurkic,C,UTA,1994-08-23,31.9,273.0,34,"Despite Walker Kessler going down, Nurkic has been playing with a little gas left in the tank. Not expecting much after this season."
240,Dylan Cardwell,C,SAC,2001-12-16,24.6,217.0,-23,Cardwell has flashed some really interesting play for Sacramento as an old-school rim protecting big. Great innings eater/backup to Sabonis and Raynaud.
241,Isaiah Collier,PG/SG,UTA,2004-10-08,21.8,180.0,-61,"The shooting is still far from ever being close to average, but the playmaking, pace and feel are pretty good for a young guard. How will he, George and Clayton mesh?"
242,Yanic Konan Niederhauser,PF/C,LAC,2003-03-14,22.6,267.0,25,LAC has not addressed the current big man situation at all through the draft or free agency as of yet. This is a great sign of their confidence in YKN.
243,Nikola Vucevic,C,BOS -> ORL,1990-10-24,35.7,198.0,-45,Vucevic's value has continued to fall since leaving Chicago. He heads back home to Orlando where he'll play a bench role.
244,Ryan Kalkbrenner,C,CHA,2002-01-17,24.5,166.0,-78,Kalkbrenner went from looking at a starting job to being the potential 4th best big on this Hornets squad. He needs a trade to make it happen.
245,Tristan Da Silva,SF/PF,ORL,2001-05-15,25.2,201.0,-44,"Not much more upside for the Magic to extract from Da Silva, but as a rotation player, I think he's good and should have a lengthy career in the NBA."
246,2.01 / Meleek Thomas,SG,CLE,2006-08-06,19.9,NEW,NEW,"With a 4-year guaranteed deal in hand, Thomas has a chance to be a core piece for Cleveland with some more fine-tuning."
247,Collin Sexton,PG/SG,CHI -> LAL,1999-01-04,27.5,225.0,-22,I couldn't think of a worse fit for Collin Sexton if I tried. He'll get some mileage with the Lakers but I'm not confident he looks all that good.
248,Donte DiVincenzo,PG/SG,MIN,1997-01-31,29.4,167.0,-81,Awful news as we find out Donte DiVincenzo tore his achilles during the playoffs. We won't see him at all next year.
249,Sam Merrill,SG,CLE,1996-05-15,30.2,234.0,-15,"Merrill is one of the very best shooters in the entire world. The upside isn't high but Sammy Buckets will get you, well, buckets."
250,Pelle Larsson,SG/SF,MIA,2001-02-23,25.4,291.0,41,Larsson will need to step up for Miami with a lot of missing depth. Spo trusts him and he can play different roles as a glue guy.
251,Kelly Oubre Jr.,SG/SF,PHI -> IND,1995-12-09,30.6,239.0,-12,We know what Oubre is and what his game looks like. He's a bucket but doesn't offer a ton of strong fantasy appeal besides that.
252,Oso Ighodaro,PF/C,PHO,2002-07-02,24.0,276.0,24,"Ighodaro was impactful this year for Phoenix. Curious how things shake out with Maluach improving, Miles Bridges coming in, and Rasheer Fleming and Koa Peat."
253,Alex Caruso,PG/SG,OKC,1994-02-28,32.4,248.0,-5,"Caruso in OKC is making for some terrifying defense. He's a winning player, but spending the remainder of his prime on a deep contender is not A+ for fantasy."
254,Keldon Johnson,SF/PF,SAS,1999-10-11,26.8,223.0,-31,"Just as he's walking away with his 6MOY award, Keldon suddenly feels like an odd man out with San Antonio's recent string of moves, plus Carter Bryant rising."
255,2.02 / Richie Saunders,SG/SF,MEM,2001-09-19,24.8,NEW,NEW,I don't care that Richie Saunders is almost 25 years old. Dude is a demon and has a real route to being a successful NBA player that outplays his draft position.
256,Kris Dunn,PG/SG,LAC,1994-03-18,32.3,236.0,-20,"Not much upside for Dunn at this point in his career, but I expect him to play a key role in LAC either starting next to Darius Garland or coming off the bench."
257,Kyle Kuzma,SF/PF,MIL,1995-07-24,31.0,228.0,-29,"Finally, pure mid. We know who Kyle Kuzma is and that he's a bad fantasy player. Don't much expect here in Milwaukee post-Giannis."
258,Taylor Hendricks,SF/PF,MEM,2003-11-22,22.6,231.0,-27,"Hendricks struggled to make it happen in Utah, but there are signs of life in Memphis. Keeping an eye here."
259,Miles McBride,PG/SG,NYK,2000-09-08,25.8,218.0,-41,Deuce McBride scored more points than I anticipated this past year despite only playing half the season. I don't expect 12 PPG to remain the norm.
260,Keon Ellis,SG/SF,CLE -> BKN,2000-01-08,26.5,177.0,-83,Ellis was very disappointing this past year in Sacramento and Cleveland. We'll see what kind of year he has for Brooklyn. 
261,Brice Sensabaugh,SG/SF,UTA,2003-10-30,22.7,213.0,-48,"Once again, we've seen some flashes from Brice Sensabaugh, but with Darryn Peterson and Ace Bailey in town, I think he needs a new team to make it happen."
262,Bradley Beal,SG,LAC -> MIA,1993-06-28,33.0,297.0,35,Beal could be an interesting bargain bin player to stash if you're a contender and think he can come back to some form next year.
263,2.03 / Alex Karaban,SF/PF,SAC,2002-11-11,23.7,NEW,NEW,Karaban has some connective pieces to his game that should give him some fantasy appeal. Good leader and jack-of-all-trades.
264,Jordan Miller,SF/PF,LAC,2000-01-23,26.5,313.0,49,Jordan Miller had a nice season with the Clippers. There's sure to be questions in their rotation and how he fits in. I'm not a strong believer but there is potential.
265,Javon Small,PG/SG,MEM,2002-12-19,23.6,282.0,17,Small's fantasy game has continued to pop when he plays for Memphis. Could be a real sleeper hit for deeper leagues here.
266,Yang Hansen,C,POR,2005-06-26,21.0,220.0,-46,"Yang was completely unplayable as a rookie. Never thought much of him, but given the profile and the capital spent on him, you have to hold or buy low."
267,Adou Thiero,SF/PF,LAL,2004-05-08,22.2,244.0,-23,"The offense remains a work in progress, but if you want to bet on the tools, athleticism, and two-way appeal, Thiero has a lot to love."
268,Dean Wade,SF/PF,CLE -> PHI,1996-11-20,29.6,369.0,101,Wade was a great undrafted gem for the Cavs and plays a steady bench role. Really good IRL player but essentially a cardio guy for fantasy purposes.
269,Baylor Scheierman,SG/SF,BOS,2000-10-26,25.7,270.0,1,"Scheierman took a step forward this year for Boston. With Jaylen Brown gone, expect him and Hugo Gonzalez to pick up some slack."
270,Ryan Nembhard,PG,DAL,2003-03-10,22.6,278.0,8,Ryan Nembhard finding a role as an UDFA was one of the bright spots of Dallas's season. Can he secure a solid long term contract this year?
271,Jay Huff,C,IND,1997-08-25,28.9,238.0,-33,"Huff was not efficient this year, but there's a lot to like as a 3-point shooting center who racks up blocks. Hoping he returns to form in a backup role behind Zubac."
272,Luguentz Dort,SG/SF,OKC,1999-04-19,27.2,243.0,-29,Lu Dort remains in OKC as one of their core defenders. Will he stay here much longer?
273,Quentin Post,PF/C,GSW -> MEM,2000-03-21,26.3,317.0,44,There's some real upside with Post here. Memphis made an interesting move to steal him away from Memphis as their third big.
274,Isaiah Joe,SG/SF,OKC -> DET,1999-07-02,27.0,227.0,-47,Isaiah Joe was one of OKC's victims for consolidation. He heads to Detroit to bolster their shooting.
275,Obi Toppin,PF,IND,1998-03-04,28.4,264.0,-11,We barely saw Obi Toppin this year (24 games played). We'll hope to see him keep things back to '24-'25 form when Haliburton returns.
276,Asa Newell,PF/C,ATL,2005-10-05,20.8,287.0,11,I'm closely watching Asa Newell after some fiery games when he gets real minutes. Holding and buying if I can.
277,Marcus Smart,PG/SG,LAL -> HOU,1994-03-06,23.6,NEW,NEW,"Somehow, I've forgotten to add Marcus Smart over into multiple updates. He's back now, and has been playing a good role for LA."
278,2.04 / Henri Veesaar,C,ATL,2004-03-28,22.3,NEW,NEW,Henri Veesaar forced his way into a long fall down draft boards to secure a guaranteed deal with the Hawks. He remains a priority 30s target.
279,Jalen Smith,PF/C,CHI,2000-03-16,26.3,281.0,2,We know what it is with Jalen Smith. He'll likely back up Nic Claxton at the 5 and should continue playing a decent role in Chicago.
280,Bogoljbub Markovic,PF,MIL,2005-07-12,20.2,398.0,118,"This is quite a jump for Markovic, but after a great year of improvement that won him the ABA MVP and a nice-sized 4 year contract, he's absolutely a priority pickup."
281,Jordan Walsh,SF/PF,BOS,2004-03-03,22.4,258.0,-23,"Walsh is still young and needs time, but upside is still there in his physical tools and the advanced numbers this season. Curious if he can carve out more in Year 3."
282,Ja'Kobe Walter,SG/SF,TOR,2004-09-04,21.9,340.0,58,I didn't respect Ja'Kobe Walter enough this past year. Curious how much further he's going into this next year.
283,Mohamed Diawara,SF/PF,NYK,2005-04-29,21.2,NEW,NEW,"Diawara has impressed me in his flashes this year. He's on a deep team and minutes may be tough to come by, but I like him as a long-term stash."
284,2.05 / Baba Miller,PF/C,LAC,2004-02-07,22.4,NEW,NEW,Baba Miller got a big ol' payday with the Clippers on a 4-year deal. This is super notable and could be a great sign of what's to come.
285,2.06 / Isaiah Evans,SG/SF,MIN,2005-12-06,20.6,NEW,NEW,"Isaiah Evans doesn't have a strong fantasy game, but the hope is the shooting is something to build on."
286,2.07 / Ryan Conwell,SG,MIA,2004-06-15,22.1,NEW,NEW,Conwell has a pro-ready game built to help the Heat's bench from the jump. Expect him to start climbing in your drafts.
287,TJ McConnell,PG/SG,IND,1992-03-25,34.3,259.0,-28,TJ McConnell continues trucking along as a key piece in Indiana as a backup guard. We know what to expect at this point.
288,Royce O'Neale,SG/SF,PHO -> CHA,1993-06-05,33.1,271.0,-17,"Royce heads to Charlotte after a career-high year in points. Expect him to play like his usual self we've seen at Utah, Brooklyn and Phoenix."
289,Cody Williams,SG/SF,UTA,2004-11-20,21.6,233.0,-56,"I still don't know what Cody Williams is supposed to be, but I think the growth we've seen is notable. I'm giving him a chance on a 3rd year breakout despite the drop."
290,Jase Richardson,SG,ORL,2005-10-16,20.7,206.0,-84,"The talent is still there for Jase Richardson, but the opportunities haven't been and his height and role are at odds. Hoping their next head coach sees the vision. "
291,Duncan Robinson,SG/SF,DET,1994-04-22,32.2,242.0,-49,"Duncan Robinson gets a little bit more competition for touches with Isaiah Joe, but he remains the best shooter of the team."
292,Moussa Cisse,C,DAL -> FA,2002-09-10,23.8,301.0,9,I'm keeping a close eye on Cisse moving forward. Really intriguing advanced numbers. Could be a great player hiding in plain sight.
293,Jamir Watkins,SG/SF,WAS,2001-07-06,25.0,289.0,-4,Watkins has shown he has some juice to be a good rotation player for Washington. He fits their defensive identity well. He might play more than you think this year.
294,DaRon Holmes II,PF/C,DEN,2002-08-15,23.9,241.0,-53,This year may be Holmes' last chance at securing a role with Denver. He'll face competition with Marvin Bagley III in the frontcourt.
295,Will Richard,SG/SF,GSW,2002-12-24,22.8,251.0,-44,"Richard has proven to be a notable role player for Golden State. The minutes are always going to be screwy, but maybe there's more of a chance this year."
296,Noah Clowney,PF/C,BKN,2004-07-14,22.0,221.0,-75,"Clowney has gross percentages, but he's certainly improved overall this year. I don't think he's ever going to be a good NBA player, frankly."
297,Vit Krejci,PG/SG/SF,POR,2000-06-19,26.1,277.0,-20,"Following the Ja trade, Krejci is very quietly a winner. The Blazers have lackluster wing/forward depth. Keep an eye here for deep leagues."
298,Jarace Walker,SF/PF,IND,2003-09-04,22.9,260.0,-38,"Entering the last year of his rookie contract, we still really don't know what Walker is going to be. Good tanking year numbers, but can he show anything this year?"
299,Rasheer Fleming,SF/PF,PHO,2004-07-10,22.0,265.0,-34,Fleming will remain in a reserve role following the Suns' trade for Miles Bridges. Still hopeful he can pan out as him and Koa Peat fight for PF minutes.
300,GG Jackson,SF/PF,MEM,2004-12-17,21.6,237.0,-63,Some people are going to be annoyed about this placement. I just don't know what to say about GG. Can score but not much else. Only gets run when MEM is bad.
301,Jake LaRavia,SF/PF,LAL,2001-11-03,24.7,253.0,-48,LaRavia has impressed on occasion in LA. He's settled into a career as a role player moving forward.
302,Jaylin Williams,PF/C,OKC,2002-06-29,24.0,298.0,-4,"JWill probably deserves to be higher than this because he's legitimately solid as a rotation piece, but it's hard to trust he has a role of much size at all."
303,2.08 / Emanuel Sharp,SG,SAC,2004-03-07,22.4,NEW,NEW,There's plenty to like about Emanuel Sharp as an off-ball 3&D player and a culture setter. Very hard worker and got a guaranteed contract.
304,AJ Green,SG,MIL,1999-09-27,26.8,240.0,-64,AJ Green is one of the bigger losers of the Giannis trade with a ton of guards in the rotation now. He probably needs a trade to return to relevancy.
305,Nikola Jovic,SF/PF,MIA,2003-06-09,23.1,245.0,-60,"Jovic has been downright awful this year. No clue what happened, but good chance he gets salary dumped or used in filler for a trade soon."
306,Marvin Bagley III,PF/C,DAL -> DEN,1999-03-14,27.3,339.0,33,Bagley's been playing some decent ball recently in Washington and Dallas. He'll be tasked with backing up Nikola Jokic this year.
307,Leonard Miller,SF/PF,CHI,2003-11-26,22.6,268.0,-39,"I'm very skeptical of all this, but Leonard Miller has been showing some real signs of life in Chicago. Will be keeping an eye on this in the offseason."
308,Dominick Barlow,PF/C,PHI,2003-05-26,23.1,306.0,-2,"Barlow has played a surprising amount for Philly, starting more games than you'd think. Not a ton of fantasy upside here, at least from recent returns."
309,Liam McNeeley,SG/SF,CHA,2005-10-15,20.7,284.0,-25,"McNeeley hasn't popped much yet, but he's shown a little in Charlotte that suggest more could come when he gets a consistent role."
310,Luke Kennard,SG/SF,ATL -> PHO,1996-06-24,30.1,310.0,0,Kennard is playing a 3-point specialist role for the Lakers. I expect him to pick up some slack until Luka and Reaves are back.
311,Moses Moody,SG/SF,GSW,2002-05-31,24.1,254.0,-57,Moody was really coming up strong before a brutal patellar tendon tear. He has a lenthy road to recovery.
312,Max Strus,SG/SF,CLE,1996-03-28,30.3,288.0,-24,Strus barely played in 2025-2026 (12 GP). Expect him to remain in a decent role and keep hitting 3s.
313,Steven Adams,C,HOU,1993-07-20,33.0,356.0,43,Adams was badly missed this season and in the playoffs during Sengun's lowlights. He'll maintain a key role when healthy for '26-'27.
314,Ryan Dunn,SG/SF,PHO,2003-01-07,23.5,250.0,-64,"Ryan Dunn hasn't progressed much besides some 3PT strides, but he remains a bad offensive player and hasn't shown much in the stocks department."
315,2.09 / Ugonna Onyenso,C,DET,2004-09-25,21.8,NEW,NEW,"With a lot of questions about centers in Detroit, there is a real chance Ugonna Oyenso takes up a solid role as a backup."
316,Jock Landale,C,ATL,1995-10-25,30.7,334.0,18,Landale has played some decent ball for Atlanta and will likely stick around as a backup/3rd stringer.
317,Goga Bitadze,C,ORL,1999-07-20,27.0,247.0,-70,"Goga continues to flash on occasion, but I don't think he'll ever fully put it all together unless some desparate team swipes him up this summer."
318,Amari Williams,C,BOS,2002-01-28,24.5,303.0,-15,"Amari Williams has some real potential here in Boston with MitchRob's injury issues. Good passer, could be a serious diamond in the rough."
319,Brook Lopez,C,LAC,1988-04-01,38.3,353.0,34,"Brook Lopez is almost done in the NBA, but he's still got some juice and will play a decent chunk of minutes with YKN still recovering from his Lisfranc injury."
320,Devin Carter,PG/SG,SAC -> ATL,2002-03-18,24.3,246.0,-74,The Kings salary dumped Devin Carter to the Hawks. There is a chance he can figure it out here as a bench guy.
321,Derrick Jones Jr.,SF/PF,LAC,1997-02-15,29.4,283.0,-38,"With the recent Clippers moves with adding Rui, it feels like DJJ could be one of the odd men out. He's still got some juice, so we'll see what happens."
322,Jose Alvarado,PG,NYK,1998-04-12,28.3,269.0,-53,Grand Theft Alvrado has been a solid contributor with the Knicks. He signed a team-friendly deal to stick around the champions. 
323,Dennis Schroder,PG/SG,CLE,1993-09-15,32.8,249.0,-74,Schroder has bounced around for a while. He's still got legs in the NBA depending on what Cleveland does with him.
324,Ron Harper Jr.,SG,BOS,2000-04-12,26.3,363.0,39,Ron Harper Jr. has had some nice flashes for Boston. I'm not sure if he's much of a long-term NBA player but I'm keeping an eye on him.
325,Tidjane Salaun,PF,CHA,2005-08-10,20.9,286.0,-39,This next year might be a make-or-break one for Salaun as Charlotte gears up with more frontcourt pieces in this upcoming draft.
326,Tim Hardaway Jr.,SG/SF,DEN -> MIA,1992-03-16,34.3,337.0,11,THJ was a 6th Man of the Year Finalist and played a key role for Denver. Expecting him to re-sign here.
327,Bogdan Bogdanovic,SG/SF,LAC -> HOU,1992-08-18,33.9,322.0,-5,It wasn't long ago that Bogdan was still a good player. Could he return to form here in Houston?
328,Drake Powell,SG/SF,BKN,2005-09-08,20.8,266.0,-62,"Powell still has a lot of potential as a 3&D wing with Brooklyn, but he hasn't showed much to date. "
329,Brandon Williams,PG/SG,DAL -> FA,1999-11-12,26.7,226.0,-103,I still believe there could be something there for Brandon Williams despite finishing below the top 250 in 9Cat on the year.
330,Kentavious Caldwell-Pope,SG/SF,MEM,1993-02-18,33.4,341.0,11,KCP is likely to be bought out or make some agreement with MEM to find a new team. Could he return to being a decent role player?
331,Luke Kornet,C,SAS,1995-07-15,31.0,219.0,-112,"Kornet has shown some stuff for fantasy, but the fact that San Antonio drafted two centers in the first round speaks volumes about his future here."
332,Jaylen Clark,SG/SF,MIN,2001-10-13,24.8,355.0,23,"Despite playing on lesser minutes, Clark is a legitimately great defender. Could he secure a bigger role this next year?"
333,Yves Missi,C,NOP,2004-05-14,22.2,272.0,-61,Missi is unfortunately buried in New Orleans given their current big situation with Derik Queen. He'll need a trade to be relevant again.
334,Adem Bona,PF/C,PHI,2003-03-28,23.3,318.0,-16,"Bona played a similar low-minute role again for the 76ers. Still a nice long-term bench piece to look at, but Andre Drummond is still good for the backup role."
335,Gradey Dick,SG/SF,TOR -> LAC,2003-11-20,22.6,332.0,-3,Gradey Dick struggled for Toronto and now gets a clean slate with the Clippers. This is has chance to find a role and salvage his career.
336,Isaiah Jackson,PF/C,LAC,2002-01-10,24.5,290.0,-46,"I don't buy IJax much as an NBA player still. Still, with YKN out indefinitely, he could snag a short-term role."
337,Kevin Huerter,SG/SF,DET,1998-08-27,27.9,279.0,-58,I don't really know why Trajan Langdon gave Kevin Huerter that contract. Hopefully he has a little juice left.
338,Harrison Barnes,SF/PF,SAS,1992-05-30,34.1,294.0,-44,Barnes still has some juice even in San Antonio. We know what he is as a boring forward who can pop on occasion.
339,Tarik Biberovic,SG/SF,MEM -> DAL,2001-01-28,25.5,NEW,NEW,"Tarik has been long rumored to want to make the NBA jump, and here he comes on a two-year deal in Dallas. 3PT shooting is the name of the game."
340,2.10 / Braden Smith,PG,IND,2003-07-25,23.0,NEW,NEW,"In theory, Braden Smith is a perfect fit for Indiana and could find something here. The issue is that Indiana's guard depth is completely full."
341,Al Horford,PF/C,GSW,1986-06-03,40.1,307.0,-34,"At 40 years old, Al Horford is somehow still kicking. With Quinten Post gone, there will be hope for him to keep playing at a good level. "
342,Grant Williams,SF/PF,CHA,1998-11-30,27.6,367.0,25,"Grant Williams tore his ACL this past year and is expected to make a full recovery. He's not a priority piece, but he might play more than we think this year."
343,Jordan Goodwin,PG/SG,PHO,1998-10-23,27.7,336.0,-7,Goodwin has had some nice moments over the year and continues to look interesting for a deep bench guy.
344,Bruce Brown,PG/SG/SF,DEN -> FA,1996-08-15,29.9,280.0,-64,"Brown has not been as good as I'd hoped returning to Denver, but he's at least playing a role again and might earn more burn as the year goes on."
345,Moritz Wagner,PF/C,ORL -> BKN,1997-04-26,29.2,381.0,36,Mo Wagner returns from his ACL injury to play a backup role in Brooklyn. He'll definitely get some run in the short term.
346,Luka Garza,PF/C,BOS,1998-12-27,27.5,323.0,-23,"As always with Luka Garza, he's got some juice on offense, but he continues to have issues on defense that make him a liability."
347,Karlo Matkovic,PF/C,NOP,2001-03-30,25.3,324.0,-23,Karlo has some interesting appeal as a floor spacer that can block shots. There's just a lot of big men in New Orleans and his opportunities are not all there.
348,Justin Edwards,SG/SF,PHI,2003-12-16,22.6,296.0,-52,Edwards could see a bump during the season with the 76ers' lackluster depth. He's occasionally shown flashes but I don't see a consistent role player here.
349,Dorian Finney-Smith,SF/PF,HOU -> CHA,1993-05-04,33.2,373.0,24,DFS lives! He was in a rough situation with injuries and a contract that aged like milk immediately. Could he bounce back this year in Charlotte?
350,Carlton Carrington,PG/SG,WAS,2005-07-21,21.0,274.0,-76,Bub is still playing poorly to close out the season and is teetering on top 300 per-game value. It might be curtains for him soon.
351,Khris Middleton,SF/PF,DAL -> WAS,1991-08-12,34.9,329.0,-22,Middleton is reaching the end of his career and was dumped to Dallas in the AD trade. He re-signed in Washington to keep mentoring their youngsters.
352,Russell Westbrook,PG/SG,SAC -> FA,1988-11-12,37.7,263.0,-89,"Russ went from almost being done as an NBA player to being the starter in Sacramento. It is Sacramento, but he does look revitalized on a bad team like this."
353,Craig Porter Jr.,PG/SG,CLE,2000-02-26,26.4,304.0,-49,CPJ is actually one of the more interesting role players out there that could be a hit if Cleveland's bench wasn't so deep. Worth a watch to see what happens.
354,Ben Saraf,PG/SG,BKN,2006-04-14,20.2,292.0,-62,"I'm not overwhelmingly confident that Ben Saraf will evolve into a good shooter, or a clearcut NHA player long term, but there is some appeal as a big guard."
355,Caleb Love,SG,POR -> PHI,2001-09-27,24.8,351.0,-4,Caleb Love burst onto the scene early for Portland with some great scoring stretches. Doesn't do much other than chuck up shots. Can he do more in Philly?
356,Johnny Furphy,SG/SF,IND,2004-12-08,21.6,344.0,-12,Furphy tore his ACL in late February. There is still some upside here but missing much-needed development time is going to hurt.
357,Julian Strawther,SG/SF,DEN,2002-04-18,24.2,314.0,-43,"Strawther's fantasy game is pretty weak, but he can shoot and could see marginal opportunities if Peyton Watson goes elsewhere."
358,Precious Achiuwa,PF/C,SAC,1999-09-19,26.8,402.0,44,"Achiuwa was struggling to make it in the NBA, but seemed to find a role with Sacramento and will stick around on a multi-year deal."
359,Tyrese Proctor,PG/SG,CLE,2004-04-01,22.3,326.0,-33,Proctor is waiting behind Craig Porter Jr. for NBA minutes. Likely won't happen for him this year unless there's injuries. 
360,Caris LeVert,SG/SF,DET -> MIL,1994-08-25,31.9,330.0,-30,Caris LeVert has been awful for a while and I'm guessing his NBA career is nearing its end after his current contract.
361,Simone Fontecchio,SF/PF,MIA,1995-12-09,30.6,342.0,-19,"With the Heat's lack of depth, Fontecchio has a little something to tap into off the bench."
362,Spencer Jones,SF/PF,DEN,2001-06-14,25.1,311.0,-51,"Spencer Jones is an innings eater (complimentary) and his fantasy output has been inconsistent, but he's playing a nice amount of minutes. Continuing to monitor him."
363,Bones Hyland,PG/SG,MIN,2000-09-14,25.8,285.0,-78,Bones Hyland revived his career with Minnesota after nearly falling out of the NBA. The team feels a bit too deep at guard for him to make much sense.
364,Landry Shamet,SG,NYK,1997-03-13,29.3,NEW,NEW,Shamet signed a deal to return to the Knicks. He stepped up this year to play a decent role.
365,Patrick Williams,SF/PF,CHI,2001-08-26,24.9,361.0,-4,There's a very compelling case that Patrick Williams is one of the worst players in the NBA right now.
366,Marcus Sasser,PG/SG,DET -> DAL,2000-09-21,25.8,427.0,61,I was kind of out on Sasser before the Dallas trade. Now? I might be a liiiittle moved and will be watching this.
367,Isaac Okoro,SG/SF,CHI,2001-01-26,25.5,346.0,-21,Okoro is what he is at this stage in his career. Chicago will use him some but don't expect anything for fantasy.
368,Sion James,SG/SF,CHA,2002-12-04,23.6,343.0,-25,Charlotte has found a potential multi-year role player in Sion James. He's mostly an empty calories/innings eater type.
369,Andre Drummond,C,PHI -> FA,1993-08-10,32.9,325.0,-44,"I don't know how he does it, but Andre Drummond continues to survive and deliver some quality play in philly. "
370,Gary Payton II,PG/SG,GSW -> FA,1992-12-01,33.6,386.0,16,We know what it is with GP2 at this point. Solid IRL rotation guy but he can't do much of anything for fantasy aside from the steals.
371,Jamal Cain,SG/SF,ORL,1999-03-20,27.3,416.0,45,Jamal Cain was genuinely very good for Orlando in the playoffs and has bought himself a few more years in the NBA as an energy guy.
372,Jonas Valančiūnas,C,DEN -> FA,1992-05-06,34.2,320.0,-52,"There is a strong possibility that JV is leaving the NBA this or next year. If he stays, he remains a deep league hold for contenders as Jokic's backup."
373,Jordan Hawkins,SG/SF,NOP,2002-04-29,24.2,366.0,-7,Hawkins is mostly just a 3PT specialist and nothing more. He's mainly just a rotation piece at this point.
374,Kevon Looney,PF/C,NOP -> LAL,1996-02-06,30.4,404.0,30,Kevon Looney is seemingly pretty washed after last year in New Orleans. Not loving him as the primary backup at center if the Knicks lose MitchRob.
375,Jamaree Bouyea,PG/SG,PHO,1999-06-27,27.0,312.0,-63,"Bouyea is locked into the Suns for this next season. Phoenix has a lot of depth, but is there a possible Bouyea breakout here?"
376,Myron Gardner,SF/PF,MIA,2001-05-21,25.1,428.0,52,The Heat always manage to find one of these guys who breaks the undrafted mold. Is Myron Gardner one? He's had some OK moments.
377,Mouhamed Gueye,PF/C,ATL,2002-11-09,23.7,300.0,-77,"Gueye has been a nerd favorite in years' past, but I don't see much for him moving forward unless he takes a jump or is traded."
378,Josh Green,SG/SF,CHA -> MIN,2000-11-16,25.7,384.0,6,"There is a chance Josh Green could play a meaningful role in Minnesota if there's injuries to their other wings, but he's essentially just a cardio guy with little to offer."
379,Jeremy Sochan,SF/PF,NYK -> FA,2003-05-20,23.2,256.0,-123,"Sochan was waived by San Antonio and picked up by New York. He'll have to hope someone takes a cheap flier on him this summer, but it's not looking good."
380,Tyler Kolek,PG/SG,NYK,2001-03-27,25.3,321.0,-59,"In the Pantheon of quirked up white boys, Kolek is decently up there in the NBA section. To date though, he's yet to earn a consistent role with the Knicks."
381,Jarred Vanderbilt,SF/PF/C,LAL,1999-04-03,27.3,388.0,7,"Vanderbilt is a way better IRL player than fantasy, and even then, he's not doing much on either front."
382,Daeqwon Plowden,SG/SF,SAC,1998-08-29,27.9,NEW,NEW,"Plowden showed some real stuff for Sacramento, and I don't think it was just Silly Season stuff. "
383,Matisse Thybulle,SG/SF,POR -> FA,1997-03-04,29.4,358.0,-25,We know who Matisse Thybulle as a defender. Remains to be seen if a contender picks him up.
384,Jaxson Hayes,C,LAL -> UTA,2000-05-23,26.1,370.0,-14,Hayes and Walker Kessler basically swap spots. Hayes will be a backup big to Jusuf Nurkic. I'm hoping there's another trade coming here.
385,Johni Broome,PF/C,PHI,2002-07-19,24.0,335.0,-50,"Broome was a brutal pick for Philly. Didn't like it at the time, makes it even worse as the 4th big behind Embiid, Bona and Hukporti. "
386,Gary Trent Jr.,SG/SF,MIL -> FA,1999-01-18,27.5,354.0,-32,The hope is that Gary Trent Jr. ends up on a decent team that gives him a one-year flier. He might be about done in the NBA.
387,Taurean Prince,SF/PF,MIL -> DET,1994-03-22,32.3,406.0,19,"Prince got traded to Detroit to clear up roster space in Milwaukee. Real chance he plays an actual, albeit small, role."
388,Trendon Watford,PF/C,PHI -> FA,2000-11-09,25.7,352.0,-36,Watford has been a bench piece with occasional flashes this year. Nothing crazy but can pop off and has some good passing to his game.
389,Rayan Rupert,SG/SF,MEM -> PHI,2004-05-31,22.1,399.0,10,Rupert showed some legit flashes at a lot of points in his career. Him and Caleb Love had good synergy in Portland. Could he be something here in Philly?
390,Tristan Vukcevic,PF/C,WAS,2003-03-11,23.3,302.0,-88,"As usual, Vukcevic continues to tease good fantasy play here and there. He may not ever be a full-time NBA player."
391,Terance Mann,SG/SF,BKN,1996-10-18,29.7,328.0,-63,Mann is one of the quintessential master of none who can do a couple things OK. Not much to say about him.
392,Kam Jones,PG/SG,IND -> CHI - MIL,2002-02-25,24.4,295.0,-97,I think it's telling that Indiana was ready to move on from Kam Jones so fast. Milwaukee could be an interesting spot for him.
393,Alijah Martin,SG,TOR,2001-12-26,23.8,395.0,2,"Martin is smaller and lacks a clear high-end NBA skill to make up for size, but his energy and pure athleticism is solid. He got himself a guaranteed deal this summer."
394,Charles Bassey,C,GSW,2000-10-28,25.7,NEW,NEW,He's baaaack. Bassey heads to Golden State where he could potentially snatch a role as a third big.
395,Nae'Qwan Tomlin,PF,CLE,2000-12-10,25.6,375.0,-20,Tomlin really impressed me at Summer League and is starting to break into CLE's rotation a bit. Keep an eye on him.
396,Micah Peavy,SG/SF,NOP,2001-07-16,24.8,394.0,-2,Peavy has some good role player stuff despite being a poor shooter/offensive player to date. Could be something to watch in deep leagues.
397,Dru Smith,SG,MIA,1997-12-30,28.5,434.0,37,"Not much to say here about Dru Smith. Can't shoot, can defend. Don't know how he fits into the equation in Miami."
398,Klay Thompson,SG/SF,DAL,1990-02-08,36.4,350.0,-48,Klay's time in the NBA is nearing its end after a career-worst year. He's just 74 away from overtaking Ray Allen with the 3rd most 3's all-time.
399,Josh Okogie,SG/SF,HOU -> UTA,1998-09-01,24.8,NEW,NEW,An interesting move for Utah as Okogie heads out to SLC with a 2-year deal in hand. Good defender. Could we see him get any run?
400,Ochai Agbaji,SG/SF,BKN -> FA,2000-04-20,26.2,371.0,-29,"Ochai isn't anything special on the court, but we might see him get a one-year minimum and contribute something. Might just be an end-of-bench or G Leaguer."
401,Buddy Hield,SG/SF,ATL,1992-12-17,33.6,376.0,-25,Buddy is mega washed at this point. He shot poorly last season and looks like he has no chance to be anything but salary trade filler in ATL.
402,Aaron Holiday,PG/SG,HOU,1996-09-30,29.8,415.0,13,"The guard room in Houston got pretty deep, but Aaron Holiday has managed to hang around for a bit."
403,Jericho Sims,C,MIL,1998-10-20,27.7,405.0,2,Jericho Sims is buried in Milwaukee and their weird depth chart. Don't see him ever being relevant again.
404,Mike Conley,PG/SG,MIN -> BOS,1987-10-11,38.8,391.0,-13,"Old Man Conley's still kicking, long after the NBA has moved on from his archetype. He ends up in Boston for (probably) one last ride."
405,Rocco Zikarsky,C,MIN,2006-07-11,19.2,327.0,-78,"Rocco needs a ton of time to keep developing, but early G League returns have been pretty good so far. I just don't know if he's ever a full-time NBA player."
406,D'Angelo Russell,PG/SG,WAS -> MEM,1996-02-23,30.4,348.0,-58,DLo is on what might be his last chance to keep the career and name recognition standing. He's been dumped to two different teams so far in 2026.
407,Cam Thomas,SG,FA,2001-10-13,24.8,309.0,-98,"Thomas found his way out of the NBA pretty quickly after being waived by Brooklyn. Get ready to learn Chinese, buddy. "
408,Ariel Hukporti,C,NYK -> PHI,2002-04-11,24.3,430.0,22,Hukporti heads to Philly to be the third big behind Joel Embiid and Adem Bona. He'll get some burn if Embiid gets hurt.
409,Ziaire Williams,SF/PF,BKN -> FA,2001-09-12,24.8,333.0,-76,"Ziaire's time in Brooklyn is coming to an end. The hope is someone desperate like the Lakers give him a shot and he finds a role, but I'm not sure it happens."
410,Zach Collins,PF/C,CHI,1997-11-19,28.6,408.0,-2,"Zach Collins got himself another payday in Chicago, to my surprise. He'll be the third big behind Nic Claxton and Jalen Smith."
411,Pat Spencer,PG/SG,GSW -> PHO,1996-07-04,30.0,347.0,-64,"I love Spencer's landing spot in Phoenix, but can he get some run here with how deep their guard room is?"
412,Kyle Anderson,SF/PF,MIN -> TOR,1993-09-20,32.8,411.0,-1,SloMo heads to Toronto as an end-of-bench piece. Not a ton left in the tank these days.
413,Brooks Barnhizer,SG/SF,OKC,2002-03-02,23.6,368.0,-45,I think Brooks Barnhizer has shown some good fantasy appeal. I don't think he's got a big chance of being a full-time NBA player but there is something here.
414,Jordan Clarkson,PG/SG,NYK,1992-06-07,34.1,393.0,-21,Clarkson played a role for New York this year and got rewarded with a multi-year contract.
415,Julian Reese,PF/C,WAS,2003-06-30,23.0,383.0,-32,Julian Reese has been a Silly Season hero with how he's played for Washington. Could he end up as a longer term deep bench guy?
416,Jaden Ivey,PG/SG,FA,2002-02-13,24.4,299.0,-117,"After the whole Jaden Ivey debacle, the important thing is that he's healthy physically and mentally. A journey back into the NBA is possible."
417,Bronny James,SG,LAL,2004-10-06,21.8,396.0,-21,"Bronny's shown some occasional NBA stuff, but I don't see much for him. Guessing he's traded wherever LeBron goes."
418,Kenrich Williams,PF,OKC,1994-12-02,31.6,437.0,19,"Kenny Hustle returns to OKC with the good vibes. End-of-bench guy at this point, but he's still got some juice."
419,Corey Kispert,SG/SF,ATL,1999-03-03,27.4,319.0,-100,Corey Kispert is running out of time as an NBA player and I don't see much of a relevant role for him in Atlanta moving forward.
420,Ben Sheppard,SG/SF,IND,2001-07-16,25.0,331.0,-89,"Ben Sheppard has showed some stuff here and there for Indiana. Unfortunately, I don't think he's much more than an end-of-bench guy."
421,Javonte Green,SG/SF,DET,1993-07-23,33.0,410.0,-11,Green has played a small role for Detroit almost all year and looked OK doing so. Almost no upside here.
422,Dalton Knecht,SG/SF,LAL,2001-04-19,25.2,380.0,-42,Knecht is arguably one of the worst players in the NBA and his career might be close to over at 25 (his second season).
423,Nick Richards,C,CHI -> FA,1997-11-29,28.6,360.0,-63,Nick Richards has flashed at different spots over the year. I think he's worth a spin on a one-year minimum.
424,Chaz Lanier,SG/SF,DET,2001-12-19,23.8,420.0,-4,Lanier is a pretty meh fantasy player for me. Mostly will just be shooting 3s and not much else. He'll be a better IRL player than a fantasy player. 
425,Vince Williams Jr.,SG/SF/PF,FA,2000-08-30,25.9,308.0,-117,"Vince has had a tough run recently with the trade to Utah, tearing his ACL and getting waived. I'm still hopeful for him breaking back in when healthy."
426,Jonathan Isaac,SF/PF,ORL,1997-10-03,28.8,392.0,-34,Jonathan Isaac was waived and subsequently picked back up in Orlando on a cheap deal. Don't think there's much here.
427,Quenton Jackson,PG/SG,IND,1998-09-15,27.8,397.0,-30,"Jackson has flashed plenty for Indiana over the years. Unfortunately, they're so deep at guard that Jackson is unlikely to ever get his fair shot here."
428,Elijah Harkless,SG,UTA -> DET,2000-02-03,26.4,362.0,-66,I was shocked to find out that Elijah Harkless left Utah and signed a two-way deal with Detroit. He's a sleeper to watch.
429,Alex Toohey,SF/PF,GSW,2004-05-05,21.4,400.0,-29,"Toohey had a bad start to his NBA career following an ACL tear, but I still have hope he can be an NBA player."
430,Jahmai Mashack,SG/SF,MEM,2002-11-10,23.7,441.0,11,Mashack is stuck and buried deep in Memphis. He definitely seems like he could be a legit NBA player.
431,Koby Brea,SG/SF,PHO,2002-11-06,23.7,390.0,-41,"Koby Brea might be a role player that can't do a ton offensively, but he more than makes up for it as a pure 3PT specialist who's shot 43.4% from 3 in his CBB career."
432,Thomas Bryant,C,CLE,1997-07-31,29.0,438.0,6,"We know what it is with Thomas Bryant. Dude is not very good, but as a third big, sure, I guess. "
433,Larry Nance Jr.,PF/C,CLE -> IND,1993-01-01,33.5,449.0,16,Nance heads to Indiana as just a likely locker room guy. Always wondering if he's got any of his vintage game left.
434,Pacome Dadiet,SF/PF,NYK,2005-07-27,21.0,382.0,-52,Pacome Dadiet has yet to show anything yet for the Knicks. The hope is he can be traded and show some signs of life.
435,Trayce Jackson-Davis,PF/C,TOR,2000-02-22,26.4,403.0,-32,TJD has fallen off the map this past year and barely played for either of Toronto or Golden State. Does he still have a shot to be an NBA player?
436,Jonathan Mogbo,PF/C,TOR -> SAC,2001-10-29,24.7,374.0,-62,"I had hopes for Jonathan Mogbo finding a role in the NBA despite being a funky fitting player. Following his waiving from Toronto, I don't see him being a full-time NBA player again. "
437,Cam Whitmore,SF,WAS,2004-07-08,22.0,338.0,-99,Whitmore fell out of favor in Washington this past year and was diagnosed with DVT. He'll have one last year to prove himself as an NBA player. 
438,Jaden Hardy,SG/SF,WAS -> LAL,2002-07-05,24.0,387.0,-51,"Jaden Hardy got sent to LA in the DeAndre Ayton. Before anyone asks: No, I don't think this is a diamond in the rough for the Lakers. "
439,AJ Johnson,PG/SG,DAL -> MEM,2004-12-01,21.6,377.0,-62,"I hate giving up on players we've just barely seen play, but AJ Johnson is unlikely to ever be a full-time NBA player. He still has so much rawness to his game."
440,Kris Murray,SF/PF,POR -> MEM,2000-08-19,25.9,417.0,-23,Murray was just in the Ja Morant trade to make the money work. I don't expect him to play much here (if at all).
441,Jett Howard,SG/SF,ORL -> FA,2003-09-14,22.8,413.0,-28,"If you want to hold out any hope for another second team opportunity guy, maybe Jett Howard can be one. He's struggled to do anything for Orlando."
442,Caleb Martin,SG/SF,DAL,1995-09-28,30.8,424.0,-18,"Caleb Martin has barely played and been bad when he has for Dallas. Another masterful gambit, Nico Harrison."
443,Svi Mykhailuk,SF/PF,UTA,1997-06-10,29.1,365.0,-78,"Svi has flashed pretty often for Utah in his time there, but with Utah gearing up in a big way, I don't see him playing much for them again."
444,Juan Nunez,PG,SAS,2004-06-04,22.1,448.0,4,It remains to be seen if and when Nunez ever comes over. He has had some concerning knee injuries that I'm keeping an eye on.
445,Tre Mann,PG/SG,CHA,2001-02-03,25.4,364.0,-81,"Unfortunately, aura can't save your career. Tre Mann's full-time NBA career is pretty much done."
446,Taelon Peter,SG,IND,2002-02-27,23.6,440.0,-6,Taelon Peter hasn't shown much yet for the Pacers after snagging him in the late 2nd round in 2025. His shooting could get him some looks still.
447,Clint Capela,C,HOU,1994-05-18,32.2,385.0,-62,Clint Capela is mostly just an end-of-bench player at this point (which is wild to say). Not likely to be much in the NBA again.
448,Lonzo Ball,PG/SG,FA,1997-10-27,28.7,349.0,-99,"Lonzo Ball might be done as an NBA player, unfortunately. He has a case for one of the worst players in the NBA playing real minutes last year."
449,Olivier Maxence-Prosper,SF/PF,MEM,2002-07-03,24.0,432.0,-17,OMax flashed some stuff this past season during Silly Season. Not sure he's ever going to be a full-time NBA guy.
450,Jalen Wilson,SF/PF,BKN -> FA,2000-11-04,25.7,426.0,-24,Jalen Wilson will be looking for a new team this summer after Brooklyn declined his QO. 
