bbm_id,nba_stats_id,name,norm_name,team,pos,seasons
7362,,A.J. Hoggard,aj hoggard,TOR,SG,2027-summer
6956,1642358,A.J. Johnson,aj johnson,DAL,PG/SG,2025 2026
6380,1630639,A.J. Lawson,aj lawson,TOR,SG,2025 2026
3920,203932,Aaron Gordon,aaron gordon,DEN,PF/C,2025 2026
5690,1628988,Aaron Holiday,aaron holiday,HOU,PG,2025 2026
6161,1630174,Aaron Nesmith,aaron nesmith,IND,SF/PF,2025 2026
7605,,Aaron Nkrumah,aaron nkrumah,DEN,SF,2027-summer
7329,,Aaron Scott,aaron scott,BKN,SF,2027-summer
6339,1630598,Aaron Wiggins,aaron wiggins,OKC,SG/SF,2025 2026
1907,,Aaron Williams,aaron williams,MIL,C,2027-summer
7176,1642846,Ace Bailey,ace bailey,UTA,SF,2026 2027-summer
7269,,Ace Baldwin Jr.,ace baldwin,ORL,PG,2027-summer
6782,1641745,Adam Flagler,adam flagler,SAC,SG,2025 2027-summer
7390,,Adama Bal,adama bal,MEM,SG,2026
6783,1641766,Adama Sanogo,adama sanogo,FA,C,2025
7438,,Aday Mara,aday mara,OKC,C,2027-summer
6976,1641737,Adem Bona,adem bona,PHI,C,2025 2026
7181,1642876,Adou Thiero,adou thiero,LAL,SF,2026 2027-summer
7574,,Aidan Mahaney,aidan mahaney,MIN,SG,2027-summer
7433,,AJ Dybantsa,aj dybantsa,WAS,SF,2027-summer
6583,1631260,AJ Green,aj green,MIL,PG/SG/SF,2025 2026
6973,1642349,Ajay Mitchell,ajay mitchell,OKC,PG/SG/SF,2025 2026
7453,,AK Okereke,ak okereke,LAL,PF,2027-summer
7569,,Akoi Yuot,akoi yuot,NYK,SF,2027-summer
2730,201143,Al Horford,al horford,GSW,PF/C,2025 2026
3356,202692,Alec Burks,alec burks,MIA,SG,2025
6402,1630828,Alex Antetokounmpo,alex antetokounmpo,MIL,SF,2026
5274,1627936,Alex Caruso,alex caruso,OKC,PG/SG/SF,2025 2026
7104,1642505,Alex Ducas,alex ducas,OKC,PG/SG/SF/PF,2025
7431,,Alex Karaban,alex karaban,SAC,SF,2027-summer
3720,203458,Alex Len,alex len,LAL,C,2025
6596,1631457,Alex Morales,alex morales,ORL,PG,2026 2027-summer
7081,1642024,Alex Reese,alex reese,IND,PF,2025 2027-summer
6935,1642259,Alexandre Sarr,alexandre sarr,WAS,PF/C,2025 2026
7185,1642918,Alijah Martin,alijah martin,TOR,PG/SG,2026
7341,,Aliou Diarra,aliou diarra,POR,SF,2027-summer
7417,,Allen Graves,allen graves,TOR,PF,2027-summer
6556,1631214,Alondes Williams,alondes williams,BOS,SG,2025 2026 2027-summer
6281,1630578,Alperen Sengun,alperen sengun,HOU,PF/C,2025 2026
7536,,Amani Lyles,amani lyles,PHI,SF,2027-summer
7203,1642873,Amari Williams,amari williams,BOS,PF,2026 2027-summer
6732,1641708,Amen Thompson,amen thompson,HOU,PG/SG/SF/PF,2025 2026
6013,1629599,Amir Coffey,amir coffey,PHO,SG/SF/PF,2025 2026
7389,,Andersson Garcia,andersson garcia,UTA,SF,2026 2027-summer
3464,203083,Andre Drummond,andre drummond,PHI,C,2025 2026
6773,1641748,Andre Jackson Jr.,andre jackson,MIL,SG,2025 2026
7314,,Andrew Carr,andrew carr,POR,PF,2027-summer
7520,,Andrew Holifield,andrew holifield,OKC,C,2027-summer
6532,1629614,Andrew Nembhard,andrew nembhard,IND,PG/SG,2025 2026
3957,203952,Andrew Wiggins,andrew wiggins,MIA,SG/SF,2025 2026
5720,1629014,Anfernee Simons,anfernee simons,CHI,PG/SG,2025 2026
6741,1641710,Anthony Black,anthony black,ORL,PG/SG,2025 2026
3640,203076,Anthony Davis,anthony davis,WAS,PF/C,2025 2026
7503,,Anthony Dell'Orso,anthony dellorso,SAC,SG,2027-summer
6147,1630162,Anthony Edwards,anthony edwards,MIN,SG/SF,2025 2026
5519,1630264,Anthony Gill,anthony gill,WAS,PF,2025 2026
7486,,Anthony Pritchard,anthony pritchard,OKC,SG,2027-summer
6987,1641817,Anton Watson,anton watson,LAL,SF,2025 2027-summer
6993,1641810,Antonio Reeves,antonio reeves,CHI,SG,2025 2026 2027-summer
6991,1630574,Ariel Hukporti,ariel hukporti,NYK,C,2025 2026
7038,1642422,Armel Traore,armel traore,FA,SF/PF,2025
7466,,Arnas Sakenis,arnas sakenis,MIA,SF,2027-summer
7259,,Arthur Kaluma,arthur kaluma,LAL,PF,2027-summer
7149,1642854,Asa Newell,asa newell,ATL,PF,2026 2027-summer
6906,,Au'Diese Toney,audiese toney,ORL,SF,2027-summer
6733,1641709,Ausar Thompson,ausar thompson,DET,SG/SF/PF,2025 2026
6330,1630559,Austin Reaves,austin reaves,LAL,PG/SG/SF,2025 2026
6321,1630245,Ayo Dosunmu,ayo dosunmu,MIN,PG/SG/SF,2025 2026
7591,,Aziz Bandaogo,aziz bandaogo,TOR,PF,2027-summer
7504,,B.J. Edwards,bj edwards,SAC,SG,2027-summer
7421,,Baba Miller,baba miller,LAC,SF,2027-summer
5461,1628389,Bam Adebayo,bam adebayo,MIA,PF/C,2025 2026
7563,,Barry Dunning Jr.,barry dunning,POR,SG,2027-summer
7618,,Barry Evans Jr.,barry evans,PHO,SF,2027-summer
7530,,Basheer Jihad,basheer jihad,DET,SF,2027-summer
6963,1631248,Baylor Scheierman,baylor scheierman,BOS,SG,2025 2026
7490,,Ben Humrichous,ben humrichous,BKN,SG,2027-summer
7555,,Ben Middlebrooks,ben middlebrooks,HOU,C,2027-summer
7154,1642879,Ben Saraf,ben saraf,BKN,SG,2026 2027-summer
6768,1641767,Ben Sheppard,ben sheppard,IND,SG/SF,2025 2026
5271,1627732,Ben Simmons,ben simmons,LAC,PG/SG/C,2025
6505,1631097,Bennedict Mathurin,bennedict mathurin,LAC,SG/SF,2025 2026
7392,1642892,Bennett Stirtz,bennett stirtz,OKC,PG,2027-summer
7266,1643016,Bez Mbeng,bez mbeng,UTA,SG,2026 2027-summer
6746,1641731,Bilal Coulibaly,bilal coulibaly,WAS,SG/SF/PF,2025 2026
3353,202687,Bismack Biyombo,bismack biyombo,SAS,C,2025 2026
7037,1642396,Blake Hinson,blake hinson,UTA,SF,2026 2027-summer
6524,1631104,Blake Wesley,blake wesley,POR,PG/SG,2025 2026
5042,1626171,Bobby Portis,bobby portis,MIL,PF/C,2025 2026
6972,1641752,Bobi Klintman,bobi klintman,FA,SF/PF,2025 2026
3904,203992,Bogdan Bogdanovic,bogdan bogdanovic,LAC,SG/SF,2025 2026
7209,,Bogoljub Markovic,bogoljub markovic,MIL,PF,2027-summer
6114,1629626,Bol Bol,bol bol,PHO,PF/C,2025
6293,1630538,Bones Hyland,bones hyland,MIN,PG,2025 2026
7085,1642486,Boo Buie III,boo buie,CHI,PF,2027-summer
7476,,Boopie Miller,boopie miller,MIL,PG,2027-summer
7443,,Braden Smith,braden smith,IND,PG,2027-summer
3439,203078,Bradley Beal,bradley beal,LAC,SG,2025 2026
7077,1642382,Branden Carlson,branden carlson,OKC,C,2025 2026
6742,1641764,Brandin Podziemski,brandin podziemski,GSW,SG/SF,2025 2026
7321,,Brandon Angel,brandon angel,TOR,SF,2027-summer
6314,1630527,Brandon Boston,brandon boston,MIL,SG,2025 2027-summer
6067,1629634,Brandon Clarke,brandon clarke,MEM,SF/PF,2025 2026
5360,1627742,Brandon Ingram,brandon ingram,TOR,SG/SF/PF,2025 2026
6730,1641706,Brandon Miller,brandon miller,CHA,SG/SF/PF,2025 2026
6490,1630314,Brandon Williams,brandon williams,DAL,PG,2025 2026
6430,1630296,Braxton Key,braxton key,GSW,SF,2025
7397,,Brayden Burries,brayden burries,MIL,SG,2027-summer
7482,,Brendan Hausen,brendan hausen,MEM,SG,2027-summer
6743,1641729,Brice Sensabaugh,brice sensabaugh,UTA,SF/PF,2025 2026
7325,,Brice Williams,brice williams,DET,SG,2027-summer
6988,1642355,Bronny James,bronny james,LAL,PG/SG,2025 2026
2846,201572,Brook Lopez,brook lopez,LAC,C,2025 2026
7198,1642964,Brooks Barnhizer,brooks barnhizer,OKC,SG,2026 2027-summer
5685,1628971,Bruce Brown,bruce brown,DEN,PG/SG,2025 2026
7450,,Bruce Thornton,bruce thornton,HOU,PG,2027-summer
6048,1628981,Bruno Fernando,bruno fernando,FA,C,2025
7519,,Bryce Harris,bryce harris,OKC,SF,2027-summer
7402,,Bryce Hopkins,bryce hopkins,DEN,SF,2027-summer
6530,1631121,Bryce McGowens,bryce mcgowens,NOR,SG,2025 2026
7508,,Bryce Thompson,bryce thompson,OKC,SG,2027-summer
6947,1642267,Bub Carrington,bub carrington,WAS,PG,2025 2026
6587,,Buddy Boeheim,buddy boeheim,OKC,SF,2026 2027-summer
5364,1627741,Buddy Hield,buddy hield,ATL,PG/SG/SF,2025 2026
3723,203468,C.J. McCollum,cj mccollum,ATL,PG/SG,2025 2026
6275,1630595,Cade Cunningham,cade cunningham,DET,PG/SG,2025 2026
7301,,Caleb Grill,caleb grill,BOS,PG,2027-summer
6544,1631216,Caleb Houstan,caleb houstan,FA,SF,2025 2026
7226,1631126,Caleb Love,caleb love,POR,PG/SG,2026
6127,1628997,Caleb Martin,caleb martin,DAL,SF,2025 2026
7416,1643410,Caleb Wilson,caleb wilson,CHI,PF,2027-summer
7234,,Cam Carter,cam carter,MIA,SG,2027-summer
6981,1642353,Cam Christie,cam christie,LAC,SG,2025 2026 2027-summer
7516,,Cam Corhen,cam corhen,ATL,PF,2027-summer
6125,1629661,Cam Johnson,cam johnson,DEN,SF/PF,2025 2026
5040,1626166,Cam Payne,cam payne,FA,PG,2025 2026
6109,1629629,Cam Reddish,cam reddish,FA,SG/SF,2025
6986,1642285,Cam Spencer,cam spencer,MEM,PG/SG,2025 2026
6298,1630560,Cam Thomas,cam thomas,FA,SG/SF,2025 2026
6731,1641715,Cam Whitmore,cam whitmore,WAS,SF/PF,2025 2026
7409,,Cameron Boozer,cameron boozer,MEM,PF,2027-summer
7429,,Cameron Carr,cameron carr,LAL,SG,2027-summer
7607,,Cameron Hildreth,cameron hildreth,IND,SG,2027-summer
7310,,Cameron Matthews,cameron matthews,CHA,SF,2027-summer
7317,,Cameron Tyson,cameron tyson,GSW,SG,2027-summer
5425,1627747,Caris LeVert,caris levert,DET,SG/SF,2025 2026
7462,,Carson Cooper,carson cooper,MEM,C,2027-summer
7172,1642868,Carter Bryant,carter bryant,SAS,PF,2026 2027-summer
6736,1641717,Cason Wallace,cason wallace,OKC,PG/SG/SF,2025 2026
7161,1642907,Cedric Coward,cedric coward,MEM,SG,2026 2027-summer
7475,,Chance McMillian,chance mcmillian,GSW,SG,2027-summer
7318,1643052,Chaney Johnson,chaney johnson,BKN,SF,2026 2027-summer
6309,1629646,Charles Bassey,charles bassey,GSW,C,2025 2026
6815,,Charles Bediako,charles bediako,CHI,C,2027-summer
7275,,Chase Hunter,chase hunter,GSW,SG,2027-summer
7510,,Chase Ross,chase ross,LAL,SG,2027-summer
7585,,Chauncey Wiggins,chauncey wiggins,BOS,C,2027-summer
7180,1642404,Chaz Lanier,chaz lanier,DET,SG,2026 2027-summer
6498,1631096,Chet Holmgren,chet holmgren,OKC,PF/C,2025 2026
7526,,Chris Bell,chris bell,NOR,SF,2027-summer
5648,1628449,Chris Boucher,chris boucher,FA,PF,2025 2026
7436,,Chris Cenac,chris cenac,BOS,PF,2027-summer
6303,1630537,Chris Duarte,chris duarte,FA,SG,2025
7311,,Chris Ledlum,chris ledlum,HOU,SG,2027-summer
6779,1641753,Chris Livingston,chris livingston,WAS,SF,2025 2026 2027-summer
7244,1643024,Chris Manon,chris manon,LAL,SG,2026 2027-summer
7575,,Chris Mantis,chris mantis,MIN,SF,2027-summer
2464,101108,Chris Paul,chris paul,FA,PG,2025 2026
7257,1642959,Chris Youngblood,chris youngblood,POR,SG,2026 2027-summer
7394,,Christian Anderson,christian anderson,CHA,PG,2027-summer
6526,1631128,Christian Braun,christian braun,DEN,SG/SF,2025 2026
6540,1631132,Christian Koloko,christian koloko,ATL,C,2025 2026
7320,,Christian Shumate,christian shumate,NOR,SF,2027-summer
7487,,Christoph Tilly,christoph tilly,OKC,C,2027-summer
7227,1642935,Chucky Hepburn,chucky hepburn,TOR,PG,2026 2027-summer
6123,1629643,Chuma Okeke,chuma okeke,FA,PF,2025
7232,1643047,CJ Huntley,cj huntley,PHO,SF/PF,2026
3908,203991,Clint Capela,clint capela,HOU,C,2025 2026
5976,1629632,Coby White,coby white,CHA,PG/SG,2025 2026
5980,1628998,Cody Martin,cody martin,FA,SG/SF/PF,2025 2026
6943,1642262,Cody Williams,cody williams,UTA,SG,2025 2026 2027-summer
6757,1641732,Colby Jones,colby jones,GSW,SG,2025 2026 2027-summer
6162,1630175,Cole Anthony,cole anthony,FA,PG,2025 2026
6579,1631306,Cole Swider,cole swider,FA,SF,2025
7246,,Coleman Hawkins,coleman hawkins,DEN,SF,2027-summer
6785,1630658,Colin Castleton,colin castleton,ORL,C,2025 2026 2027-summer
6559,1631221,Collin Gillespie,collin gillespie,PHO,PG,2025 2026
7174,1642867,Collin Murray-Boyles,collin murray-boyles,TOR,PF/C,2026
5677,1629012,Collin Sexton,collin sexton,CHI,PG/SG,2025 2026
7159,1642843,Cooper Flagg,cooper flagg,DAL,PG/SG/SF,2026
7564,,Corey Camper Jr.,corey camper,PHO,SG,2027-summer
6301,1630557,Corey Kispert,corey kispert,ATL,SG/SF/PF,2025 2026
7531,,Corey Stephenson,corey stephenson,DET,SG,2027-summer
7043,1642504,Cormac Ryan,cormac ryan,MIL,SG,2026 2027-summer
3373,202709,Cory Joseph,cory joseph,ORL,PG,2025
6803,1641854,Craig Porter Jr.,craig porter,CLE,PG,2025 2026
7287,1642938,Curtis Jones,curtis jones,BOS,SG,2026 2027-summer
5048,1626156,D'Angelo Russell,dangelo russell,WAS,PG,2025 2026
6346,1630618,D.J. Carton,dj carton,FA,SG,2025
6366,1630569,D.J. Steward,dj steward,POR,SG,2027-summer
6671,1631342,Daeqwon Plowden,daeqwon plowden,SAC,SG/SF,2025 2026
7410,,Dailyn Swain,dailyn swain,CHI,SG,2027-summer
7261,,Dain Dainja,dain dainja,BKN,SF,2027-summer
6332,1630227,Daishen Nix,daishen nix,HOU,PG,2025 2027-summer
7337,,Dajuan Harris Jr.,dajuan harris,MIN,SG,2027-summer
6337,1630625,Dalano Banton,dalano banton,BOS,PG/SG,2025 2026
6522,1631207,Dalen Terry,dalen terry,PHI,SG/SF,2025 2026
6950,1642261,Dalton Knecht,dalton knecht,LAL,SF,2025 2026
7604,,Damari Monsanto,damari monsanto,WAS,SG,2027-summer
3542,203081,Damian Lillard,damian lillard,MIL,PG,2025
6812,1641878,Damion Baugh,damion baugh,MIN,SG,2025 2027-summer
5249,1627814,Damion Lee,damion lee,PHO,SG,2025
6891,,Dane Goodwin,dane goodwin,CLE,SG,2027-summer
5977,1629655,Daniel Gafford,daniel gafford,DAL,C,2025 2026
4049,1628464,Daniel Theis,daniel theis,FA,C,2025
7076,1642450,Daniss Jenkins,daniss jenkins,DET,PG,2025 2026
7151,1642874,Danny Wolf,danny wolf,BKN,PF,2026 2027-summer
3918,203957,Dante Exum,dante exum,DAL,PG,2025
7534,,Dante Maddox Jr.,dante maddox,PHI,SG,2027-summer
5983,1629610,DaQuan Jeffries,daquan jeffries,FA,SG,2025 2026
7010,,Darin Green,darin green,DAL,SG,2027-summer
3948,203967,Dario Saric,dario saric,FA,C,2025 2026
6745,1641727,Dariq Whitehead,dariq whitehead,MEM,SF,2025 2026
7400,,Darius Acuff,darius acuff,SAC,PG,2027-summer
7053,,Darius Brown II,darius brown,PHO,PG,2026 2027-summer
6112,1629636,Darius Garland,darius garland,LAC,PG,2025 2026
6955,1641747,DaRon Holmes II,daron holmes,DEN,PF/C,2026
7415,,Darryn Peterson,darryn peterson,UTA,SG,2027-summer
6432,1630561,David Duke,david duke,SAS,SG,2025
7479,,David Green,david green,GSW,SG,2027-summer
7028,1642357,David Jones Garcia,david jones garcia,SAS,SF/PF,2026
7139,,David Muoka,david muoka,SAS,C,2027-summer
6527,1631223,David Roddy,david roddy,DEN,PF,2025 2026
7601,,Davide Casarin,davide casarin,HOU,SG,2027-summer
6300,1630558,Davion Mitchell,davion mitchell,MIA,PG,2025 2026
7500,,Davo Hickey,davo hickey,LAL,SG,2027-summer
7584,,Day Day Thomas,day day thomas,BOS,SG,2027-summer
6329,1630549,Day'Ron Sharpe,dayron sharpe,BKN,C,2025 2026
5452,1628368,De'Aaron Fox,deaaron fox,SAS,PG/SG,2025 2026
6047,1629631,De'Andre Hunter,deandre hunter,SAC,SF/PF,2025 2026
5687,1629001,De'Anthony Melton,deanthony melton,GSW,PG/SG,2025 2026
5907,1629731,Dean Wade,dean wade,CLE,PF,2025 2026
5716,1629028,Deandre Ayton,deandre ayton,LAL,C,2025 2026
2841,201599,DeAndre Jordan,deandre jordan,NOR,C,2025 2026
7367,,Deivon Smith,deivon smith,GSW,PG,2027-summer
6415,1630610,DeJon Jarreau,dejon jarreau,DEN,SG,2026 2027-summer
5301,1627749,Dejounte Murray,dejounte murray,NOR,PG/SG,2025 2026
5058,1626153,Delon Wright,delon wright,NYK,PG/SG,2025
3006,201942,DeMar DeRozan,demar derozan,SAC,SF/PF,2025 2026
6154,1630166,Deni Avdija,deni avdija,POR,SG/SF/PF,2025 2026
3674,203471,Dennis Schroder,dennis schroder,CLE,PG/SG,2025 2026
6739,1641726,Dereck Lively II,dereck lively,DAL,C,2025 2026
7165,1642852,Derik Queen,derik queen,NOR,PF/C,2026
5442,1627884,Derrick Jones,derrick jones,LAC,SF/PF,2025 2026
5475,1628401,Derrick White,derrick white,BOS,PG/SG,2025 2026
6164,1630217,Desmond Bane,desmond bane,ORL,SG/SF,2025 2026
7577,,Devin Askew,devin askew,PHO,SG,2027-summer
5002,1626164,Devin Booker,devin booker,PHO,PG/SG/SF,2025 2026
6946,1642269,Devin Carter,devin carter,SAC,PG,2025 2026
7598,,Devin McGlockton,devin mcglockton,MIN,SF,2027-summer
6155,1630170,Devin Vassell,devin vassell,SAS,SG/SF,2025 2026
7098,,Devon Higgs,devon higgs,ATL,SG,2027-summer
5491,1628415,Dillon Brooks,dillon brooks,PHO,SG/SF/PF,2025 2026
6959,1641794,Dillon Jones,dillon jones,NYK,SF,2025 2026 2027-summer
7447,,Dillon Mitchell,dillon mitchell,BOS,SF,2027-summer
7496,,Dion Brown,dion brown,BKN,SG,2027-summer
5433,1627734,Domantas Sabonis,domantas sabonis,SAC,PF/C,2025 2026
6545,1631230,Dominick Barlow,dominick barlow,PHI,SF/PF/C,2025 2026
7524,,Dominique Daniels Jr.,dominique daniels,NOR,SG,2027-summer
7557,,Donovan Atwell,donovan atwell,CHI,SG,2027-summer
6940,1642270,Donovan Clingan,donovan clingan,POR,C,2025 2026
5460,1628378,Donovan Mitchell,donovan mitchell,CLE,PG/SG,2025 2026
6634,,Donovan Williams,donovan williams,MIN,SG,2027-summer
5700,1628978,Donte DiVincenzo,donte divincenzo,MIN,PG/SG,2025 2026
5389,1627827,Dorian Finney-Smith,dorian finney-smith,HOU,SF/PF,2025 2026
3934,203926,Doug McDermott,doug mcdermott,SAC,SF,2025 2026
7527,,Drake Allen,drake allen,DET,SG,2027-summer
7153,1642962,Drake Powell,drake powell,BKN,SG,2026 2027-summer
3487,203110,Draymond Green,draymond green,GSW,PF/C,2025 2026
5767,1629234,Drew Eubanks,drew eubanks,SAC,C,2025 2026
6795,1641809,Drew Peterson,drew peterson,FA,PF,2025 2026
6853,1631166,Drew Timme,drew timme,LAL,PF/C,2025 2026
6376,1630696,Dru Smith,dru smith,MIA,PG/SG,2025 2026
7489,,Duke Brennan,duke brennan,BKN,C,2027-summer
7535,,Duke Miles,duke miles,PHI,SG,2027-summer
5752,1629130,Duncan Robinson,duncan robinson,DET,SG/SF,2025 2026
5851,1641871,Duop Reath,duop reath,FA,C,2025 2026
7291,,Dwight Murray Jr.,dwight murray,BKN,SG,2027-summer
3945,203939,Dwight Powell,dwight powell,DAL,C,2025 2026
7230,1642928,Dylan Cardwell,dylan cardwell,SAC,C,2026 2027-summer
7173,1642844,Dylan Harper,dylan harper,SAS,PG/SG/SF,2026
6503,1630700,Dyson Daniels,dyson daniels,ATL,PG/SG/SF,2025 2026
7620,,E.J. Anosike,ej anosike,DEN,SF,2027-summer
6517,1630604,E.J. Liddell,ej liddell,BKN,PF,2025 2026
7437,,Ebuka Okorie,ebuka okorie,DET,PG,2027-summer
7573,,Efe Abogidi,efe abogidi,DEN,C,2027-summer
7152,1642856,Egor Demin,egor demin,BKN,PG,2026 2027-summer
7072,1641989,EJ Harkless,ej harkless,UTA,SG,2025 2026
3944,203901,Elfrid Payton,elfrid payton,NOR,PG,2025
7292,,Eli N'Diaye,eli ndiaye,ATL,C,2027-summer
7612,,Elias Ralph,elias ralph,SAC,SF,2027-summer
7521,,Elijah Mahi,elijah mahi,OKC,SF,2027-summer
7084,1641801,Emanuel Miller,emanuel miller,SAS,PF,2025 2026 2027-summer
7439,,Emanuel Sharp,emanuel sharp,SAC,SG,2027-summer
6792,1641734,Emoni Bates,emoni bates,CLE,SF,2025
6984,1642402,Enrique Freeman,enrique freeman,MIN,PF,2025 2026 2027-summer
7219,,Eric Dixon,eric dixon,UTA,SF,2027-summer
2828,201569,Eric Gordon,eric gordon,FA,SG/SF,2025 2026
7256,,Erik Reynolds II,erik reynolds,NYK,SG,2027-summer
6820,,Erik Stevenson,erik stevenson,DEN,SG,2027-summer
7463,,Ernest Udeh,ernest udeh,CLE,C,2027-summer
6347,1630679,Ethan Thompson,ethan thompson,IND,SG,2026
6276,1630596,Evan Mobley,evan mobley,CLE,PF/C,2025 2026
7498,,Ezra Ausar,ezra ausar,MIA,SF,2027-summer
7441,,Felix Okpara,felix okpara,WAS,C,2027-summer
7544,,Fletcher Loyer,fletcher loyer,LAC,SG,2027-summer
7587,,Flynn Cameron,flynn cameron,POR,PG,2027-summer
7562,,Frank Fidler,frank fidler,POR,SF,2027-summer
6284,1630532,Franz Wagner,franz wagner,ORL,SF/PF,2025 2026
5356,1627832,Fred VanVleet,fred vanvleet,HOU,PG,2025
6748,1641713,G.G. Jackson,gg jackson,MEM,SF/PF,2025 2026
7265,,Gabe Madsen,gabe madsen,ATL,SF,2027-summer
7068,,Gabe McGlothan,gabe mcglothan,IND,SF,2027-summer
5898,1629216,Gabe Vincent,gabe vincent,ATL,PG,2025 2026
3076,202066,Garrett Temple,garrett temple,TOR,SG,2025 2026
6094,1629726,Garrison Mathews,garrison mathews,FA,SG/SF,2025 2026
3923,203914,Gary Harris,gary harris,MIL,SG,2025 2026
5336,1627780,Gary Payton II,gary payton,GSW,PG/SG,2025 2026
5719,1629018,Gary Trent,gary trent,MIL,SG/SF,2025 2026
5235,1627777,Georges Niang,georges niang,ATL,PF,2025
7568,,Gerald Ayayi,gerald ayayi,PHI,PG,2027-summer
3701,203507,Giannis Antetokounmpo,giannis antetokounmpo,MIL,PF/C,2025 2026
7556,,Giovanni Emejuru,giovanni emejuru,DEN,C,2027-summer
6115,1629048,Goga Bitadze,goga bitadze,ORL,C,2025 2026
6747,1641711,Gradey Dick,gradey dick,TOR,SG/SF,2025 2026
7472,,Graham Ike,graham ike,GSW,SF,2027-summer
7282,,Grant Nelson,grant nelson,FA,PF,2026
6009,1629684,Grant Williams,grant williams,CHA,PF,2025 2026
5724,1628960,Grayson Allen,grayson allen,PHO,PG/SG/SF,2025 2026
5267,1627824,Guerschon Yabusele,guerschon yabusele,CHI,PF/C,2025 2026
6571,1630611,Gui Santos,gui santos,GSW,SF/PF,2025 2026
2592,,Guillermo Diaz,guillermo diaz,DAL,PG,2027-summer
7558,,Hank Morgan,hank morgan,BOS,SF,2027-summer
7396,,Hannes Steinbach,hannes steinbach,CHA,C,2027-summer
6694,,Haowen Guo,haowen guo,SAC,SF,2027-summer
3435,203084,Harrison Barnes,harrison barnes,SAS,SF/PF,2025 2026
6982,1631127,Harrison Ingram,harrison ingram,SAS,SF,2025 2026
7507,,Harry Wessels,harry wessels,SAS,C,2027-summer
7267,,Hason Ward,hason ward,GSW,C,2027-summer
7326,1643060,Hayden Gray,hayden gray,UTA,SG,2026 2027-summer
5899,1629312,Haywood Highsmith,haywood highsmith,PHO,SF/PF,2025 2026
7406,,Henri Veesaar,henri veesaar,ATL,C,2027-summer
6324,1630529,Herb Jones,herb jones,NOR,SG/SF/PF,2025 2026
7596,,Houston Mallette,houston mallette,CHI,PG,2027-summer
7155,1642864,Hugo Gonzalez,hugo gonzalez,BOS,SG,2026 2027-summer
7224,1630621,Hunter Dickinson,hunter dickinson,NOR,C,2026 2027-summer
7225,,Hunter Sallis,hunter sallis,BKN,SF,2026 2027-summer
6781,1641816,Hunter Tyson,hunter tyson,FA,PF,2025 2026
6814,,Hyunjung Lee,hyunjung lee,SAS,SG,2027-summer
7595,,Ian Martinez,ian martinez,CLE,SG,2027-summer
7515,,Ian Schieffelin,ian schieffelin,MIA,SF,2027-summer
7537,,Ibrahim Cisse,ibrahim cisse,PHI,C,2027-summer
7383,,Igor Milicic Jr.,igor milicic,SAS,C,2027-summer
6185,1630193,Immanuel Quickley,immanuel quickley,TOR,PG/SG,2025 2026
7538,,Isaac Johnson,isaac johnson,PHI,SF,2027-summer
7061,1642403,Isaac Jones,isaac jones,DET,PF,2025 2026 2027-summer
7493,,Isaac McKneely,isaac mckneely,ATL,SG,2027-summer
6150,1630171,Isaac Okoro,isaac okoro,CHI,SG/SF,2025 2026
6962,1642268,Isaiah Collier,isaiah collier,UTA,PG/SG,2025 2026
7062,1642384,Isaiah Crawford,isaiah crawford,HOU,SF,2025 2026 2027-summer
7423,,Isaiah Evans,isaiah evans,MIN,SG,2027-summer
5489,1628392,Isaiah Hartenstein,isaiah hartenstein,OKC,C,2025 2026
6305,1630543,Isaiah Jackson,isaiah jackson,LAC,C,2025 2026
6191,1630198,Isaiah Joe,isaiah joe,OKC,PG/SG,2025 2026
6325,1630587,Isaiah Livers,isaiah livers,PHO,PF,2026
6574,,Isaiah Mobley,isaiah mobley,PHI,PF,2025
7036,1641815,Isaiah Stevens,isaiah stevens,SAC,PG,2025 2026 2027-summer
6170,1630191,Isaiah Stewart,isaiah stewart,DET,PF/C,2025 2026
6793,,Isaiah Wong,isaiah wong,ATL,SG,2025 2027-summer
5361,1627826,Ivica Zubac,ivica zubac,IND,C,2025 2026
7442,,Izaiyah Nelson,izaiyah nelson,ORL,PF,2027-summer
7464,,J'Vonne Hadley,jvonne hadley,MIA,SF,2027-summer
6547,1631120,J.D. Davison,jd davison,HOU,PG,2025 2026
6294,1630550,J.T. Thor,jt thor,WAS,PF,2025
6117,1629630,Ja Morant,ja morant,MEM,PG,2025 2026
6952,1642266,Ja'Kobe Walter,jakobe walter,TOR,PG/SG,2025 2026
7449,,Ja'Kobi Gillespie,jakobi gillespie,SAS,PG,2027-summer
7264,,Ja'Vier Francis,javier francis,DAL,SF,2027-summer
6499,1631095,Jabari Smith Jr.,jabari smith,HOU,SF/PF/C,2025 2026
6561,1631133,Jabari Walker,jabari walker,PHI,SF/PF/C,2025 2026
7346,,Jabri Abdur-Rahim,jabri abdur-rahim,OKC,SF,2027-summer
7511,,Jacari White,jacari white,LAL,SG,2027-summer
7474,,Jack Clark,jack clark,GSW,SF,2027-summer
7451,,Jack Kayil,jack kayil,NYK,PG,2027-summer
7105,1629098,Jack McVeigh,jack mcveigh,HOU,PF,2025
7236,,Jacksen Moni,jacksen moni,GSW,C,2027-summer
7019,1642050,Jackson Rowe,jackson rowe,GSW,PF,2025
6797,1631210,Jacob Toppin,jacob toppin,ATL,SF,2025 2026 2027-summer
7330,,Jaden Akins,jaden akins,NYK,SG,2027-summer
7405,,Jaden Bradley,jaden bradley,TOR,PG,2027-summer
6519,1630702,Jaden Hardy,jaden hardy,WAS,PG/SG,2025 2026
7529,,Jaden Henley,jaden henley,DET,SF,2027-summer
6501,1631093,Jaden Ivey,jaden ivey,FA,SG,2025 2026
6188,1630183,Jaden McDaniels,jaden mcdaniels,MIN,SF/PF,2025 2026
6286,1630531,Jaden Springer,jaden springer,DAL,PG,2025 2027-summer
3456,203109,Jae Crowder,jae crowder,SAC,SF/PF,2025
6051,1630256,Jae'Sean Tate,jaesean tate,HOU,SF,2025 2026
5037,1626143,Jahlil Okafor,jahlil okafor,FA,C,2025
7206,1642942,Jahmai Mashack,jahmai mashack,MEM,SG,2026 2027-summer
6189,1630186,Jahmi'us Ramsey,jahmius ramsey,DEN,SG,2027-summer
7069,1642443,Jahmir Young,jahmir young,MIA,PG,2025 2026 2027-summer
7309,,Jahmyl Telfort,jahmyl telfort,LAC,SF,2026 2027-summer
6764,1631170,Jaime Jaquez Jr.,jaime jaquez,MIA,SG/SF/PF,2025 2026
6525,1631222,Jake LaRavia,jake laravia,LAL,PF,2025 2026
6840,,Jake Stephens,jake stephens,PHO,C,2027-summer
5355,1627751,Jakob Poeltl,jakob poeltl,TOR,C,2025 2026
7086,1641779,Jalen Bridges,jalen bridges,POR,SF,2025 2027-summer
5679,1628973,Jalen Brunson,jalen brunson,NYK,PG,2025 2026
7615,,Jalen Celestine,jalen celestine,TOR,PG,2027-summer
6507,1631105,Jalen Duren,jalen duren,DET,C,2025 2026
6280,1630224,Jalen Green,jalen green,PHO,PG/SG,2025 2026
6744,1641720,Jalen Hood-Schifino,jalen hood-schifino,PHI,SG,2025
6295,1630552,Jalen Johnson,jalen johnson,ATL,SF/PF,2025 2026
5981,1629667,Jalen McDaniels,jalen mcdaniels,FA,SF,2025
6784,1629618,Jalen Pickett,jalen pickett,DEN,PG/SG,2025 2026
6770,1641771,Jalen Slawson,jalen slawson,IND,SF,2026 2027-summer
6171,1630188,Jalen Smith,jalen smith,CHI,PF/C,2025 2026
6274,1630591,Jalen Suggs,jalen suggs,ORL,PG,2025 2026
7593,,Jalen Warley,jalen warley,IND,PG,2027-summer
7614,,Jalen Washington,jalen washington,CHI,C,2027-summer
6518,1631114,Jalen Williams,jalen williams,OKC,SG/SF/PF,2025 2026
6780,1630592,Jalen Wilson,jalen wilson,BKN,SF/PF,2025 2026
7523,,Jalon Moore,jalon moore,NOR,SF,2027-summer
6601,1631288,Jamal Cain,jamal cain,ORL,SG/SF,2025 2026
5345,1627750,Jamal Murray,jamal murray,DEN,PG/SG,2025 2026
6980,1642347,Jamal Shead,jamal shead,TOR,PG,2025 2026
6580,1631123,Jamaree Bouyea,jamaree bouyea,PHO,PG,2025 2026
7082,,Jamarion Sharp,jamarion sharp,TOR,C,2027-summer
7009,,Jameer Nelson Jr.,jameer nelson,PHO,PG,2027-summer
3001,201935,James Harden,james harden,CLE,PG/SG,2025 2026
3029,201949,James Johnson,james johnson,IND,PF,2025
6146,1630164,James Wiseman,james wiseman,FA,C,2025 2026
7208,1642364,Jamir Watkins,jamir watkins,WAS,SG,2026 2027-summer
7078,1642419,Jamison Battle,jamison battle,TOR,SF/PF,2025 2026
6734,1641716,Jarace Walker,jarace walker,IND,SF/PF,2025 2026
6292,1630215,Jared Butler,jared butler,PHI,PG/SG,2025
6949,1642272,Jared McCain,jared mccain,OKC,SG,2025 2026
6589,1631197,Jared Rhoden,jared rhoden,TOR,SG,2025
5698,1628991,Jaren Jackson Jr.,jaren jackson,UTA,PF/C,2025 2026
7422,,Jaron Pierre,jaron pierre,NOR,SG,2027-summer
5681,1629020,Jarred Vanderbilt,jarred vanderbilt,LAL,PF,2025 2026
5468,1628386,Jarrett Allen,jarrett allen,CLE,C,2025 2026
7167,1642859,Jase Richardson,jase richardson,ORL,SG,2026 2027-summer
7202,1642914,Javon Small,javon small,MEM,PG,2026 2027-summer
7599,,Javontae Campbell,javontae campbell,PHI,SG,2027-summer
6849,,Javonte Cooke,javonte cooke,PHO,SG,2026 2027-summer
5853,1629750,Javonte Green,javonte green,DET,SG/SF,2025 2026
7278,,Jax Robinson,jax robinson,CLE,SF,2027-summer
7512,,Jaxon Kohler,jaxon kohler,UTA,C,2027-summer
6079,1629637,Jaxson Hayes,jaxson hayes,LAL,C,2025 2026
6369,1630643,Jay Huff,jay huff,IND,C,2025 2026
7469,,Jayden Nunn,jayden nunn,SAS,SG,2027-summer
5266,1627759,Jaylen Brown,jaylen brown,BOS,SG/SF,2025 2026
6786,1641740,Jaylen Clark,jaylen clark,MIN,SG/SF,2025 2026
6796,1641798,Jaylen Martin,jaylen martin,POR,SF,2025 2027-summer
6120,1629669,Jaylen Nowell,jaylen nowell,FA,SG,2025
6688,,Jaylen Sims,jaylen sims,FA,PG/SG,2025
6974,1642377,Jaylen Wells,jaylen wells,MEM,SG/SF,2025 2026
7459,,Jaylin Sellers,jaylin sellers,CHI,PG,2027-summer
6533,1631119,Jaylin Williams,jaylin williams,MIN,PF,2025 2026 2027-summer
6953,1642281,Jaylon Tyson,jaylon tyson,CLE,SG/SF,2025 2026
7388,1643257,Jayson Kent,jayson kent,POR,SF,2026 2027-summer
5450,1628369,Jayson Tatum,jayson tatum,BOS,SF/PF,2025 2026
6807,1641789,Jazian Gortman,jazian gortman,FA,PG,2025
6612,1631466,Jeenathan Williams Jr,jeenathan williams,GSW,SG,2025 2026
6388,1630288,Jeff Dowtin Jr,jeff dowtin,PHI,PG,2025
2724,201145,Jeff Green,jeff green,HOU,PF,2025 2026
3921,203924,Jerami Grant,jerami grant,POR,SF/PF,2025 2026
7164,1642847,Jeremiah Fears,jeremiah fears,NOR,PG,2026
6326,1630526,Jeremiah Robinson-Earl,jeremiah robinson-earl,FA,PF/C,2025 2026
6512,1631110,Jeremy Sochan,jeremy sochan,NYK,PF/C,2025 2026
6334,1630579,Jericho Sims,jericho sims,MIL,C,2025 2026
7059,1642399,Jesse Edwards,jesse edwards,MIL,C,2025 2027-summer
7483,,Jestin Porter,jestin porter,MEM,PG,2027-summer
6750,1641724,Jett Howard,jett howard,ORL,SF,2025 2026
5699,1628975,Jevon Carter,jevon carter,ORL,PG,2025 2026
7484,,Jevon Porter,jevon porter,MEM,SF,2027-summer
3357,202710,Jimmy Butler,jimmy butler,GSW,SF/PF,2025 2026
7163,1642866,Joan Beringer,joan beringer,MIN,PF,2026 2027-summer
5728,1629111,Jock Landale,jock landale,ATL,C,2025 2026
3242,204060,Joe Ingles,joe ingles,MIN,SF,2025 2026
3916,203954,Joel Embiid,joel embiid,PHI,C,2025 2026
6564,,John Butler Jr,john butler,MIL,C,2027-summer
7589,,John Camden,john camden,WAS,SF,2027-summer
5465,1628381,John Collins,john collins,LAC,SF/PF/C,2025 2026
5927,1629723,John Konchar,john konchar,UTA,SG,2025 2026
7308,1642967,John Poulakidas,john poulakidas,DAL,SG,2026 2027-summer
7205,1642910,John Tonje,john tonje,BOS,SG,2026 2027-summer
7299,,John Ukomadu,john ukomadu,BKN,SF,2027-summer
7353,,Johnell Davis,johnell davis,ORL,SG,2027-summer
7199,1641780,Johni Broome,johni broome,PHI,PF,2026 2027-summer
6508,1631098,Johnny Davis,johnny davis,FA,SG,2025
6970,1642277,Johnny Furphy,johnny furphy,IND,SG/SF,2025 2026
6568,1630548,Johnny Juzang,johnny juzang,FA,SG/SF,2025 2026
6007,,Jon Elmore,jon elmore,LAL,PG,2027-summer
7494,,Jonas Aidoo,jonas aidoo,UTA,C,2027-summer
3402,202685,Jonas Valanciunas,jonas valanciunas,DEN,C,2025 2026
5453,1628371,Jonathan Isaac,jonathan isaac,ORL,PF,2025 2026
6289,1630228,Jonathan Kuminga,jonathan kuminga,ATL,PF/C,2025 2026
6967,1642367,Jonathan Mogbo,jonathan mogbo,SAC,PF,2025 2026 2027-summer
3910,203903,Jordan Clarkson,jordan clarkson,NYK,SG/SF,2025 2026
6370,1630692,Jordan Goodwin,jordan goodwin,PHO,PG/SG,2025 2026
6754,1641722,Jordan Hawkins,jordan hawkins,NOR,SG,2025 2026
5803,1629162,Jordan McLaughlin,jordan mclaughlin,SAS,PG,2025 2026
6791,1641757,Jordan Miller,jordan miller,LAC,SF,2025 2026
5936,1629673,Jordan Poole,jordan poole,NOR,PG/SG,2025 2026
7610,,Jordan Riley,jordan riley,NOR,SF,2027-summer
6766,1641775,Jordan Walsh,jordan walsh,BOS,PF,2025 2026
7540,,Jorge Diaz,jorge diaz,DAL,C,2027-summer
6363,1630631,Jose Alvarado,jose alvarado,NYK,PG,2025 2026
6307,1630528,Josh Christopher,josh christopher,MIA,SG,2025
7452,,Josh Dix,josh dix,OKC,SG,2027-summer
6282,1630581,Josh Giddey,josh giddey,CHI,PG/SG,2025 2026
6173,1630182,Josh Green,josh green,CHA,SG/SF,2025 2026
5476,1628404,Josh Hart,josh hart,NYK,SG/SF,2025 2026
6543,1631169,Josh Minott,josh minott,BKN,SF/PF/C,2025 2026
7117,1642490,Josh Oduro,josh oduro,NOR,SF/PF,2026
5701,1629006,Josh Okogie,josh okogie,HOU,SG/SF,2025 2026
5046,1626196,Josh Richardson,josh richardson,FA,PG/SG,2025
7411,,Joshua Jefferson,joshua jefferson,BKN,PF,2027-summer
7579,,Josiah Allick,josiah allick,CHA,SF,2027-summer
3004,201950,Jrue Holiday,jrue holiday,POR,PG/SG,2025 2026
6566,1630577,Julian Champagnie,julian champagnie,SAS,SF/PF,2025 2026
6765,1641763,Julian Phillips,julian phillips,MIN,SF/PF,2025 2026
7242,1642882,Julian Reese,julian reese,WAS,SF,2026 2027-summer
6760,1631124,Julian Strawther,julian strawther,DEN,SG/SF,2025 2026
3946,203944,Julius Randle,julius randle,MIN,PF,2025 2026
6333,1630551,Justin Champagnie,justin champagnie,WAS,SF/PF,2025 2026
5609,1642348,Justin Edwards,justin edwards,PHI,SG/SF/PF,2025 2026
7495,,Justin Harmon,justin harmon,UTA,SG,2027-summer
6631,1631303,Justin Minaya,justin minaya,POR,SF,2025
3939,203994,Jusuf Nurkic,jusuf nurkic,UTA,C,2025 2026
7473,,K.J. Adams,kj adams,GSW,PF,2027-summer
7361,,Kadary Richmond,kadary richmond,WAS,SG,2026 2027-summer
6297,1630539,Kai Jones,kai jones,DAL,C,2025
7182,1642880,Kam Jones,kam jones,MIL,SG,2026 2027-summer
6916,,Kaodirichi Akobundu-Ehiogu,kaodirichi akobundu-ehiogu,DAL,SF,2027-summer
7395,,Karim Lopez,karim lopez,MEM,SF,2027-summer
5052,1626157,Karl-Anthony Towns,karl-anthony towns,NYK,PF/C,2025 2026
6555,1631255,Karlo Matkovic,karlo matkovic,NOR,PF/C,2025 2026
7162,1642857,Kasparas Jakucionis,kasparas jakucionis,MIL,SG,2026 2027-summer
3377,202695,Kawhi Leonard,kawhi leonard,LAC,SF/PF,2025 2026
7430,,Keaton Wagler,keaton wagler,LAC,SG,2027-summer
6400,1630811,Keaton Wallace,keaton wallace,ATL,PG,2025 2026
7549,,Keba Keita,keba keita,IND,C,2027-summer
6502,1631099,Keegan Murray,keegan murray,SAC,SF/PF,2025 2026
7058,1631232,Keion Brooks Jr.,keion brooks,IND,SF,2025 2027-summer
7570,,Keith Palek III,keith palek,NYK,SF,2027-summer
6948,1642276,Kel'el Ware,kelel ware,MIA,PF/C,2025 2026
5902,1629640,Keldon Johnson,keldon johnson,SAS,SG/SF,2025 2026
3677,203482,Kelly Olynyk,kelly olynyk,SAS,C,2025 2026
5039,1626162,Kelly Oubre,kelly oubre,PHI,SF/PF,2025 2026
6535,,Kendall Brown,kendall brown,MIA,SG,2027-summer
6516,,Kennedy Chandler,kennedy chandler,CHI,PG,2026 2027-summer
5856,1629026,Kenrich Williams,kenrich williams,OKC,PF,2025 2026
3689,203484,Kentavious Caldwell-Pope,kentavious caldwell-pope,MEM,SG/SF,2025 2026
6558,1631165,Keon Ellis,keon ellis,CLE,PG/SG,2025 2026
6291,1630553,Keon Johnson,keon johnson,ORL,SG,2025 2027-summer
6995,1642352,Keshad Johnson,keshad johnson,MIA,SF,2025 2026
7358,1642933,Keshon Gilbert,keshon gilbert,ATL,SG,2026 2027-summer
6311,1630556,Kessler Edwards,kessler edwards,DAL,SF/PF,2025
2718,201142,Kevin Durant,kevin durant,HOU,SG/SF/PF,2025 2026
5662,1628989,Kevin Huerter,kevin huerter,DET,SG/SF,2025 2026
5705,1628995,Kevin Knox,kevin knox,GSW,SF/PF,2025
2848,201567,Kevin Love,kevin love,UTA,PF/C,2025 2026
6989,1641755,Kevin McCullar Jr,kevin mccullar,NYK,SF,2025 2026
6113,1629645,Kevin Porter Jr.,kevin porter,MIL,PG/SG,2025 2026
5028,1626172,Kevon Looney,kevon looney,NOR,C,2025 2026
6751,1641718,Keyonte George,keyonte george,UTA,PG,2025 2026
7613,,Keyshawn Bryant,keyshawn bryant,CHI,SF,2027-summer
7465,,Keyshawn Hall,keyshawn hall,MIA,C,2027-summer
7169,1642863,Khaman Maluach,khaman maluach,PHO,C,2026 2027-summer
3551,203114,Khris Middleton,khris middleton,DAL,SF/PF,2025 2026
6153,1630165,Killian Hayes,killian hayes,SAC,PG/SG,2025 2026
7413,1643412,Kingston Flemings,kingston flemings,ATL,PG,2027-summer
6156,1630184,Kira Lewis,kira lewis,POR,PG,2027-summer
6207,1630231,KJ Martin,kj martin,UTA,SF,2025
6977,1642354,KJ Simpson,kj simpson,DEN,PG,2025 2026 2027-summer
3399,202691,Klay Thompson,klay thompson,DAL,SG/SF,2025 2026
7432,,Koa Peat,koa peat,PHO,PF,2027-summer
6767,1641738,Kobe Brown,kobe brown,IND,PF,2025 2026
6738,1641723,Kobe Bufkin,kobe bufkin,NOR,SG,2025 2026 2027-summer
7290,,Kobe Johnson,kobe johnson,ATL,SF,2027-summer
7517,,Kobe Knox,kobe knox,ATL,SF,2027-summer
7210,1642920,Kobe Sanders,kobe sanders,LAC,SG,2026 2027-summer
7477,,Kobe Stewart,kobe stewart,MIL,SG,2027-summer
7207,1642886,Koby Brea,koby brea,PHO,SG,2026 2027-summer
7156,1642851,Kon Knueppel,kon knueppel,CHA,PG/SG/SF,2026
7609,,Kowacie Reeves Jr.,kowacie reeves,IND,SG,2027-summer
5342,1627739,Kris Dunn,kris dunn,LAC,PG/SG,2025 2026
6758,1631200,Kris Murray,kris murray,POR,SF,2025 2026
5043,204001,Kristaps Porzingis,kristaps porzingis,GSW,PF/C,2025 2026
7497,,Kuany Kuany,kuany kuany,MIL,SF,2027-summer
7461,,Kylan Boswell,kylan boswell,CHA,PG,2027-summer
3901,203937,Kyle Anderson,kyle anderson,MIN,SF/PF,2025 2026
6968,1642271,Kyle Filipowski,kyle filipowski,UTA,PF/C,2025 2026
5473,1628398,Kyle Kuzma,kyle kuzma,MIL,SF/PF,2025 2026
2615,200768,Kyle Lowry,kyle lowry,PHI,PG,2025 2026
7022,,Kyle Mangas,kyle mangas,BOS,PG,2027-summer
6930,,Kylor Kelley,kylor kelley,UTA,C,2025 2027-summer
3369,202681,Kyrie Irving,kyrie irving,DAL,PG/SG,2025
6957,1642273,Kyshawn George,kyshawn george,WAS,SG/SF/PF,2025 2026
7245,1643018,L.J. Cryer,lj cryer,GSW,PG,2026 2027-summer
7532,,Labaron Philon Jr.,labaron philon,PHI,SG,2027-summer
7200,1642950,Lachlan Olbrich,lachlan olbrich,GSW,C,2026 2027-summer
7403,,Lajae Jones,lajae jones,GSW,PF,2027-summer
6206,1630205,Lamar Stevens,lamar stevens,MEM,PF,2025
7488,,Lamar Wilkerson,lamar wilkerson,OKC,SF,2027-summer
6145,1630163,LaMelo Ball,lamelo ball,CHA,PG,2025 2026
7295,,Lance Ware,lance ware,NYK,SF,2027-summer
5713,1629013,Landry Shamet,landry shamet,NYK,SG,2025 2026
7571,,Langston Wilson,langston wilson,NYK,SF,2027-summer
5036,1626204,Larry Nance Jr.,larry nance,CLE,PF/C,2025 2026
7611,,Latavious Mitchell,latavious mitchell,DET,SF,2027-summer
7541,,Latrell Wrightsell Jr.,latrell wrightsell,CHA,SG,2027-summer
5454,1628374,Lauri Markkanen,lauri markkanen,UTA,SF/PF,2025 2026
7249,,Lawson Lovering,lawson lovering,MEM,C,2026 2027-summer
6805,1641778,Leaky Black,leaky black,WAS,SF,2026
2011,2544,LeBron James,lebron james,LAL,SF/PF,2025 2026
6737,1631159,Leonard Miller,leonard miller,CHI,SF,2025 2026
6575,1631311,Lester Quinones,lester quinones,ORL,SG,2025 2027-summer
7157,1642862,Liam McNeeley,liam mcneeley,CHA,SF,2026 2027-summer
6929,1641857,Liam Robbins,liam robbins,NYK,C,2025 2027-summer
6496,1630322,Lindy Waters III,lindy waters,SAS,SG/SF,2025 2026
5723,1629022,Lonnie Walker,lonnie walker,PHI,PG/SG,2025
5449,1628366,Lonzo Ball,lonzo ball,FA,PG,2025 2026
5988,1629652,Lu Dort,lu dort,OKC,SG/SF/PF,2025 2026
7576,,Lucas Dufeal,lucas dufeal,DAL,PF,2027-summer
6669,,Lucas Williamson,lucas williamson,MEM,PG/SG,2026
5658,1629029,Luka Doncic,luka doncic,LAL,PG/SG,2025 2026
6336,1630568,Luka Garza,luka garza,BOS,C,2025 2026
7501,,Luke Goode,luke goode,LAL,SF,2027-summer
5459,1628379,Luke Kennard,luke kennard,LAL,PG/SG,2025 2026
5510,1628436,Luke Kornet,luke kornet,SAS,C,2025 2026
6573,1631247,Luke Travers,luke travers,MIL,PF,2025 2026 2027-summer
7608,,M.J. Iraldi,mj iraldi,IND,SF,2027-summer
6357,1630644,Mac McClung,mac mcclung,CHI,SG,2025 2026
6166,1630201,Malachi Flynn,malachi flynn,FA,PG,2025
6909,1641869,Malachi Smith,malachi smith,BKN,SG,2026
6510,1631103,Malaki Branham,malaki branham,CLE,SG,2025 2026 2027-summer
5308,1627763,Malcolm Brogdon,malcolm brogdon,WAS,PG,2025
7047,1642502,Malevy Leons,malevy leons,GSW,SF,2025 2026 2027-summer
5427,1627736,Malik Beasley,malik beasley,DET,SG/SF,2025
7525,,Malik Dia,malik dia,NOR,SF,2027-summer
5458,1628370,Malik Monk,malik monk,SAC,PG/SG,2025 2026
7586,,Malik Reneau,malik reneau,ORL,PF,2027-summer
7592,,Malik Thomas,malik thomas,TOR,SF,2027-summer
6933,,Malik Williams,malik williams,CHI,PF,2027-summer
7426,,Maliq Brown,maliq brown,SAS,PF,2027-summer
7404,,Malique Lewis,malique lewis,MIL,PF,2027-summer
6928,,Marcus Bagley,marcus bagley,PHI,SF,2025
6359,1630585,Marcus Garrett,marcus garrett,FA,SG,2025
6769,1631204,Marcus Sasser,marcus sasser,DET,PG,2025 2026
3949,203935,Marcus Smart,marcus smart,LAL,PG/SG,2025 2026
6520,1630699,MarJon Beauchamp,marjon beauchamp,PHI,SG/SF,2025 2026
7572,,Mark Mitchell Jr.,mark mitchell,DEN,SF,2027-summer
7223,,Mark Sears,mark sears,DEN,PG,2026 2027-summer
6511,1631109,Mark Williams,mark williams,PHO,C,2025 2026
5448,1628365,Markelle Fultz,markelle fultz,FA,PG,2025 2026
3388,202693,Markieff Morris,markieff morris,LAL,PF,2025
6801,,Markquis Nowell,markquis nowell,NOR,SG,2027-summer
7492,,Marquel Sutton,marquel sutton,SAC,SF,2027-summer
5721,1628963,Marvin Bagley III,marvin bagley,DAL,PF/C,2025 2026
6197,1630222,Mason Jones,mason jones,SAC,SG,2025
3675,203486,Mason Plumlee,mason plumlee,SAS,C,2025 2026
6944,1641824,Matas Buzelis,matas buzelis,CHI,SF/PF,2025 2026
5961,1629680,Matisse Thybulle,matisse thybulle,POR,SG/SF,2025 2026
3341,,Matt Rogers,matt rogers,PHI,PF,2027-summer
6459,1630346,Matt Ryan,matt ryan,FA,SF,2025
7285,,Matthew Cleveland,matthew cleveland,UTA,SF,2027-summer
7385,,Matthew Murrell,matthew murrell,DEN,SG,2027-summer
7049,,Max Abmas,max abmas,UTA,SG,2027-summer
6542,1631108,Max Christie,max christie,DAL,SG/SF,2025 2026
7580,,Max Mackinnon,max mackinnon,CHA,SF,2027-summer
7183,1642917,Max Shulga,max shulga,GSW,SG,2026 2027-summer
6076,1629622,Max Strus,max strus,CLE,SG/SF,2025 2026
5649,1628467,Maxi Kleber,maxi kleber,LAL,PF/C,2025 2026
7194,1642875,Maxime Raynaud,maxime raynaud,SAC,C,2026 2027-summer
6756,1641721,Maxwell Lewis,maxwell lewis,BKN,SF,2025
7513,,Meechie Johnson Jr.,meechie johnson,MIA,PG,2027-summer
7401,,Meleek Thomas,meleek thomas,CLE,SG,2027-summer
7566,,Melvin Council Jr.,melvin council,NOR,SG,2027-summer
7522,,Micah Handlogten,micah handlogten,UTA,C,2027-summer
7188,1642877,Micah Peavy,micah peavy,NOR,SG,2026 2027-summer
6360,1630695,Micah Potter,micah potter,IND,PF/C,2025 2026
7460,,Michael Ajayi,michael ajayi,CHA,SF,2027-summer
6546,,Michael Foster,michael foster,HOU,PF,2027-summer
5682,1629008,Michael Porter Jr.,michael porter,BKN,SF/PF,2025 2026
5717,1628969,Mikal Bridges,mikal bridges,NYK,SG/SF/PF,2025 2026
2711,201144,Mike Conley,mike conley,MIN,PG,2025 2026
7617,,Mike Sharavjamts,mike sharavjamts,ORL,SF,2027-summer
7414,,Mikel Brown,mikel brown,BKN,PG,2027-summer
7505,,Miles Barnstable,miles barnstable,SAS,SG,2027-summer
5673,1628970,Miles Bridges,miles bridges,CHA,SF/PF,2025 2026
7218,,Miles Kelly,miles kelly,SAS,SG,2026 2027-summer
6299,1630540,Miles McBride,miles mcbride,NYK,PG/SG,2025 2026
6804,1641936,Miles Norris,miles norris,BOS,PF,2025
7044,,Miller Kopp,miller kopp,HOU,SF,2027-summer
7559,,Milos Uzan,milos uzan,BOS,PG,2027-summer
7344,,Mitch Mascari,mitch mascari,SAC,SG,2027-summer
5706,1629011,Mitchell Robinson,mitchell robinson,NYK,C,2025 2026
5711,1628964,Mo Bamba,mo bamba,FA,C,2025 2026
7211,1642885,Mohamed Diawara,mohamed diawara,NYK,SF,2026 2027-summer
7581,,Mohammad Amini,mohammad amini,BOS,SG,2027-summer
5497,1628420,Monte Morris,monte morris,FA,PG,2025 2026
7435,,Morez Johnson,morez johnson,DAL,PF,2027-summer
5697,1629021,Moritz Wagner,moritz wagner,ORL,C,2025 2026
6022,1629650,Moses Brown,moses brown,FA,C,2025
6283,1630541,Moses Moody,moses moody,GSW,SG/SF,2025 2026
6724,,Mouhamadou Gueye,mouhamadou gueye,CHI,PF,2026
6790,1631243,Mouhamed Gueye,mouhamed gueye,ATL,PF,2025 2026
7284,1630619,Moussa Cisse,moussa cisse,DAL,C,2026
6567,1631217,Moussa Diabate,moussa diabate,CHA,C,2025 2026
5053,1626167,Myles Turner,myles turner,MIL,C,2025 2026
7313,,Mylik Wilson,mylik wilson,PHI,PG,2027-summer
7114,1642066,Myron Gardner,myron gardner,MIA,SF,2026 2027-summer
7064,1642368,N'Faly Dante,nfaly dante,FA,C,2025 2026
7057,1641772,Nae'Qwan Tomlin,naeqwan tomlin,CLE,PF,2025 2026 2027-summer
6195,1630230,Naji Marshall,naji marshall,DAL,SG/SF/PF,2025 2026
7393,,Nate Ament,nate ament,MIL,SF,2027-summer
7560,,Nate Bittle,nate bittle,TOR,C,2027-summer
7485,,Nate Johnson,nate johnson,OKC,SG,2027-summer
7514,,Nate Kingz,nate kingz,MIA,SG,2027-summer
7283,,Nate Santos,nate santos,MIN,SF,2027-summer
6821,,Nathan Mensah,nathan mensah,NOR,PF,2027-summer
5967,1629675,Naz Reid,naz reid,MIN,PF/C,2025 2026
6312,1629674,Neemias Queta,neemias queta,BOS,C,2025 2026
7478,,Nick Boyd,nick boyd,GSW,SG,2027-summer
7553,,Nick Jourdain,nick jourdain,NYK,SF,2027-summer
7419,,Nick Martinelli,nick martinelli,LAC,PF,2027-summer
7583,,Nick Pringle,nick pringle,BOS,SF,2027-summer
6212,1630208,Nick Richards,nick richards,CHI,C,2025 2026
6753,1641733,Nick Smith Jr.,nick smith,LAL,SG,2025 2026
7600,,Nick Townsend,nick townsend,PHI,SF,2027-summer
6080,1629638,Nickeil Alexander-Walker,nickeil alexander-walker,ATL,PG/SG/SF,2025 2026
2810,201587,Nicolas Batum,nicolas batum,LAC,PF,2025 2026
5973,1629651,Nicolas Claxton,nicolas claxton,BKN,C,2025 2026
5525,1628502,Nigel Hayes-Davis,nigel hayes-davis,FA,SF/PF,2026
3930,203999,Nikola Jokic,nikola jokic,DEN,C,2025 2026
6521,1631107,Nikola Jovic,nikola jovic,MIA,PF/C,2025 2026
6945,1642260,Nikola Topic,nikola topic,OKC,PG,2026
3404,202696,Nikola Vucevic,nikola vucevic,BOS,C,2025 2026
7561,,Nimari Burnett,nimari burnett,TOR,SG,2027-summer
7171,1642363,Nique Clifford,nique clifford,SAC,SG,2026 2027-summer
7158,1642855,Noa Essengue,noa essengue,CHI,PF,2026 2027-summer
6740,1641730,Noah Clowney,noah clowney,BKN,PF/C,2025 2026
7196,1642869,Noah Penda,noah penda,ORL,SF,2026 2027-summer
7150,1642849,Nolan Traore,nolan traore,BKN,PG/SG,2026
7276,1641807,Norchad Omier,norchad omier,LAC,PF,2026 2027-summer
5044,1626181,Norman Powell,norman powell,MIA,SG/SF,2025 2026
7588,,Norris Agbakoko,norris agbakoko,WAS,C,2027-summer
5469,1628384,O.G. Anunoby,og anunoby,NYK,SF/PF,2025 2026
6148,1630167,Obi Toppin,obi toppin,IND,PF/C,2025 2026
6513,1630534,Ochai Agbaji,ochai agbaji,BKN,SG/SF,2025 2026
6397,1630846,Olivier Sarr,olivier sarr,CLE,C,2026
6759,1641765,Olivier-Maxence Prosper,olivier-maxence prosper,MEM,PF,2025 2026 2027-summer
6249,1630209,Omer Yurtseven,omer yurtseven,FA,C,2026
6149,1630168,Onyeka Okongwu,onyeka okongwu,ATL,PF/C,2025 2026
6572,1631115,Orlando Robinson,orlando robinson,UTA,C,2025 2026 2027-summer
7590,,Orlando Thomas,orlando thomas,DET,SG,2027-summer
7237,,Osayi Osifo,osayi osifo,DEN,SF,2027-summer
7554,,Oscar Cluff,oscar cluff,HOU,C,2027-summer
6806,1631131,Oscar Tshiebwe,oscar tshiebwe,UTA,C,2025 2026
6016,1629052,Oshae Brissett,oshae brissett,FA,SF,2025
6975,1642345,Oso Ighodaro,oso ighodaro,PHO,PF/C,2025 2026
7425,,Otega Oweh,otega oweh,OKC,SG,2027-summer
6509,1631172,Ousmane Dieng,ousmane dieng,MIL,PF/C,2025 2026
7551,,Oziyah Sellers,oziyah sellers,NYK,SF,2027-summer
5596,1628408,P.J. Dozier,pj dozier,FA,SG,2025
2643,200782,P.J. Tucker,pj tucker,NYK,SF,2025
6958,1642359,Pacome Dadiet,pacome dadiet,NYK,SG,2025 2026 2027-summer
6500,1631094,Paolo Banchero,paolo banchero,ORL,PF,2025 2026
5354,1627783,Pascal Siakam,pascal siakam,IND,SF/PF/C,2025 2026
5006,1626192,Pat Connaughton,pat connaughton,CHA,SG/SF,2025 2026
6678,1630311,Pat Spencer,pat spencer,GSW,PG,2025 2026
6536,1631116,Patrick Baldwin,patrick baldwin,SAC,SF,2025 2026
6158,1630172,Patrick Williams,patrick williams,CHI,SF/PF,2025 2026
3040,201988,Patty Mills,patty mills,LAC,PG,2025
3111,202331,Paul George,paul george,PHI,SF/PF,2025 2026
6193,1630194,Paul Reed,paul reed,DET,C,2025 2026
6184,1630202,Payton Pritchard,payton pritchard,BOS,PG,2025 2026
7387,1642362,Payton Sandfort,payton sandfort,OKC,SF,2026 2027-summer
6979,1641796,Pelle Larsson,pelle larsson,MIA,SG/SF,2025 2026
6860,1631250,Pete Nance,pete nance,MIL,PF,2025 2026 2027-summer
7454,,Peter Suder,peter suder,LAL,SG,2027-summer
6531,1631212,Peyton Watson,peyton watson,DEN,SG/SF/PF,2025 2026
6850,,Phillip Wheeler,phillip wheeler,ORL,SF,2025 2027-summer
7067,1641790,PJ Hall,pj hall,CHA,C,2025 2026
6111,1629023,PJ Washington,pj washington,DAL,SF/PF/C,2025 2026
6163,1630173,Precious Achiuwa,precious achiuwa,SAC,PF/C,2025 2026
7456,,Quadir Copeland,quadir copeland,HOU,PG,2027-summer
6322,1629656,Quentin Grimes,quentin grimes,PHI,SG/SF,2025 2026
6658,1631245,Quenton Jackson,quenton jackson,IND,PG,2025 2026
7021,1642439,Quincy Olivari,quincy olivari,POR,PG,2025 2027-summer
6985,1642366,Quinten Post,quinten post,GSW,PF/C,2025 2026
6057,1629628,R.J. Barrett,rj barrett,TOR,SG/SF/PF,2025 2026
7241,,R.J. Davis,rj davis,SAS,PG,2027-summer
7468,,R.J. Melendez,rj melendez,SAS,SF,2027-summer
6381,1630612,R.J. Nembhard Jr.,rj nembhard,WAS,SG,2027-summer
7457,,Rafael Castro,rafael castro,MIL,C,2027-summer
7545,,Rashaun Agee,rashaun agee,CLE,SF,2027-summer
7193,1642853,Rasheer Fleming,rasheer fleming,PHO,PF,2026 2027-summer
6761,1641712,Rayan Rupert,rayan rupert,MEM,SG,2025 2026
7071,1642484,RayJ Dennis,rayj dennis,ATL,PG,2025 2026 2027-summer
7004,1641736,Reece Beekman,reece beekman,WAS,PG,2025 2027-summer
7597,,Reed Bailey,reed bailey,PHO,SF,2027-summer
6936,1642263,Reed Sheppard,reed sheppard,HOU,PG/SG,2025 2026
7480,,Reese Waters,reese waters,GSW,SG,2027-summer
3370,202704,Reggie Jackson,reggie jackson,FA,PG,2025
5021,1626158,Richaun Holmes,richaun holmes,WAS,PF/C,2025
6776,1641741,Ricky Council IV,ricky council,ORL,SF,2025 2027-summer
7548,,Rienk Mast,rienk mast,IND,C,2027-summer
7543,,Riley Kugel,riley kugel,LAC,SG,2027-summer
7011,1642434,Riley Minix,riley minix,CLE,SF,2025 2026 2027-summer
6941,1642265,Rob Dillingham,rob dillingham,CHI,PG,2025 2026
7509,,Robbie Avila,robbie avila,LAL,C,2027-summer
7471,,Robert McCray V,robert mccray v,LAL,SG,2027-summer
5668,1629057,Robert Williams,robert williams,POR,C,2025 2026
7195,1642911,Rocco Zikarsky,rocco zikarsky,MIN,C,2026 2027-summer
7528,,Roddy Gayle Jr.,roddy gayle,DET,SF,2027-summer
6554,1631199,Ron Harper Jr.,ron harper,BOS,SF,2025 2026
6938,1641842,Ron Holland,ron holland,DET,SF/PF,2025 2026
5105,1626220,Royce O'Neale,royce oneale,PHO,SF/PF,2025 2026
3729,203497,Rudy Gobert,rudy gobert,MIN,C,2025 2026
6032,1629060,Rui Hachimura,rui hachimura,LAL,PF,2025 2026
2872,201566,Russell Westbrook,russell westbrook,SAC,PG/SG,2025 2026
7440,,Ryan Conwell,ryan conwell,MIA,SG,2027-summer
6961,1642346,Ryan Dunn,ryan dunn,PHO,SF/PF,2025 2026
7192,1641750,Ryan Kalkbrenner,ryan kalkbrenner,CHA,C,2026 2027-summer
7231,1642948,Ryan Nembhard,ryan nembhard,DAL,PG,2026 2027-summer
6537,1631157,Ryan Rollins,ryan rollins,MIL,PG/SG,2025 2026
7621,,Rylan Griffen,rylan griffen,DEN,SF,2027-summer
6159,1630180,Saddiq Bey,saddiq bey,NOR,SF/PF,2026
7288,,Saint Thomas,saint thomas,PHI,SF,2027-summer
7518,,Sam Alexis,sam alexis,OKC,SF,2027-summer
6345,1630573,Sam Hauser,sam hauser,BOS,SF/PF,2025 2026
7565,,Sam Hoiberg,sam hoiberg,PHO,SG,2027-summer
6181,1630241,Sam Merrill,sam merrill,CLE,SG/SF,2025 2026
6328,1630572,Sandro Mamukelashvili,sandro mamukelashvili,TOR,PF/C,2025 2026
6327,1630583,Santi Aldama,santi aldama,MEM,PF/C,2025 2026
6729,1630703,Scoot Henderson,scoot henderson,POR,PG,2025 2026
6285,1630567,Scottie Barnes,scottie barnes,TOR,SF/PF/C,2025 2026
6565,1630590,Scotty Pippen Jr.,scotty pippen,MEM,PG,2025 2026
7026,,Sean East,sean east,CLE,PG,2027-summer
7316,1642951,Sean Pedulla,sean pedulla,LAC,PG,2026 2027-summer
7398,,Sergio De Larrea,sergio de larrea,DAL,PG,2027-summer
3863,203552,Seth Curry,seth curry,GSW,SG,2025 2026
6772,1641754,Seth Lundy,seth lundy,TOR,SF,2027-summer
7542,,Seth Trimble,seth trimble,WAS,PG,2027-summer
6504,1631101,Shaedon Sharpe,shaedon sharpe,POR,SG/SF,2025 2026
5693,1628983,Shai Gilgeous-Alexander,shai gilgeous-alexander,OKC,PG,2025 2026
5714,1629003,Shake Milton,shake milton,LAL,SG,2025
6288,1630536,Sharife Cooper,sharife cooper,WAS,PG,2026
6749,1631321,Sidy Cissoko,sidy cissoko,POR,SF,2025 2026
6718,1631323,Simone Fontecchio,simone fontecchio,MIA,SF/PF,2025 2026
7184,1642883,Sion James,sion james,CHA,SG,2026 2027-summer
5351,,Skal Labissiere,skal labissiere,FA,PF/C,2025 2026
7578,,Solomon Washington,solomon washington,NOR,SF,2027-summer
3914,203915,Spencer Dinwiddie,spencer dinwiddie,DAL,PG/SG,2025
7080,1642461,Spencer Jones,spencer jones,DEN,SF/PF,2025 2026
6657,1630649,Stanley Umude,stanley umude,FA,SG,2025 2026
2999,201939,Stephen Curry,stephen curry,GSW,PG,2025 2026
6937,1642264,Stephon Castle,stephon castle,SAS,PG/SG,2025 2026
7262,,Steve Settle,steve settle,GSW,SF,2027-summer
3711,203500,Steven Adams,steven adams,HOU,C,2025 2026
7279,,Steven Ashworth,steven ashworth,OKC,SG,2027-summer
7334,,Steven Crowl,steven crowl,DET,C,2027-summer
7602,,Stevie Mitchell,stevie mitchell,HOU,SG,2027-summer
5695,1629004,Svi Mykhailiuk,svi mykhailiuk,UTA,SF,2025 2026
7281,,T.J. Bamba,tj bamba,DEN,SF,2027-summer
5098,204456,T.J. McConnell,tj mcconnell,IND,PG,2025 2026
7212,1643007,Taelon Peter,taelon peter,IND,SG,2026 2027-summer
6823,,Taevion Kinsey,taevion kinsey,IND,SG,2027-summer
3011,201959,Taj Gibson,taj gibson,MEM,C,2025 2026
6116,1629659,Talen Horton-Tucker,talen horton-tucker,CHI,SG,2025
7229,1642926,Tamar Bates,tamar bates,UTA,SG,2027-summer
7547,,Tamin Lipsey,tamin lipsey,IND,SG,2027-summer
6514,1631106,Tari Eason,tari eason,HOU,SF/PF,2025 2026
7467,,Tarris Reed Jr.,tarris reed,SAS,PF,2027-summer
5412,1627752,Taurean Prince,taurean prince,MIL,SG/SF,2025 2026
7533,,Taye Fields,taye fields,PHI,SG,2027-summer
6735,1641707,Taylor Hendricks,taylor hendricks,MEM,PF,2025 2026 2027-summer
6673,1631386,Taze Moore,taze moore,FA,SG,2025
6015,1629611,Terance Mann,terance mann,BKN,PG/SG/SF,2025 2026
6049,1629056,Terence Davis,terence davis,SAC,SG,2025
6643,,Terrell Brown Jr.,terrell brown,CHA,SG,2027-summer
6960,1630545,Terrence Shannon Jr.,terrence shannon,MIN,SG/SF/PF,2025 2026
5047,1626179,Terry Rozier,terry rozier,MIA,PG,2025
6354,1630678,Terry Taylor,terry taylor,FA,PF,2025
3902,203648,Thanasis Antetokounmpo,thanasis antetokounmpo,MIL,SF,2026
7606,,Themus Fulks,themus fulks,LAC,SG,2027-summer
5488,1628418,Thomas Bryant,thomas bryant,CLE,C,2025 2026
6939,1642275,Tidjane Salaun,tidjane salaun,CHA,PF,2025 2026 2027-summer
3709,203501,Tim Hardaway Jr.,tim hardaway,DEN,SG/SF,2025 2026
7458,,Tobe Awaka,tobe awaka,CHI,PF,2027-summer
7446,,Tobi Lawal,tobi lawal,DAL,PF,2027-summer
3367,202699,Tobias Harris,tobias harris,DET,PF,2025 2026
7391,,Toby Okani,toby okani,NYK,SF,2026 2027-summer
7074,1642449,Tolu Smith,tolu smith,DET,PF,2025 2026
5474,1628396,Tony Bradley,tony bradley,ATL,C,2025 2026
5577,1628470,Torrey Craig,torrey craig,BOS,SF,2025
6901,1641787,Tosan Evbuomwan,tosan evbuomwan,CHA,SF,2025 2026
6775,1641739,Toumani Camara,toumani camara,POR,PF/C,2025 2026
5664,1629027,Trae Young,trae young,WAS,PG,2025 2026
7619,,Tramon Mark,tramon mark,PHO,PG,2027-summer
6771,1631218,Trayce Jackson-Davis,trayce jackson-davis,TOR,C,2025 2026
7603,,Tre Carroll,tre carroll,WAS,C,2027-summer
7455,,Tre Donaldson,tre donaldson,MIA,PF,2027-summer
7616,,Tre Holloman,tre holloman,ORL,PG,2027-summer
7177,1642848,Tre Johnson,tre johnson,WAS,SG,2026 2027-summer
6165,1630200,Tre Jones,tre jones,CHI,PG,2025 2026
6302,1630544,Tre Mann,tre mann,CHA,PG,2025 2026
6266,1630286,Tre Scott,tre scott,BKN,PF,2026
7499,,Tre White,tre white,MIA,SF,2027-summer
7594,,Tre'von Spillers,trevon spillers,CLE,SF,2027-summer
6365,1630570,Trendon Watford,trendon watford,PHI,PG/SG/PF,2025 2026
7142,1642280,Trentyn Flowers,trentyn flowers,FA,SF,2025 2026
6211,1630243,Trevelin Queen,trevelin queen,ORL,SG,2025
7407,,Trevon Brazile,trevon brazile,DEN,PF,2027-summer
6528,1631211,Trevor Keels,trevor keels,MIA,SG,2026 2027-summer
7030,1641725,Trey Alexander,trey alexander,UTA,SG,2025 2026 2027-summer
6868,1641998,Trey Jemison,trey jemison,NYK,C,2025 2026
7428,,Trey Kaufman-Renn,trey kaufman-renn,MIN,PF,2027-summer
5029,1626168,Trey Lyles,trey lyles,SAC,PF,2025
6290,1630530,Trey Murphy,trey murphy,NOR,SG/SF/PF,2025 2026
7552,,Treysen Eaglestaff,treysen eaglestaff,NYK,SF,2027-summer
6964,1641783,Tristan da Silva,tristan da silva,ORL,SF/PF,2025 2026
7113,1642400,Tristan Enaruna,tristan enaruna,CLE,SF,2026 2027-summer
3400,202684,Tristan Thompson,tristan thompson,CLE,PF/C,2025
6763,1641774,Tristan Vukcevic,tristan vukcevic,WAS,C,2025 2026
6983,1641803,Tristen Newton,tristen newton,HOU,SG,2025 2026 2027-summer
7582,,Tucker DeVries,tucker devries,BOS,SG,2027-summer
6124,1629660,Ty Jerome,ty jerome,MEM,SG/SF,2025 2026
7420,1643548,Tyler Bilodeau,tyler bilodeau,BKN,PF,2027-summer
7271,,Tyler Burton,tyler burton,MEM,SF,2026 2027-summer
5913,1629639,Tyler Herro,tyler herro,MIA,PG/SG,2025 2026
6969,1642278,Tyler Kolek,tyler kolek,NYK,PG,2025 2026
7445,,Tyler Nickel,tyler nickel,NYK,PF,2027-summer
6992,1641890,Tyler Smith,tyler smith,DAL,PF,2025 2026 2027-summer
7506,,Tyon Grant-Foster,tyon grant-foster,SAS,SF,2027-summer
7305,,Tyreke Key,tyreke key,TOR,PG,2027-summer
6152,1630169,Tyrese Haliburton,tyrese haliburton,IND,PG/SG,2025
6560,1631213,Tyrese Martin,tyrese martin,PHI,SG,2025 2026
6160,1630178,Tyrese Maxey,tyrese maxey,PHI,PG/SG,2025 2026
7186,1642878,Tyrese Proctor,tyrese proctor,CLE,PG/SG,2026
7304,,Tyson Degenhart,tyson degenhart,TOR,SF,2027-summer
6662,1630623,Tyson Etienne,tyson etienne,BKN,PG/SG,2025 2026
6515,1631102,TyTy Washington,tyty washington,ORL,PG,2025 2026 2027-summer
5025,1626145,Tyus Jones,tyus jones,DEN,PG,2025 2026
7448,,Ugonna Onyenso,ugonna onyenso,DET,C,2027-summer
6990,1642279,Ulrich Chomche,ulrich chomche,TOR,SF/PF,2025
3937,203995,Vasilije Micic,vasilije micic,PHO,PG/SG,2025
6728,1641705,Victor Wembanyama,victor wembanyama,SAS,C,2025 2026
7502,,Viktor Lakhin,viktor lakhin,SAC,SF,2027-summer
6586,1631246,Vince Williams Jr.,vince williams,FA,PG/SG/SF,2025 2026
6242,1630249,Vit Krejci,vit krejci,POR,PG/SG/SF,2025 2026
7168,1642845,VJ Edgecombe,vj edgecombe,PHI,SG,2026
7220,1642884,Vladislav Goldin,vladislav goldin,MIA,C,2026 2027-summer
5495,1628427,Vlatko Cancar,vlatko cancar,DEN,PF,2025
7427,,Vsevolod Ishchenko,vsevolod ishchenko,DAL,SG,2027-summer
7333,,Wade Taylor IV,wade taylor,GSW,SG,2027-summer
6523,1631117,Walker Kessler,walker kessler,UTA,C,2025 2026
7175,1642383,Walter Clayton,walter clayton,MEM,PG/SG,2026
5675,1628976,Wendell Carter Jr.,wendell carter,ORL,C,2025 2026
6534,1631111,Wendell Moore Jr,wendell moore,DET,SG/SF,2025 2026
7097,,Will Baker,will baker,ORL,C,2027-summer
7550,,Will Johnston,will johnston,NYK,SG,2027-summer
7187,1642954,Will Richard,will richard,GSW,SG,2026 2027-summer
7178,1642860,Will Riley,will riley,WAS,SF,2026 2027-summer
7470,,William Kyle III,william kyle,LAL,C,2027-summer
7567,,Wyatt Fricks,wyatt fricks,CHA,SF,2027-summer
7546,,Xaivian Lee,xaivian lee,CLE,SG,2027-summer
6168,1630214,Xavier Tillman,xavier tillman,CHA,C,2025 2026
7189,1642905,Yang Hansen,yang hansen,POR,C,2026 2027-summer
7160,1642949,Yanic Konan Niederhauser,yanic konan niederhauser,LAC,SF/PF/C,2026
7399,,Yaxel Lendeborg,yaxel lendeborg,GSW,SF,2027-summer
7102,1642385,Yongxi Cui,yongxi cui,FA,SG,2025
7144,1642530,Yuki Kawamura,yuki kawamura,IND,PG,2025 2026 2027-summer
6827,,Yuri Collins,yuri collins,FA,PG,2025
6954,1642274,Yves Missi,yves missi,NOR,PF/C,2025 2026
6934,1642258,Zaccharie Risacher,zaccharie risacher,ATL,SF,2025 2026
7481,,Zach Cleveland,zach cleveland,MEM,SF,2027-summer
5457,1628380,Zach Collins,zach collins,CHI,PF/C,2025 2026
6942,1641744,Zach Edey,zach edey,MEM,C,2025 2026
7355,,Zach Freemantle,zach freemantle,LAC,SF,2027-summer
3932,203897,Zach LaVine,zach lavine,SAC,SG/SF,2025 2026
7252,,Zack Austin,zack austin,MIL,SF,2027-summer
7300,,Zakai Zeigler,zakai zeigler,SAS,SG,2027-summer
7359,,Zeke Mayo,zeke mayo,ATL,SG,2027-summer
6180,1630192,Zeke Nnaji,zeke nnaji,DEN,PF/C,2025 2026
5712,,Zhaire Smith,zhaire smith,LAL,SG,2027-summer
6308,1630533,Ziaire Williams,ziaire williams,BKN,SG/SF,2025 2026
6121,1629627,Zion Williamson,zion williamson,NOR,SF/PF,2025 2026
7434,,Zuby Ejiofor,zuby ejiofor,ATL,PF,2027-summer
6996,1642389,Zyon Pullin,zyon pullin,MIN,SG,2025 2026 2027-summer
