norm_name,display_name,source,current_id,espn_id,espn_name,espn_dob,espn_league,confidence,status,note
aamir simms,Aamir Simms,sl-row,sl-1630603,4277835,Aamir Simms,1999-02-17,mens-college-basketball,exact,pending,
aaron estrada,Aaron Estrada,sl-row,sl-1642401,4593385,Aaron Estrada,2001-02-03,mens-college-basketball,exact,pending,
aaron henry,Aaron Henry,sl-row,sl-1630565,4397209,Aaron Henry,1999-08-30,mens-college-basketball,exact,pending,
aaron nkrumah,Aaron Nkrumah,sl-row,sl-1643635,5182573,Aaron Nkrumah,2001-11-26,mens-college-basketball,exact,pending,
aaron scott,Aaron Scott,sl-row,sl-1643058,,,,,multiple,pending,"4 athletes share this name — pick one: 4897517 (2003-07-11, mens-college-basketball) | 32125 (no dob, mens-college-basketball) | 4403400 (no dob, mens-college-basketball) | 4602977 (no dob, mens-college-basketball)"
aaron wheeler,Aaron Wheeler,sl-row,sl-1631290,,,,,multiple,pending,"2 athletes share this name — pick one: 4277982 (1998-09-24, mens-college-basketball) | 3129907 (no dob, mens-college-basketball)"
aaron williams,Aaron Williams,sl-row,sl-1643244,,,,,multiple,pending,"3 athletes share this name — pick one: 17065 (2003-10-21, mens-college-basketball) | 3160180 (no dob, mens-college-basketball) | 3151472 (no dob, mens-college-basketball)"
ace baldwin,Ace Baldwin Jr.,sl-row,sl-1643131,4433182,Ace Baldwin Jr.,2001-06-07,mens-college-basketball,exact,pending,
aday mara,Aday Mara,sl-row+dynasty-rookie,sl-1643530,5174983,Aday Mara,2005-04-07,mens-college-basketball,exact,pending,
aidan mahaney,Aidan Mahaney,sl-row,sl-1643631,4684628,Aidan Mahaney,2003-08-03,mens-college-basketball,exact,pending,
aj dybantsa,AJ Dybantsa,sl-row+dynasty-rookie,sl-1643407,5142718,AJ Dybantsa,2007-01-29,mens-college-basketball,exact,pending,
aj hoggard,AJ Hoggard,sl-row,sl-1643101,4432206,AJ Hoggard,2000-09-25,mens-college-basketball,exact,pending,
ak okereke,AK Okereke,sl-row,sl-1643758,5114350,AK Okereke,2003-07-02,mens-college-basketball,exact,pending,
akoi yuot,Akoi Yuot,sl-row,sl-27948,,,,,unresolved,pending,no ESPN athlete matched this name — set espn_id by hand and mark approved
alex karaban,Alex Karaban,sl-row+dynasty-rookie,sl-1642284,4917149,Alex Karaban,2002-11-11,mens-college-basketball,exact,pending,
aliou diarra,Aliou Diarra,sl-row,sl-1641922,,,,,unresolved,pending,no ESPN athlete matched this name — set espn_id by hand and mark approved
allen graves,Allen Graves,sl-row+dynasty-rookie,sl-1643512,5149115,Allen Graves,2006-07-28,mens-college-basketball,exact,pending,
amani lyles,Amani Lyles,sl-row,sl-27939,5108060,Amani Lyles,2003-01-01,mens-college-basketball,exact,pending,
andrew carr,Andrew Carr,sl-row,sl-1642972,4702743,Andrew Carr,2002-02-01,mens-college-basketball,exact,pending,
andrew holifield,Andrew Holifield,sl-row,sl-27918,5116468,Andrew Holifield,2004-02-02,mens-college-basketball,exact,pending,
anthony dellorso,Anthony Dell'Orso,sl-row,sl-27901,5108141,Anthony Dell'Orso,2003-07-24,mens-college-basketball,exact,pending,
anthony pritchard,Anthony Pritchard,sl-row,sl-1643208,4897155,Anthony Pritchard,2003-05-06,mens-college-basketball,exact,pending,
arnas sakenis,Arnas Sakenis,sl-row,sl-1643728,5107655,Arnas Sakenis,2004-01-01,mens-college-basketball,exact,pending,
arthur kaluma,Arthur Kaluma,sl-row,sl-1641751,4433599,Arthur Kaluma,2002-03-01,mens-college-basketball,exact,pending,
audiese toney,Au'Diese Toney,sl-row,sl-1631421,4395671,Au'Diese Toney,1999-11-12,mens-college-basketball,exact,pending,
aziz bandaogo,Aziz Bandaogo,sl-row,sl-1643701,4703576,Aziz Bandaogo,2001-01-18,mens-college-basketball,exact,pending,
bj edwards,B.J. Edwards,sl-row,sl-1643577,5105552,B.J. Edwards,2002-11-02,mens-college-basketball,exact,pending,duplicate name resolved by roster DOB 2002-11-02
baba miller,Baba Miller,sl-row+dynasty-rookie,sl-1642394,5075626,Baba Miller,2004-02-07,mens-college-basketball,exact,pending,
barry dunning,Barry Dunning Jr.,sl-row,sl-27904,4683675,Barry Dunning Jr.,2003-10-26,mens-college-basketball,exact,pending,
barry evans,Barry Evans,sl-row,sl-27931,,,,,multiple,pending,"3 athletes share this name — pick one: 5105987 (2002-09-19, mens-college-basketball) | 17606 (2003-12-01, mens-college-basketball) | 34955 (no dob, mens-college-basketball)"
basheer jihad,Basheer Jihad,sl-row,sl-1643218,4898009,Basheer Jihad,2003-12-13,mens-college-basketball,exact,pending,
ben humrichous,Ben Humrichous,sl-row,sl-1643750,5177736,Ben Humrichous,2002-07-28,mens-college-basketball,exact,pending,
ben middlebrooks,Ben Middlebrooks,sl-row,sl-1643756,4684998,Ben Middlebrooks,2002-10-16,mens-college-basketball,exact,pending,
bennett stirtz,Bennett Stirtz,sl-row+dynasty-rookie,sl-1642892,5241364,Bennett Stirtz,2003-10-03,mens-college-basketball,exact,pending,
bogoljub markovic,Bogoljub Marković,sl-row,sl-1642881,5214989,Bogoljub Markovic,2005-07-12,nba,exact,pending,
boo buie,Boo Buie,sl-row,sl-1642486,4592712,Boo Buie,1999-12-07,mens-college-basketball,exact,pending,
boopie miller,Boopie Miller,sl-row,sl-1643634,4898283,Boopie Miller,2003-05-01,mens-college-basketball,exact,pending,
braden smith,Braden Smith,sl-row+dynasty-rookie,sl-1643552,5105854,Braden Smith,2003-07-25,mens-college-basketball,exact,pending,
brandon angel,Brandon Angel,sl-row,sl-1643109,4590354,Brandon Angel,2001-10-27,mens-college-basketball,exact,pending,
brayden burries,Brayden Burries,sl-row+dynasty-rookie,sl-1643415,5082206,Brayden Burries,2005-09-18,mens-college-basketball,exact,pending,
brendan hausen,Brendan Hausen,sl-row,sl-1643722,5105589,Brendan Hausen,2004-07-06,mens-college-basketball,exact,pending,
brice williams,Brice Williams,sl-row,sl-1642924,4592843,Brice Williams,2001-07-05,mens-college-basketball,exact,pending,
bruce thornton,Bruce Thornton,sl-row+dynasty-rookie,sl-1643570,5105837,Bruce Thornton,2003-09-14,mens-college-basketball,exact,pending,
bryce harris,Bryce Harris,sl-row,sl-27917,,,,,multiple,pending,"2 athletes share this name — pick one: 4897768 (2002-05-02, mens-college-basketball) | 5182422 (no dob, mens-college-basketball)"
bryce hopkins,Bryce Hopkins,sl-row+dynasty-rookie,sl-1643624,4565698,Bryce Hopkins,2002-09-07,mens-college-basketball,exact,pending,duplicate name resolved by roster DOB 2002-09-07
bryce thompson,Bryce Thompson,sl-row,sl-1643298,,,,,multiple,pending,"2 athletes share this name — pick one: 4432200 (2002-02-26, mens-college-basketball) | 4404464 (no dob, mens-college-basketball)"
caleb grill,Caleb Grill,sl-row,sl-1642934,4431973,Caleb Grill,2000-06-15,mens-college-basketball,exact,pending,
caleb wilson,Caleb Wilson,sl-row+dynasty-rookie,sl-1643410,5095151,Caleb Wilson,2006-07-18,mens-college-basketball,exact,pending,duplicate name resolved by roster DOB 2006-07-18
cam carter,Cam Carter,sl-row,sl-1643064,4898380,Cam Carter,2003-03-17,mens-college-basketball,exact,pending,
cameron boozer,Cameron Boozer,sl-row+dynasty-rookie,sl-1643409,5041935,Cameron Boozer,2007-07-18,mens-college-basketball,exact,pending,duplicate name resolved by roster DOB 2007-07-18
cameron carr,Cameron Carr,sl-row+dynasty-rookie,sl-1643418,5113969,Cameron Carr,2004-11-21,mens-college-basketball,exact,pending,duplicate name resolved by roster DOB 2004-11-21
cameron corhen,Cameron Corhen,sl-row,sl-1643723,4712902,Cameron Corhen,2004-05-01,mens-college-basketball,exact,pending,
cameron hildreth,Cameron Hildreth,sl-row,sl-1643160,4696316,Cameron Hildreth,2002-09-18,mens-college-basketball,exact,pending,
cameron matthews,Cameron Matthews,sl-row,sl-1643069,4432394,Cameron Matthews,2001-12-23,mens-college-basketball,exact,pending,
carson cooper,Carson Cooper,sl-row,sl-1643721,5105817,Carson Cooper,2004-04-09,mens-college-basketball,exact,pending,
chance mcmillian,Chance McMillian,sl-row,sl-1642943,4702027,Chance McMillian,2001-12-12,mens-college-basketball,exact,pending,
charles bediako,Charles Bediako,sl-row,sl-1641777,4565203,Charles Bediako,2002-03-10,mens-college-basketball,exact,pending,
chase hunter,Chase Hunter,sl-row,sl-1642936,,,,,multiple,pending,"2 athletes share this name — pick one: 4592184 (2001-04-08, mens-college-basketball) | 4290877 (no dob, mens-college-basketball)"
chase ross,Chase Ross,sl-row,sl-1643732,5105598,Chase Ross,2003-02-07,mens-college-basketball,exact,pending,
chauncey wiggins,Chauncey Wiggins,sl-row,sl-1643734,5105448,Chauncey Wiggins,2005-02-07,mens-college-basketball,exact,pending,
chris bell,Chris Bell,sl-row,sl-1643645,4684627,Chris Bell,2003-02-16,mens-college-basketball,exact,pending,duplicate name resolved by roster DOB 2003-02-16
chris cenac,Chris Cenac Jr.,sl-row+dynasty-rookie,sl-1643416,5142621,Chris Cenac Jr.,2007-02-01,mens-college-basketball,exact,pending,
chris ledlum,Chris Ledlum,sl-row,sl-1643062,4431728,Chris Ledlum,2001-02-19,mens-college-basketball,exact,pending,
chris mantis,Chris Mantis,sl-row,sl-1643246,4897226,Chris Mantis,2002-10-05,mens-college-basketball,exact,pending,
christian anderson,Christian Anderson,sl-row+dynasty-rookie,sl-1643515,5060701,Christian Anderson,2006-04-02,mens-college-basketball,exact,pending,duplicate name resolved by roster DOB 2006-04-02
christian shumate,Christian Shumate,sl-row,sl-1643104,4701228,Christian Shumate,2002-07-24,mens-college-basketball,exact,pending,
christoph tilly,Christoph Tilly,sl-row,sl-1643754,5109790,Christoph Tilly,2003-01-28,mens-college-basketball,exact,pending,
coleman hawkins,Coleman Hawkins,sl-row,sl-1641746,4432976,Coleman Hawkins,2001-12-10,mens-college-basketball,exact,pending,
corey camper,Corey Camper Jr.,sl-row,sl-27933,5177690,Corey Camper Jr.,2003-04-17,mens-college-basketball,exact,pending,
corey stephenson,Corey Stephenson,sl-row,sl-1643654,5175759,Corey Stephenson,2004-05-05,mens-college-basketball,exact,pending,
dailyn swain,Dailyn Swain,sl-row+dynasty-rookie,sl-1643517,4848625,Dailyn Swain,2005-07-15,mens-college-basketball,exact,pending,duplicate name resolved by roster DOB 2005-07-15
dain dainja,Dain Dainja,sl-row,sl-1643120,4432189,Dain Dainja,2002-07-16,mens-college-basketball,exact,pending,
dajuan harris,Dajuan Harris,sl-row,sl-1643086,4431983,Dajuan Harris,2000-12-11,mens-college-basketball,exact,pending,
damari monsanto,Damari Monsanto,sl-row,sl-1643368,4432916,Damari Monsanto,2000-10-31,mens-college-basketball,exact,pending,
dane goodwin,Dane Goodwin,sl-row,sl-1641863,4395667,Dane Goodwin,1999-12-28,mens-college-basketball,exact,pending,
dante maddox,Dante Maddox Jr.,sl-row,sl-27940,,,,,multiple,pending,"2 athletes share this name — pick one: 4702487 (2002-01-15, mens-college-basketball) | 5264380 (no dob, mens-college-basketball)"
darin green,Darin Green Jr.,sl-row,sl-1642432,4593839,Darin Green Jr.,2001-01-15,mens-college-basketball,exact,pending,
darius acuff,Darius Acuff Jr.,sl-row+dynasty-rookie,sl-1643411,5142620,Darius Acuff Jr.,2006-11-16,mens-college-basketball,exact,pending,
darryn peterson,Darryn Peterson,sl-row+dynasty-rookie,sl-1643408,5041955,Darryn Peterson,2007-01-17,mens-college-basketball,exact,pending,
david muoka,David Muoka,sl-row,sl-1641987,4593762,David Muoka,2000-12-14,mens-college-basketball,exact,pending,
davide casarin,Davide Casarin,sl-row,sl-1643746,,,,,unresolved,pending,no ESPN athlete matched this name — set espn_id by hand and mark approved
day day thomas,Day Day Thomas,sl-row,sl-1643762,5175032,Day Day Thomas,2002-12-11,mens-college-basketball,exact,pending,
deivon smith,Deivon Smith,sl-row,sl-1643090,4433184,Deivon Smith,2002-03-08,mens-college-basketball,exact,pending,
devin askew,Devin Askew,sl-row,sl-1643653,4702467,Devin Askew,2003-07-26,mens-college-basketball,exact,pending,
devin mcglockton,Devin McGlockton,sl-row,sl-1643786,,,,,multiple,pending,"2 athletes share this name — pick one: 4791227 (2003-03-27, mens-college-basketball) | 5254343 (no dob, mens-college-basketball)"
devon higgs,Devon Higgs,sl-row,sl-1642045,4707776,Devon Higgs,,mens-college-basketball,exact,pending,
dillon mitchell,Dillon Mitchell,sl-row+dynasty-rookie,sl-1641759,5106283,Dillon Mitchell,2003-10-03,mens-college-basketball,exact,pending,
dion brown,Dion Brown,sl-row,sl-1643749,5107242,Dion Brown,2003-05-26,mens-college-basketball,exact,pending,duplicate name resolved by roster DOB 2003-05-26
dj steward,DJ Steward,sl-row,sl-1630569,4701231,DJ Steward,2001-10-02,mens-college-basketball,exact,pending,
dominique daniels,Dominique Daniels Jr.,sl-row,sl-1643737,5178207,Dominique Daniels Jr.,2002-10-24,mens-college-basketball,exact,pending,
donovan atwell,Donovan Atwell,sl-row,sl-1643615,5107355,Donovan Atwell,2003-01-01,mens-college-basketball,exact,pending,
drake allen,Drake Allen,sl-row,sl-27908,5105494,Drake Allen,2001-04-23,mens-college-basketball,exact,pending,
drew cisse,Drew Cisse,sl-row,sl-1642583,3157162,Drew Cisse,2001-01-10,mens-college-basketball,exact,pending,
duke brennan,Duke Brennan,sl-row,sl-1643748,,,,,multiple,pending,"2 athletes share this name — pick one: 4870569 (2003-04-06, mens-college-basketball) | 5193890 (no dob, mens-college-basketball)"
duke miles,Duke Miles,sl-row+dynasty-rookie,sl-1643575,4702049,Duke Miles,2002-02-03,mens-college-basketball,exact,pending,
dwight murray,Dwight Murray Jr.,sl-row,sl-1642605,4398029,Dwight Murray Jr.,2000-01-31,mens-college-basketball,exact,pending,
ebuka okorie,Ebuka Okorie,sl-row+dynasty-rookie,sl-1643536,5258459,Ebuka Okorie,2007-04-10,mens-college-basketball,exact,pending,
efe abogidi,Efe Abogidi,sl-row,sl-1631285,4702463,Efe Abogidi,2001-10-11,mens-college-basketball,exact,pending,
ej anosike,EJ Anosike,sl-row,sl-1641569,4279647,E.J. Anosike,,mens-college-basketball,exact,pending,
eli ndiaye,Eli Ndiaye,sl-row,sl-1642947,5144071,Eli Ndiaye,2004-06-26,nba,exact,pending,
elias ralph,Elias Ralph,sl-row,sl-27902,5240903,Elias Ralph,2003-10-23,mens-college-basketball,exact,pending,
elijah mahi,Elijah Mahi,sl-row,sl-27920,5241069,Elijah Mahi,2003-09-18,mens-college-basketball,exact,pending,
emanuel sharp,Emanuel Sharp,sl-row,sl-1643567,5106058,Emanuel Sharp,2004-03-07,mens-college-basketball,exact,pending,
eric dixon,Eric Dixon,sl-row,sl-1642915,4431718,Eric Dixon,2001-01-26,mens-college-basketball,exact,pending,
erik reynolds,Erik Reynolds II,sl-row,sl-1643115,4683952,Erik Reynolds II,2002-09-17,mens-college-basketball,exact,pending,
ernest udeh,"Ernest Udeh, Jr.",sl-row,sl-1643640,5106261,Ernest Udeh Jr.,2004-01-08,mens-college-basketball,exact,pending,
ezra ausar,Ezra Ausar,sl-row,sl-1643726,5106051,Ezra Ausar,2003-02-14,mens-college-basketball,exact,pending,
felix okpara,Felix Okpara,sl-row,sl-1643590,5105841,Felix Okpara,2004-04-20,mens-college-basketball,exact,pending,
fletcher loyer,Fletcher Loyer,sl-row,sl-1643630,5105853,Fletcher Loyer,2003-09-01,mens-college-basketball,exact,pending,
flynn cameron,Flynn Cameron,sl-row,sl-27905,,,,,multiple,pending,"2 athletes share this name — pick one: 4293886 (2000-06-03, mens-college-basketball) | 5168545 (no dob, nba)"
frankie fidler,Frankie Fidler,sl-row,sl-1643143,4897263,Frankie Fidler,2003-04-25,mens-college-basketball,exact,pending,
gabe madsen,Gabe Madsen,sl-row,sl-1643019,4432753,Gabe Madsen,2001-05-01,mens-college-basketball,exact,pending,
gabe mcglothan,Gabe McGlothan,sl-row,sl-1642440,4398356,Gabe McGlothan,1999-03-03,mens-college-basketball,exact,pending,
gerald ayayi,Gerald Ayayi,sl-row,sl-27950,,,,,unresolved,pending,no ESPN athlete matched this name — set espn_id by hand and mark approved
giovanni emejuru,Giovanni Emejuru,sl-row,sl-1643757,4896939,Giovanni Emejuru,2002-12-21,mens-college-basketball,exact,pending,
graham ike,Graham Ike,sl-row,sl-1643633,4703396,Graham Ike,2002-08-03,mens-college-basketball,exact,pending,
guillermo diaz-graham,Guillermo Diaz-Graham,sl-row,sl-1643678,,,,,unresolved,pending,no ESPN athlete matched this name — set espn_id by hand and mark approved
hank morgan,Hank Morgan,sl-row,sl-1643264,,,,,unresolved,pending,no ESPN athlete matched this name — set espn_id by hand and mark approved
hannes steinbach,Hannes Steinbach,sl-row+dynasty-rookie,sl-1643419,5281370,Hannes Steinbach,2006-05-01,mens-college-basketball,exact,pending,
harry wessels,Harry Wessels,sl-row,sl-1643725,5105418,Harry Wessels,2002-08-06,mens-college-basketball,exact,pending,
henri veesaar,Henri Veesaar,sl-row+dynasty-rookie,sl-1643539,5105571,Henri Veesaar,2004-03-28,mens-college-basketball,exact,pending,
houston mallette,Houston Mallette,sl-row,sl-1643744,4709141,Houston Mallette,2003-04-09,mens-college-basketball,exact,pending,
hyunjung lee,Hyunjung Lee,sl-row,sl-1631253,4592308,Hyunjung Lee,2000-10-23,mens-college-basketball,exact,pending,
ian martinez,Ian Martinez,sl-row,sl-1643703,4601026,Ian Martinez,2001-07-24,mens-college-basketball,exact,pending,
ian schieffelin,Ian Schieffelin,sl-row,sl-27894,4693954,Ian Schieffelin,2003-03-01,mens-college-basketball,exact,pending,
igor milicic,Igor Milicic Jr.,sl-row,sl-1642945,4897404,Igor Milicic Jr.,2002-08-27,mens-college-basketball,exact,pending,
isaac johnson,Isaac Johnson,sl-row,sl-27938,,,,,multiple,pending,"5 athletes share this name — pick one: 4898118 (2000-07-23, mens-college-basketball) | 5186841 (no dob, mens-college-basketball) | 5189619 (no dob, mens-college-basketball) | 4067770 (no dob, mens-college-basketball) | 5119287 (no dob, mens-college-basketball)"
isaac mckneely,Isaac McKneely,sl-row,sl-1643724,4712845,Isaac McKneely,2003-11-10,mens-college-basketball,exact,pending,
isaiah evans,Isaiah Evans,sl-row+dynasty-rookie,sl-1642912,5061585,Isaiah Evans,2005-12-06,mens-college-basketball,exact,pending,
izaiyah nelson,Izaiyah Nelson,sl-row,sl-1643593,5107251,Izaiyah Nelson,2003-10-01,mens-college-basketball,exact,pending,
jvonne hadley,J'Vonne Hadley,sl-row,sl-1643727,4702784,J'Vonne Hadley,2002-04-03,mens-college-basketball,exact,pending,
jakobi gillespie,Ja'Kobi Gillespie,sl-row,sl-1643551,5107968,Ja'Kobi Gillespie,2004-03-10,mens-college-basketball,exact,pending,
javier francis,Ja'Vier Francis,sl-row,sl-1643025,4684301,Ja'Vier Francis,2003-10-20,mens-college-basketball,exact,pending,
jabri abdur-rahim,Jabri Abdur-Rahim,sl-row,sl-1642925,4432191,Jabri Abdur-Rahim,2002-03-22,mens-college-basketball,exact,pending,
jacari white,Jacari White,sl-row,sl-1643733,,,,,multiple,pending,"2 athletes share this name — pick one: 5107274 (2003-06-11, mens-college-basketball) | 5183763 (no dob, mens-college-basketball)"
jack clark,Jack Clark,sl-row,sl-1643147,4397152,Jack Clark,2000-02-14,mens-college-basketball,exact,pending,
jack kayil,Jack Kayil,sl-row+dynasty-rookie,sl-1643583,5234862,Jack Kayil,2006-01-27,nba,exact,pending,
jacksen moni,Jacksen Moni,sl-row,sl-1642946,5241639,Jacksen Moni,2003-02-20,mens-college-basketball,exact,pending,
jaden akins,Jaden Akins,sl-row,sl-1643022,4683730,Jaden Akins,2003-02-25,mens-college-basketball,exact,pending,
jaden bradley,Jaden Bradley,sl-row,sl-1643558,4432737,Jaden Bradley,2003-09-14,mens-college-basketball,exact,pending,
jaden henley,Jaden Henley,sl-row,sl-1643623,5105821,Jaden Henley,2004-04-24,mens-college-basketball,exact,pending,
jake stephens,Jake Stephens,sl-row,sl-1641868,,,,,multiple,pending,"2 athletes share this name — pick one: 4398257 (1999-11-05, mens-college-basketball) | 65518 (no dob, mens-college-basketball)"
jalen celestine,Jalen Celestine,sl-row,sl-1643719,4598611,Jalen Celestine,2001-12-20,mens-college-basketball,exact,pending,
jalen warley,Jalen Warley,sl-row,sl-1643793,4683147,Jalen Warley,2003-02-09,mens-college-basketball,exact,pending,
jalen washington,Jalen Washington,sl-row,sl-1643783,,,,,multiple,pending,"2 athletes share this name — pick one: 4433625 (2003-06-21, mens-college-basketball) | 61921 (1993-04-21, mens-college-basketball)"
jalon moore,Jalon Moore,sl-row,sl-1642922,4701819,Jalon Moore,2003-04-10,mens-college-basketball,exact,pending,
jamarion sharp,Jamarion Sharp,sl-row+dynasty-rookie,sl-1642481,4897696,Jamarion Sharp,2001-08-26,mens-college-basketball,exact,pending,
jameer nelson,Jameer Nelson Jr.,sl-row,sl-1642392,4592444,Jameer Nelson Jr.,2001-08-07,mens-college-basketball,exact,pending,
jaron pierre,Jaron Pierre Jr.,sl-row,sl-1643555,4703115,Jaron Pierre Jr.,2002-07-12,mens-college-basketball,exact,pending,
javontae campbell,Javontae Campbell,sl-row,sl-27935,5242560,Javontae Campbell,2004-05-26,mens-college-basketball,exact,pending,
jaxon kohler,Jaxon Kohler,sl-row,sl-1643629,5105815,Jaxon Kohler,2003-06-17,mens-college-basketball,exact,pending,
jaxson robinson,Jaxson Robinson,sl-row,sl-1642283,4702528,Jaxson Robinson,2002-12-03,mens-college-basketball,exact,pending,
jayden nunn,Jayden Nunn,sl-row,sl-1643070,4896614,Jayden Nunn,2003-05-07,mens-college-basketball,exact,pending,
jayden quaintance,Jayden Quaintance,dynasty-rookie,,5101845,Jayden Quaintance,2007-07-11,mens-college-basketball,exact,pending,
jaylin sellers,Jaylin Sellers,sl-row+dynasty-rookie,sl-1643637,4898010,Jaylin Sellers,2003-06-03,mens-college-basketball,exact,pending,
jestin porter,Jestin Porter,sl-row,sl-1643720,5106880,Jestin Porter,2002-03-05,mens-college-basketball,exact,pending,
jevon porter,Jevon Porter,sl-row,sl-1643652,4684798,Jevon Porter,2003-06-27,mens-college-basketball,exact,pending,
john camden,John Camden,sl-row,sl-1643655,4684155,John Camden,2002-06-27,mens-college-basketball,exact,pending,
john ukomadu,John Ukomadu,sl-row,sl-1642578,5106708,John Ukomadu,2001-10-30,mens-college-basketball,exact,pending,
johnell davis,Johnell Davis,sl-row,sl-1641785,4702655,Johnell Davis,2001-05-23,mens-college-basketball,exact,pending,
jon elmore,Jon Elmore,sl-row,sl-1631399,3155937,Jon Elmore,1995-12-20,mens-college-basketball,exact,pending,
jonas aidoo,Jonas Aidoo,sl-row,sl-1643265,4684682,Jonas Aidoo,2002-12-10,mens-college-basketball,exact,pending,
jordan riley,Jordan Riley,sl-row,sl-1643740,,,,,multiple,pending,"4 athletes share this name — pick one: 4683942 (2003-02-02, mens-college-basketball) | 60446 (no dob, mens-college-basketball) | 2611030 (no dob, mens-college-basketball) | 4908651 (no dob, mens-college-basketball)"
jorge diaz-graham,Jorge Diaz-Graham,sl-row,sl-1643679,,,,,unresolved,pending,no ESPN athlete matched this name — set espn_id by hand and mark approved
josh dix,Josh Dix,sl-row,sl-1643717,5105800,Josh Dix,2004-06-29,mens-college-basketball,exact,pending,
joshua jefferson,Joshua Jefferson,sl-row+dynasty-rookie,sl-1643538,4870564,Joshua Jefferson,2003-11-21,mens-college-basketball,exact,pending,
josiah allick,Josiah Allick,sl-row,sl-1643251,4593968,Josiah Allick,2001-06-02,mens-college-basketball,exact,pending,
justin harmon,Justin Harmon,sl-row,sl-1642640,4896970,Justin Harmon,2001-08-30,mens-college-basketball,exact,pending,
kaodirichi akobundu-ehiogu,Kaodirichi Akobundu-Ehiogu,sl-row,sl-1643076,4403467,Kaodirichi Akobundu-Ehiogu,1999-10-07,mens-college-basketball,exact,pending,
karim lopez,Karim Lopez,sl-row+dynasty-rookie,sl-1643510,5231919,Karim Lopez,2007-04-12,nba,exact,pending,
keaton wagler,Keaton Wagler,sl-row+dynasty-rookie,sl-1643413,5254165,Keaton Wagler,2007-02-03,mens-college-basketball,exact,pending,
keba keita,Keba Keita,sl-row,sl-1643627,5105647,Keba Keita,2003-08-20,mens-college-basketball,exact,pending,
keith palek,Keith Palek III,sl-row,sl-27945,5313696,Keith Palek III,2003-06-01,mens-college-basketball,exact,pending,
keyshawn bryant,Keyshawn Bryant,sl-row,sl-1641990,4396951,Keyshawn Bryant,1999-09-30,mens-college-basketball,exact,pending,
keyshawn hall,Keyshawn Hall,sl-row,sl-1643545,5075625,Keyshawn Hall,2003-04-09,mens-college-basketball,exact,pending,
kingston flemings,Kingston Flemings,sl-row+dynasty-rookie,sl-1643412,5149077,Kingston Flemings,2007-01-03,mens-college-basketball,exact,pending,
koa peat,Koa Peat,sl-row+dynasty-rookie,sl-1643520,5041953,Koa Peat,2007-01-20,mens-college-basketball,exact,pending,
kobe johnson,Kobe Johnson,sl-row,sl-1642937,,,,,multiple,pending,"2 athletes share this name — pick one: 4683857 (2003-01-15, mens-college-basketball) | 4686333 (no dob, mens-college-basketball)"
kobe knox,Kobe Knox,sl-row,sl-1643628,4896884,Kobe Knox,2002-07-26,mens-college-basketball,exact,pending,
kobe stewart,Kobe Stewart,sl-row,sl-1643225,4702196,Kobe Stewart,2002-07-22,mens-college-basketball,exact,pending,
kowacie reeves,Kowacie Reeves Jr.,sl-row,sl-1643636,4683757,Kowacie Reeves Jr.,2003-01-31,mens-college-basketball,exact,pending,
kuany kuany,Kuany Kuany,sl-row,sl-1643771,3082048,Kuany Kuany,1994-07-08,mens-college-basketball,exact,pending,
kylan boswell,Kylan Boswell,sl-row,sl-1643573,4684269,Kylan Boswell,2005-04-18,mens-college-basketball,exact,pending,
kyle mangas,Kyle Mangas,sl-row,sl-1630667,5184021,Kyle Mangas,1999-04-08,nba,exact,pending,
labaron philon,Labaron Philon Jr.,sl-row+dynasty-rookie,sl-1642889,4873090,Labaron Philon Jr.,2005-11-24,mens-college-basketball,exact,pending,
lajae jones,Lajae Jones,sl-row,sl-1643650,5108969,Lajae Jones,2004-05-21,mens-college-basketball,exact,pending,
lamar wilkerson,Lamar Wilkerson,sl-row,sl-1643566,5105876,Lamar Wilkerson,2001-11-17,mens-college-basketball,exact,pending,
lance ware,Lance Ware,sl-row,sl-1643095,4433152,Lance Ware,2002-02-08,mens-college-basketball,exact,pending,
langston wilson,Langston Wilson,sl-row,sl-27947,4898376,Langston Wilson,2000-04-11,mens-college-basketball,exact,pending,
latavious mitchell,Latavious Mitchell,sl-row,sl-27909,5190857,Latavious Mitchell,2002-10-19,mens-college-basketball,exact,pending,
latrell wrightsell,Latrell Wrightsell Jr.,sl-row,sl-27913,4702484,Latrell Wrightsell Jr.,2002-05-18,mens-college-basketball,exact,pending,
lucas dufeal,Lucas Dufeal,sl-row,sl-27769,,,,,unresolved,pending,no ESPN athlete matched this name — set espn_id by hand and mark approved
luke goode,Luke Goode,sl-row,sl-1643210,4683743,Luke Goode,2002-08-24,mens-college-basketball,exact,pending,
mj iraldi,M.J. Iraldi,sl-row,sl-1643161,,,,,unresolved,pending,no ESPN athlete matched this name — set espn_id by hand and mark approved
malik dia,Malik Dia,sl-row,sl-1643738,4712862,Malik Dia,2004-02-04,mens-college-basketball,exact,pending,
malik reneau,Malik Reneau,sl-row,sl-1643562,5105798,Malik Reneau,2003-04-01,mens-college-basketball,exact,pending,
malik thomas,Malik Thomas,sl-row,sl-27930,,,,,multiple,pending,"3 athletes share this name — pick one: 4683758 (2002-02-04, mens-college-basketball) | 51096 (1992-04-22, mens-college-basketball) | 46965 (1991-03-08, mens-college-basketball)"
maliq brown,Maliq Brown,sl-row+dynasty-rookie,sl-1643576,5105337,Maliq Brown,2003-11-15,mens-college-basketball,exact,pending,
malique lewis,Malique Lewis,sl-row,sl-1641831,5184016,Malique Lewis,2004-11-10,nba,exact,pending,
mark mitchell,Mark Mitchell Jr.,sl-row,sl-1643574,4433285,Mark Mitchell Jr.,2003-09-01,mens-college-basketball,exact,pending,
marquel sutton,Marquel Sutton,sl-row,sl-27903,5107264,Marquel Sutton,2003-01-11,mens-college-basketball,exact,pending,
matt cleveland,Matt Cleveland,sl-row,sl-1642888,,,,,unresolved,pending,no ESPN athlete matched this name — set espn_id by hand and mark approved
matt rogers,Matt Rogers,sl-row,sl-27941,,,,,multiple,pending,"2 athletes share this name — pick one: 4575108 (2002-04-12, mens-college-basketball) | 55620 (no dob, mens-college-basketball)"
matthew murrell,Matthew Murrell,sl-row,sl-1641802,4702442,Matthew Murrell,2001-12-19,mens-college-basketball,exact,pending,
max abmas,Max Abmas,sl-row,sl-1630546,4432932,Max Abmas,2001-04-02,mens-college-basketball,exact,pending,
max mackinnon,Max Mackinnon,sl-row,sl-27912,5105785,Max Mackinnon,2003-10-09,mens-college-basketball,exact,pending,
meechie johnson,Meechie Johnson,sl-row,sl-1641800,4710770,Meechie Johnson,2002-09-21,mens-college-basketball,exact,pending,
meleek thomas,Meleek Thomas,sl-row+dynasty-rookie,sl-1643509,5041951,Meleek Thomas,2006-08-06,mens-college-basketball,exact,pending,
melvin council,Melvin Council Jr.,sl-row,sl-1643596,5177301,Melvin Council Jr.,2002-04-23,mens-college-basketball,exact,pending,
micah handlogten,Micah Handlogten,sl-row,sl-1643752,5108992,Micah Handlogten,2003-12-17,mens-college-basketball,exact,pending,
michael ajayi,Michael Ajayi,sl-row,sl-1642369,5176517,Michael Ajayi,2003-05-23,mens-college-basketball,exact,pending,
mike sharavjamts,Mike Sharavjamts,sl-row,sl-1641814,5105875,Mike Sharavjamts,2002-01-01,mens-college-basketball,exact,pending,
mikel brown,Mikel Brown Jr.,sl-row+dynasty-rookie,sl-1643414,5101761,Mikel Brown Jr.,2006-04-03,mens-college-basketball,exact,pending,
miles barnstable,Miles Barnstable,sl-row,sl-1643709,5241411,Miles Barnstable,2004-02-18,mens-college-basketball,exact,pending,
miller kopp,Miller Kopp,sl-row,sl-1642046,4397231,Miller Kopp,1998-11-24,mens-college-basketball,exact,pending,
milos uzan,Milos Uzan,sl-row,sl-1642870,5106272,Milos Uzan,2002-12-26,mens-college-basketball,exact,pending,
mitch mascari,Mitch Mascari,sl-row,sl-1643112,5241365,Mitch Mascari,2000-08-21,mens-college-basketball,exact,pending,
mo amini,Mo Amini,sl-row,sl-1643735,,,,,unresolved,pending,no ESPN athlete matched this name — set espn_id by hand and mark approved
morez johnson,Morez Johnson,sl-row+dynasty-rookie,sl-1643516,4873153,Morez Johnson Jr.,2006-01-25,mens-college-basketball,exact,pending,
mylik wilson,Mylik Wilson,sl-row,sl-1643071,4432902,Mylik Wilson,2000-09-20,mens-college-basketball,exact,pending,
nate ament,Nate Ament,sl-row+dynasty-rookie,sl-1643417,5164559,Nate Ament,2006-12-10,mens-college-basketball,exact,pending,
nate bittle,Nate Bittle,sl-row,sl-1642927,4432586,Nate Bittle,2003-06-03,mens-college-basketball,exact,pending,
nate johnson,Nate Johnson,sl-row,sl-27919,4898278,Nate Johnson,2003-06-16,mens-college-basketball,exact,pending,duplicate name resolved by roster DOB 2003-06-16
nate kingz,Nate Kingz,sl-row,sl-1643729,5240882,Nate Kingz,2002-11-14,mens-college-basketball,exact,pending,
nate mensah,Nate Mensah,sl-row,sl-1641877,,,,,multiple,pending,"3 athletes share this name — pick one: 4397371 (1998-04-09, mens-college-basketball) | 40957 (no dob, mens-college-basketball) | 39480 (no dob, mens-college-basketball)"
nate santos,Nate Santos,sl-row,sl-1642957,4433585,Nate Santos,2001-11-09,mens-college-basketball,exact,pending,
nick boyd,Nick Boyd,sl-row,sl-1643592,4702654,Nick Boyd,2001-04-23,mens-college-basketball,exact,pending,duplicate name resolved by roster DOB 2001-04-23
nick jourdain,Nick Jourdain,sl-row,sl-1643100,4701221,Nick Jourdain,2000-06-29,mens-college-basketball,exact,pending,
nick martinelli,Nick Martinelli,sl-row,sl-1643568,5105832,Nick Martinelli,2004-04-20,mens-college-basketball,exact,pending,
nick pringle,Nick Pringle,sl-row,sl-1643761,4703887,Nick Pringle,2001-09-16,mens-college-basketball,exact,pending,
nick townsend,Nick Townsend,sl-row,sl-27942,5107174,Nick Townsend,2004-10-23,mens-college-basketball,exact,pending,
nimari burnett,Nimari Burnett,sl-row,sl-1643718,4433138,Nimari Burnett,2001-12-20,mens-college-basketball,exact,pending,
norris agbakoko,Norris Agbakoko,sl-row,sl-1643755,,,,,unresolved,pending,no ESPN athlete matched this name — set espn_id by hand and mark approved
orlando thomas,Orlando Thomas,sl-row,sl-27910,5261705,Orlando Thomas,2003-09-09,mens-college-basketball,exact,pending,
osayi osifo,Osayi Osifo,sl-row,sl-1642563,4702251,Osayi Osifo,2000-04-06,mens-college-basketball,exact,pending,
oscar cluff,Oscar Cluff,sl-row,sl-1643745,5174973,Oscar Cluff,2001-11-22,mens-college-basketball,exact,pending,
oziyah sellers,Oziyah Sellers,sl-row,sl-27946,5105642,Oziyah Sellers,2003-07-28,mens-college-basketball,exact,pending,
peter suder,Peter Suder,sl-row,sl-1643614,5106674,Peter Suder,2003-07-29,mens-college-basketball,exact,pending,
quadir copeland,Quadir Copeland,sl-row+dynasty-rookie,sl-1643595,4683860,Quadir Copeland,2003-09-01,mens-college-basketball,exact,pending,
rafael castro,Rafael Castro,sl-row+dynasty-rookie,sl-1643572,,,,,multiple,pending,"2 athletes share this name — pick one: 4684443 (2003-03-30, mens-college-basketball) | 5367349 (2003-03-30, nba)"
rashaun agee,Rashaun Agee,sl-row,sl-27914,4593815,Rashaun Agee,2000-11-02,mens-college-basketball,exact,pending,
reed bailey,Reed Bailey,sl-row,sl-1643651,5105865,Reed Bailey,2002-10-02,mens-college-basketball,exact,pending,
richie saunders,Richie Saunders,dynasty-rookie,,5105462,Richie Saunders,2001-09-19,mens-college-basketball,exact,pending,
rienk mast,Rienk Mast,sl-row,sl-1643792,4592677,Rienk Mast,2001-07-19,mens-college-basketball,exact,pending,
riley kugel,Riley Kugel,sl-row,sl-1643788,5105529,Riley Kugel,2003-11-30,mens-college-basketball,exact,pending,
rj davis,RJ Davis,sl-row,sl-1642930,4433176,RJ Davis,2001-10-21,mens-college-basketball,exact,pending,
rj melendez,RJ Melendez,sl-row,sl-1643153,4683738,RJ Melendez,2002-12-03,mens-college-basketball,exact,pending,
rj nembhard,RJ Nembhard Jr.,sl-row,sl-1630612,4277916,RJ Nembhard Jr.,1999-03-22,mens-college-basketball,exact,pending,
robbie avila,Robbie Avila,sl-row,sl-1643760,4917097,Robbie Avila,2003-09-10,mens-college-basketball,exact,pending,
robert mccray v,Robert McCray V,sl-row,sl-1643597,4685802,Robert McCray V,2002-09-26,mens-college-basketball,exact,pending,
roddy gayle,Roddy Gayle Jr.,sl-row,sl-1643550,5105836,Roddy Gayle Jr.,2003-07-23,mens-college-basketball,exact,pending,
ryan conwell,Ryan Conwell,sl-row+dynasty-rookie,sl-1643553,5107157,Ryan Conwell,2004-06-15,mens-college-basketball,exact,pending,duplicate name resolved by roster DOB 2004-06-15
rylan griffen,Rylan Griffen,sl-row,sl-27922,4683682,Rylan Griffen,2003-12-19,mens-college-basketball,exact,pending,
saint thomas,Saint Thomas,sl-row,sl-1643148,4897471,Saint Thomas,2003-05-01,mens-college-basketball,exact,pending,
sam alexis,Sam Alexis,sl-row,sl-27916,5107375,Sam Alexis,2004-10-14,mens-college-basketball,exact,pending,
sam hoiberg,Sam Hoiberg,sl-row,sl-27932,4897432,Sam Hoiberg,2003-03-21,mens-college-basketball,exact,pending,
sean east,Sean East II,sl-row,sl-1642398,4592453,Sean East II,1999-11-17,mens-college-basketball,exact,pending,
sergio de larrea,Sergio de Larrea,sl-row+dynasty-rookie,sl-1643547,5279129,Sergio de Larrea,2005-12-04,nba,exact,pending,
seth trimble,Seth Trimble,sl-row,sl-1643579,4712836,Seth Trimble,2004-08-09,mens-college-basketball,exact,pending,duplicate name resolved by roster DOB 2004-08-09
solomon washington,Solomon Washington,sl-row,sl-1643741,5105562,Solomon Washington,2002-12-15,mens-college-basketball,exact,pending,
steven ashworth,Steven Ashworth,sl-row,sl-1643094,4701991,Steven Ashworth,2000-05-11,mens-college-basketball,exact,pending,
steven crowl,Steven Crowl,sl-row,sl-1643080,4588201,Steven Crowl,2001-07-01,mens-college-basketball,exact,pending,
stevie mitchell,Stevie Mitchell,sl-row,sl-1643266,4683840,Stevie Mitchell,2003-01-29,mens-college-basketball,exact,pending,
tamar bates,Tamar Bates,sl-row,sl-1642926,4683933,Tamar Bates,2003-02-21,mens-college-basketball,exact,pending,
tamin lipsey,Tamin Lipsey,sl-row,sl-1643565,5106254,Tamin Lipsey,2003-06-25,mens-college-basketball,exact,pending,
tarris reed,Tarris Reed Jr.,sl-row+dynasty-rookie,sl-1643542,5105809,Tarris Reed Jr.,2003-08-05,mens-college-basketball,exact,pending,
taye fields,Taye Fields,sl-row,sl-27936,5239799,Taye Fields,2003-07-16,mens-college-basketball,exact,pending,
terrell brown,Terrell Brown Jr.,sl-row,sl-1631474,4395997,Terrell Brown Jr.,1998-04-23,mens-college-basketball,exact,pending,
themus fulks,Themus Fulks,sl-row,sl-1643787,4704078,Themus Fulks,2001-09-13,mens-college-basketball,exact,pending,
tj bamba,TJ Bamba,sl-row,sl-1643106,4596365,TJ Bamba,2001-01-06,mens-college-basketball,exact,pending,
tobe awaka,Tobe Awaka,sl-row,sl-1643591,5105555,Tobe Awaka,2004-01-30,mens-college-basketball,exact,pending,
tobi lawal,Tobi Lawal,sl-row,sl-1643588,5106040,Tobi Lawal,2003-05-01,mens-college-basketball,exact,pending,
tramon mark,Tramon Mark,sl-row,sl-1643649,4432243,Tramon Mark,2001-09-30,mens-college-basketball,exact,pending,
tre carroll,Tre Carroll,sl-row,sl-1643736,4684289,Tre Carroll,2003-04-16,mens-college-basketball,exact,pending,
tre donaldson,Tre Donaldson,sl-row,sl-1643621,4837356,Tre Donaldson,2003-12-11,mens-college-basketball,exact,pending,
tre holloman,Tre Holloman,sl-row,sl-27907,5105816,Tre Holloman,2003-12-09,mens-college-basketball,exact,pending,
tre white,Tre White,sl-row+dynasty-rookie,sl-1643559,5105643,Tre White,2003-01-28,mens-college-basketball,exact,pending,
trevon spillers,Tre'Von Spillers,sl-row,sl-27915,5176758,Tre'Von Spillers,2002-02-14,mens-college-basketball,exact,pending,
trevon brazile,Trevon Brazile,sl-row+dynasty-rookie,sl-1642350,4698719,Trevon Brazile,2003-01-07,mens-college-basketball,exact,pending,
trey kaufman-renn,Trey Kaufman-Renn,sl-row,sl-1643626,4897438,Trey Kaufman-Renn,2002-08-19,mens-college-basketball,exact,pending,
treysen eaglestaff,Treysen Eaglestaff,sl-row,sl-27943,5107287,Treysen Eaglestaff,2004-06-13,mens-college-basketball,exact,pending,
tucker devries,Tucker DeVries,sl-row,sl-1643620,4837238,Tucker DeVries,2002-12-07,mens-college-basketball,exact,pending,
tyler bilodeau,Tyler Bilodeau,sl-row,sl-1643548,5105626,Tyler Bilodeau,2004-04-17,mens-college-basketball,exact,pending,
tyler nickel,Tyler Nickel,sl-row,sl-1643589,4838721,Tyler Nickel,2003-09-05,mens-college-basketball,exact,pending,
tyon grant-foster,Tyon Grant-Foster,sl-row,sl-1642360,4700527,Tyon Grant-Foster,2000-03-05,mens-college-basketball,exact,pending,
tyreke key,Tyreke Key,sl-row,sl-1642615,4279143,Tyreke Key,1998-10-29,mens-college-basketball,exact,pending,
tyson degenhart,Tyson Degenhart,sl-row,sl-1643091,4898260,Tyson Degenhart,2002-10-13,mens-college-basketball,exact,pending,
ugonna onyenso,Ugonna Onyenso,sl-row+dynasty-rookie,sl-1642391,5037878,Ugonna Onyenso,2004-09-25,mens-college-basketball,exact,pending,
viktor lakhin,Viktor Lakhin,sl-row,sl-1642940,4701192,Viktor Lakhin,2001-07-30,mens-college-basketball,exact,pending,
vsevolod ishchenko,Vsevolod Ishchenko,sl-row,sl-1643585,5358755,Vsevolod Ishchenko,2005-02-10,nba,exact,pending,
will baker,Will Baker,sl-row,sl-1642475,,,,,multiple,pending,"2 athletes share this name — pick one: 4431691 (2000-12-31, mens-college-basketball) | 2329590 (no dob, mens-college-basketball)"
will johnston,Will Johnston,sl-row,sl-27944,,,,,multiple,pending,"2 athletes share this name — pick one: 5105481 (2001-01-01, mens-college-basketball) | 60966 (no dob, mens-college-basketball)"
william hickey,William Hickey,sl-row,sl-1643044,,,,,unresolved,pending,no ESPN athlete matched this name — set espn_id by hand and mark approved
william kyle,William Kyle III,sl-row,sl-1643759,5107258,William Kyle III,2004-03-01,mens-college-basketball,exact,pending,
wyatt fricks,Wyatt Fricks,sl-row,sl-27911,4897504,Wyatt Fricks,2002-11-17,mens-college-basketball,exact,pending,
xaivian lee,Xaivian Lee,sl-row,sl-1642406,5107169,Xaivian Lee,2004-03-12,mens-college-basketball,exact,pending,
yaxel lendeborg,Yaxel Lendeborg,sl-row+dynasty-rookie,sl-1642865,5175737,Yaxel Lendeborg,2002-09-30,mens-college-basketball,exact,pending,
zach cleveland,Zach Cleveland,sl-row,sl-1643617,5107069,Zach Cleveland,2004-03-12,mens-college-basketball,exact,pending,
zach freemantle,Zach Freemantle,sl-row,sl-1643021,4432869,Zach Freemantle,2000-10-18,mens-college-basketball,exact,pending,
zack austin,Zack Austin,sl-row,sl-1643113,4702099,Zack Austin,2001-08-11,mens-college-basketball,exact,pending,
zakai zeigler,Zakai Zeigler,sl-row,sl-1643040,4883573,Zakai Zeigler,2002-08-02,mens-college-basketball,exact,pending,
zeke mayo,Zeke Mayo,sl-row,sl-1643083,4897251,Zeke Mayo,2002-12-18,mens-college-basketball,exact,pending,
zuby ejiofor,Zuby Ejiofor,sl-row+dynasty-rookie,sl-1643544,5106262,Zuby Ejiofor,2004-04-20,mens-college-basketball,exact,pending,
